ISO-10303-21;
HEADER;
/* Generated by software containing ST-Developer
 * from STEP Tools, Inc. (www.steptools.com) 
 */

FILE_DESCRIPTION(
/* description */ (''),
/* implementation_level */ '2;1');

FILE_NAME(
/* name */ 'hackpad top.step',
/* time_stamp */ '2026-09-12T12:22:06-07:00',
/* author */ (''),
/* organization */ (''),
/* preprocessor_version */ 'ST-DEVELOPER v20.1',
/* originating_system */ 'Autodesk Translation Framework v15.8.0.0',
/* authorisation */ '');

FILE_SCHEMA (('AUTOMOTIVE_DESIGN { 1 0 10303 214 3 1 1 }'));
ENDSEC;

DATA;
#10=MECHANICAL_DESIGN_GEOMETRIC_PRESENTATION_REPRESENTATION('',(#13),#11421);
#11=SHAPE_REPRESENTATION_RELATIONSHIP('SRR','None',#11428,#12);
#12=ADVANCED_BREP_SHAPE_REPRESENTATION('',(#14),#11420);
#13=STYLED_ITEM('',(#11437),#14);
#14=MANIFOLD_SOLID_BREP('Body1',#6553);
#15=CIRCLE('',#6786,5.5);
#16=CIRCLE('',#6787,5.5);
#17=CIRCLE('',#6790,3.);
#18=CIRCLE('',#6791,5.5);
#19=CIRCLE('',#6792,3.);
#20=CIRCLE('',#6793,0.499999999999998);
#21=CIRCLE('',#6794,0.5);
#22=CIRCLE('',#6795,0.499999999999998);
#23=CIRCLE('',#6796,0.499999999999998);
#24=CIRCLE('',#6797,1.7);
#25=CIRCLE('',#6798,1.7);
#26=CIRCLE('',#6799,0.499999999999998);
#27=CIRCLE('',#6800,0.499999999999998);
#28=CIRCLE('',#6801,0.499999999999998);
#29=CIRCLE('',#6802,0.499999999999998);
#30=CIRCLE('',#6803,1.7);
#31=CIRCLE('',#6804,0.499999999999998);
#32=CIRCLE('',#6805,0.499999999999998);
#33=CIRCLE('',#6806,0.499999999999998);
#34=CIRCLE('',#6807,0.500000000000003);
#35=CIRCLE('',#6808,0.499999999999998);
#36=CIRCLE('',#6809,0.499999999999998);
#37=CIRCLE('',#6810,0.500000000000003);
#38=CIRCLE('',#6811,0.500000000000003);
#39=CIRCLE('',#6812,1.7);
#40=CIRCLE('',#6814,5.5);
#41=CIRCLE('',#6817,3.);
#42=CIRCLE('',#6819,3.);
#43=CIRCLE('',#6822,1.7);
#44=CIRCLE('',#6825,0.499999999999998);
#45=CIRCLE('',#6828,0.500000000000003);
#46=CIRCLE('',#6831,0.500000000000003);
#47=CIRCLE('',#6834,0.499999999999998);
#48=CIRCLE('',#6837,0.499999999999998);
#49=CIRCLE('',#6840,0.499999999999998);
#50=CIRCLE('',#6843,0.500000000000003);
#51=CIRCLE('',#6846,0.499999999999998);
#52=CIRCLE('',#6848,1.7);
#53=CIRCLE('',#6851,0.499999999999998);
#54=CIRCLE('',#6854,0.499999999999998);
#55=CIRCLE('',#6857,0.499999999999998);
#56=CIRCLE('',#6860,0.499999999999998);
#57=CIRCLE('',#6862,1.7);
#58=CIRCLE('',#6864,1.7);
#59=CIRCLE('',#6867,0.5);
#60=CIRCLE('',#6870,0.499999999999998);
#61=CIRCLE('',#6873,0.499999999999998);
#62=CIRCLE('',#6876,0.499999999999998);
#63=CYLINDRICAL_SURFACE('',#6785,5.5);
#64=CYLINDRICAL_SURFACE('',#6813,5.5);
#65=CYLINDRICAL_SURFACE('',#6816,3.);
#66=CYLINDRICAL_SURFACE('',#6818,3.);
#67=CYLINDRICAL_SURFACE('',#6821,1.7);
#68=CYLINDRICAL_SURFACE('',#6824,0.499999999999998);
#69=CYLINDRICAL_SURFACE('',#6827,0.500000000000003);
#70=CYLINDRICAL_SURFACE('',#6830,0.500000000000003);
#71=CYLINDRICAL_SURFACE('',#6833,0.499999999999998);
#72=CYLINDRICAL_SURFACE('',#6836,0.499999999999998);
#73=CYLINDRICAL_SURFACE('',#6839,0.499999999999998);
#74=CYLINDRICAL_SURFACE('',#6842,0.500000000000003);
#75=CYLINDRICAL_SURFACE('',#6845,0.499999999999998);
#76=CYLINDRICAL_SURFACE('',#6847,1.7);
#77=CYLINDRICAL_SURFACE('',#6850,0.499999999999998);
#78=CYLINDRICAL_SURFACE('',#6853,0.499999999999998);
#79=CYLINDRICAL_SURFACE('',#6856,0.499999999999998);
#80=CYLINDRICAL_SURFACE('',#6859,0.499999999999998);
#81=CYLINDRICAL_SURFACE('',#6861,1.7);
#82=CYLINDRICAL_SURFACE('',#6863,1.7);
#83=CYLINDRICAL_SURFACE('',#6866,0.5);
#84=CYLINDRICAL_SURFACE('',#6869,0.499999999999998);
#85=CYLINDRICAL_SURFACE('',#6872,0.499999999999998);
#86=CYLINDRICAL_SURFACE('',#6875,0.499999999999998);
#87=FACE_BOUND('',#764,.T.);
#88=FACE_BOUND('',#807,.T.);
#89=FACE_BOUND('',#820,.T.);
#90=FACE_BOUND('',#833,.T.);
#91=FACE_BOUND('',#903,.T.);
#92=FACE_BOUND('',#927,.T.);
#93=FACE_BOUND('',#974,.T.);
#94=FACE_BOUND('',#987,.T.);
#95=FACE_BOUND('',#1006,.T.);
#96=FACE_BOUND('',#1007,.T.);
#97=FACE_BOUND('',#1008,.T.);
#98=FACE_BOUND('',#1009,.T.);
#99=FACE_BOUND('',#1010,.T.);
#100=FACE_BOUND('',#1011,.T.);
#101=FACE_BOUND('',#1012,.T.);
#102=FACE_BOUND('',#1013,.T.);
#103=FACE_BOUND('',#1061,.T.);
#104=FACE_BOUND('',#1062,.T.);
#105=FACE_BOUND('',#1063,.T.);
#106=FACE_BOUND('',#1064,.T.);
#107=FACE_BOUND('',#1065,.T.);
#108=FACE_BOUND('',#1066,.T.);
#109=FACE_BOUND('',#1067,.T.);
#110=FACE_BOUND('',#1068,.T.);
#111=FACE_BOUND('',#1069,.T.);
#112=FACE_BOUND('',#1070,.T.);
#113=FACE_BOUND('',#1071,.T.);
#114=FACE_BOUND('',#1072,.T.);
#115=FACE_BOUND('',#1073,.T.);
#116=FACE_BOUND('',#1074,.T.);
#117=FACE_BOUND('',#1075,.T.);
#118=FACE_BOUND('',#1076,.T.);
#119=FACE_BOUND('',#1077,.T.);
#120=FACE_BOUND('',#1078,.T.);
#121=FACE_BOUND('',#1079,.T.);
#122=FACE_BOUND('',#1080,.T.);
#123=FACE_BOUND('',#1081,.T.);
#124=FACE_BOUND('',#1082,.T.);
#125=FACE_BOUND('',#1083,.T.);
#126=FACE_BOUND('',#1084,.T.);
#127=FACE_BOUND('',#1085,.T.);
#128=FACE_BOUND('',#1086,.T.);
#129=FACE_BOUND('',#1087,.T.);
#130=FACE_BOUND('',#1088,.T.);
#131=FACE_BOUND('',#1089,.T.);
#132=FACE_BOUND('',#1090,.T.);
#133=FACE_BOUND('',#1091,.T.);
#134=B_SPLINE_CURVE_WITH_KNOTS('',3,(#8378,#8379,#8380,#8381,#8382),
 .UNSPECIFIED.,.F.,.F.,(4,1,4),(0.,0.02873014352611,0.0547057193383264),
 .UNSPECIFIED.);
#135=B_SPLINE_CURVE_WITH_KNOTS('',3,(#8386,#8387,#8388,#8389,#8390),
 .UNSPECIFIED.,.F.,.F.,(4,1,4),(0.,0.02873014352611,0.0547057193383264),
 .UNSPECIFIED.);
#136=B_SPLINE_CURVE_WITH_KNOTS('',3,(#8403,#8404,#8405,#8406,#8407),
 .UNSPECIFIED.,.F.,.F.,(4,1,4),(0.,0.0362390206573104,0.0686643084915313),
 .UNSPECIFIED.);
#137=B_SPLINE_CURVE_WITH_KNOTS('',3,(#8410,#8411,#8412,#8413,#8414),
 .UNSPECIFIED.,.F.,.F.,(4,1,4),(0.,0.0362390206573104,0.0686643084915313),
 .UNSPECIFIED.);
#138=B_SPLINE_CURVE_WITH_KNOTS('',3,(#8426,#8427,#8428,#8429,#8430),
 .UNSPECIFIED.,.F.,.F.,(4,1,4),(0.,0.0430970766281694,0.093496652500982),
 .UNSPECIFIED.);
#139=B_SPLINE_CURVE_WITH_KNOTS('',3,(#8433,#8434,#8435,#8436,#8437),
 .UNSPECIFIED.,.F.,.F.,(4,1,4),(0.,0.0430970766281694,0.093496652500982),
 .UNSPECIFIED.);
#140=B_SPLINE_CURVE_WITH_KNOTS('',3,(#8449,#8450,#8451,#8452,#8453),
 .UNSPECIFIED.,.F.,.F.,(4,1,4),(0.,0.0376377299448632,0.0765964350293645),
 .UNSPECIFIED.);
#141=B_SPLINE_CURVE_WITH_KNOTS('',3,(#8456,#8457,#8458,#8459,#8460),
 .UNSPECIFIED.,.F.,.F.,(4,1,4),(0.,0.0376377299448632,0.0765964350293645),
 .UNSPECIFIED.);
#142=B_SPLINE_CURVE_WITH_KNOTS('',3,(#8472,#8473,#8474,#8475,#8476),
 .UNSPECIFIED.,.F.,.F.,(4,1,4),(0.,0.0282227900583506,0.0579063915118991),
 .UNSPECIFIED.);
#143=B_SPLINE_CURVE_WITH_KNOTS('',3,(#8479,#8480,#8481,#8482,#8483),
 .UNSPECIFIED.,.F.,.F.,(4,1,4),(0.,0.0282227900583506,0.0579063915118991),
 .UNSPECIFIED.);
#144=B_SPLINE_CURVE_WITH_KNOTS('',3,(#8495,#8496,#8497,#8498,#8499),
 .UNSPECIFIED.,.F.,.F.,(4,1,4),(0.,0.0469335767119539,0.0753981756527145),
 .UNSPECIFIED.);
#145=B_SPLINE_CURVE_WITH_KNOTS('',3,(#8502,#8503,#8504,#8505,#8506),
 .UNSPECIFIED.,.F.,.F.,(4,1,4),(0.,0.0469335767119539,0.0753981756527145),
 .UNSPECIFIED.);
#146=B_SPLINE_CURVE_WITH_KNOTS('',3,(#8518,#8519,#8520,#8521,#8522),
 .UNSPECIFIED.,.F.,.F.,(4,1,4),(0.,0.0190617746037085,0.0503457485789495),
 .UNSPECIFIED.);
#147=B_SPLINE_CURVE_WITH_KNOTS('',3,(#8525,#8526,#8527,#8528,#8529),
 .UNSPECIFIED.,.F.,.F.,(4,1,4),(0.,0.0190617746037085,0.0503457485789495),
 .UNSPECIFIED.);
#148=B_SPLINE_CURVE_WITH_KNOTS('',3,(#8541,#8542,#8543,#8544,#8545),
 .UNSPECIFIED.,.F.,.F.,(4,1,4),(0.,0.0120307764574623,0.024159473462509),
 .UNSPECIFIED.);
#149=B_SPLINE_CURVE_WITH_KNOTS('',3,(#8548,#8549,#8550,#8551,#8552),
 .UNSPECIFIED.,.F.,.F.,(4,1,4),(0.,0.0120307764574623,0.024159473462509),
 .UNSPECIFIED.);
#150=B_SPLINE_CURVE_WITH_KNOTS('',3,(#8564,#8565,#8566,#8567,#8568),
 .UNSPECIFIED.,.F.,.F.,(4,1,4),(0.,0.0130794058534707,0.025908878717733),
 .UNSPECIFIED.);
#151=B_SPLINE_CURVE_WITH_KNOTS('',3,(#8571,#8572,#8573,#8574,#8575),
 .UNSPECIFIED.,.F.,.F.,(4,1,4),(0.,0.0130794058534707,0.025908878717733),
 .UNSPECIFIED.);
#152=B_SPLINE_CURVE_WITH_KNOTS('',3,(#8587,#8588,#8589,#8590,#8591),
 .UNSPECIFIED.,.F.,.F.,(4,1,4),(0.,0.0220372611299787,0.0381288424285131),
 .UNSPECIFIED.);
#153=B_SPLINE_CURVE_WITH_KNOTS('',3,(#8594,#8595,#8596,#8597,#8598),
 .UNSPECIFIED.,.F.,.F.,(4,1,4),(0.,0.0220372611299787,0.0381288424285131),
 .UNSPECIFIED.);
#154=B_SPLINE_CURVE_WITH_KNOTS('',3,(#8610,#8611,#8612,#8613,#8614),
 .UNSPECIFIED.,.F.,.F.,(4,1,4),(0.,0.0185807452846156,0.0415770392359012),
 .UNSPECIFIED.);
#155=B_SPLINE_CURVE_WITH_KNOTS('',3,(#8617,#8618,#8619,#8620,#8621),
 .UNSPECIFIED.,.F.,.F.,(4,1,4),(0.,0.0185807452846156,0.0415770392359012),
 .UNSPECIFIED.);
#156=B_SPLINE_CURVE_WITH_KNOTS('',3,(#8633,#8634,#8635,#8636,#8637),
 .UNSPECIFIED.,.F.,.F.,(4,1,4),(0.,0.0196312501014368,0.0371278748285227),
 .UNSPECIFIED.);
#157=B_SPLINE_CURVE_WITH_KNOTS('',3,(#8640,#8641,#8642,#8643,#8644),
 .UNSPECIFIED.,.F.,.F.,(4,1,4),(0.,0.0196312501014368,0.0371278748285227),
 .UNSPECIFIED.);
#158=B_SPLINE_CURVE_WITH_KNOTS('',3,(#8662,#8663,#8664,#8665,#8666),
 .UNSPECIFIED.,.F.,.F.,(4,1,4),(0.,0.0365488397583119,0.0747595695303956),
 .UNSPECIFIED.);
#159=B_SPLINE_CURVE_WITH_KNOTS('',3,(#8669,#8670,#8671,#8672,#8673),
 .UNSPECIFIED.,.F.,.F.,(4,1,4),(0.,0.0365488397583119,0.0747595695303956),
 .UNSPECIFIED.);
#160=B_SPLINE_CURVE_WITH_KNOTS('',3,(#8685,#8686,#8687,#8688,#8689),
 .UNSPECIFIED.,.F.,.F.,(4,1,4),(0.,0.0472439251802214,0.0867918080348987),
 .UNSPECIFIED.);
#161=B_SPLINE_CURVE_WITH_KNOTS('',3,(#8692,#8693,#8694,#8695,#8696),
 .UNSPECIFIED.,.F.,.F.,(4,1,4),(0.,0.0472439251802214,0.0867918080348987),
 .UNSPECIFIED.);
#162=B_SPLINE_CURVE_WITH_KNOTS('',3,(#8708,#8709,#8710,#8711,#8712),
 .UNSPECIFIED.,.F.,.F.,(4,1,4),(0.,0.0384307133176401,0.0846927540226026),
 .UNSPECIFIED.);
#163=B_SPLINE_CURVE_WITH_KNOTS('',3,(#8715,#8716,#8717,#8718,#8719),
 .UNSPECIFIED.,.F.,.F.,(4,1,4),(0.,0.0384307133176401,0.0846927540226026),
 .UNSPECIFIED.);
#164=B_SPLINE_CURVE_WITH_KNOTS('',3,(#8731,#8732,#8733,#8734,#8735),
 .UNSPECIFIED.,.F.,.F.,(4,1,4),(0.,0.0353069810626996,0.0702009204947466),
 .UNSPECIFIED.);
#165=B_SPLINE_CURVE_WITH_KNOTS('',3,(#8738,#8739,#8740,#8741,#8742),
 .UNSPECIFIED.,.F.,.F.,(4,1,4),(0.,0.0353069810626996,0.0702009204947466),
 .UNSPECIFIED.);
#166=B_SPLINE_CURVE_WITH_KNOTS('',3,(#8754,#8755,#8756,#8757,#8758),
 .UNSPECIFIED.,.F.,.F.,(4,1,4),(0.,0.0188579857867477,0.0392984163400324),
 .UNSPECIFIED.);
#167=B_SPLINE_CURVE_WITH_KNOTS('',3,(#8761,#8762,#8763,#8764,#8765),
 .UNSPECIFIED.,.F.,.F.,(4,1,4),(0.,0.0188579857867477,0.0392984163400324),
 .UNSPECIFIED.);
#168=B_SPLINE_CURVE_WITH_KNOTS('',3,(#8777,#8778,#8779,#8780,#8781),
 .UNSPECIFIED.,.F.,.F.,(4,1,4),(0.,0.0184768167340239,0.0367562886977754),
 .UNSPECIFIED.);
#169=B_SPLINE_CURVE_WITH_KNOTS('',3,(#8784,#8785,#8786,#8787,#8788),
 .UNSPECIFIED.,.F.,.F.,(4,1,4),(0.,0.0184768167340239,0.0367562886977754),
 .UNSPECIFIED.);
#170=B_SPLINE_CURVE_WITH_KNOTS('',3,(#8800,#8801,#8802,#8803,#8804),
 .UNSPECIFIED.,.F.,.F.,(4,1,4),(0.,0.0332267601277966,0.056912071821375),
 .UNSPECIFIED.);
#171=B_SPLINE_CURVE_WITH_KNOTS('',3,(#8807,#8808,#8809,#8810,#8811),
 .UNSPECIFIED.,.F.,.F.,(4,1,4),(0.,0.0332267601277966,0.056912071821375),
 .UNSPECIFIED.);
#172=B_SPLINE_CURVE_WITH_KNOTS('',3,(#8823,#8824,#8825,#8826,#8827),
 .UNSPECIFIED.,.F.,.F.,(4,1,4),(0.,0.017034702567018,0.0480263872931043),
 .UNSPECIFIED.);
#173=B_SPLINE_CURVE_WITH_KNOTS('',3,(#8830,#8831,#8832,#8833,#8834),
 .UNSPECIFIED.,.F.,.F.,(4,1,4),(0.,0.017034702567018,0.0480263872931043),
 .UNSPECIFIED.);
#174=B_SPLINE_CURVE_WITH_KNOTS('',3,(#8846,#8847,#8848,#8849,#8850),
 .UNSPECIFIED.,.F.,.F.,(4,1,4),(0.,0.0125852619731017,0.025752699937463),
 .UNSPECIFIED.);
#175=B_SPLINE_CURVE_WITH_KNOTS('',3,(#8853,#8854,#8855,#8856,#8857),
 .UNSPECIFIED.,.F.,.F.,(4,1,4),(0.,0.0125852619731017,0.025752699937463),
 .UNSPECIFIED.);
#176=B_SPLINE_CURVE_WITH_KNOTS('',3,(#8869,#8870,#8871,#8872,#8873),
 .UNSPECIFIED.,.F.,.F.,(4,1,4),(0.,0.015681962604884,0.0302996227569362),
 .UNSPECIFIED.);
#177=B_SPLINE_CURVE_WITH_KNOTS('',3,(#8876,#8877,#8878,#8879,#8880),
 .UNSPECIFIED.,.F.,.F.,(4,1,4),(0.,0.015681962604884,0.0302996227569362),
 .UNSPECIFIED.);
#178=B_SPLINE_CURVE_WITH_KNOTS('',3,(#8892,#8893,#8894,#8895,#8896),
 .UNSPECIFIED.,.F.,.F.,(4,1,4),(0.,0.0262318472774023,0.0457126910959102),
 .UNSPECIFIED.);
#179=B_SPLINE_CURVE_WITH_KNOTS('',3,(#8899,#8900,#8901,#8902,#8903),
 .UNSPECIFIED.,.F.,.F.,(4,1,4),(0.,0.0262318472774023,0.0457126910959102),
 .UNSPECIFIED.);
#180=B_SPLINE_CURVE_WITH_KNOTS('',3,(#8915,#8916,#8917,#8918,#8919),
 .UNSPECIFIED.,.F.,.F.,(4,1,4),(0.,0.0226569154074878,0.0536110026451042),
 .UNSPECIFIED.);
#181=B_SPLINE_CURVE_WITH_KNOTS('',3,(#8922,#8923,#8924,#8925,#8926),
 .UNSPECIFIED.,.F.,.F.,(4,1,4),(0.,0.0226569154074878,0.0536110026451042),
 .UNSPECIFIED.);
#182=B_SPLINE_CURVE_WITH_KNOTS('',3,(#8938,#8939,#8940,#8941,#8942),
 .UNSPECIFIED.,.F.,.F.,(4,1,4),(0.,0.0236754728033156,0.0394938010409963),
 .UNSPECIFIED.);
#183=B_SPLINE_CURVE_WITH_KNOTS('',3,(#8945,#8946,#8947,#8948,#8949),
 .UNSPECIFIED.,.F.,.F.,(4,1,4),(0.,0.0236754728033156,0.0394938010409963),
 .UNSPECIFIED.);
#184=B_SPLINE_CURVE_WITH_KNOTS('',3,(#8966,#8967,#8968,#8969,#8970),
 .UNSPECIFIED.,.F.,.F.,(4,1,4),(0.,0.0262905291488271,0.0547263004119982),
 .UNSPECIFIED.);
#185=B_SPLINE_CURVE_WITH_KNOTS('',3,(#8971,#8972,#8973,#8974,#8975),
 .UNSPECIFIED.,.F.,.F.,(4,1,4),(0.,0.0262905291488271,0.0547263004119982),
 .UNSPECIFIED.);
#186=B_SPLINE_CURVE_WITH_KNOTS('',3,(#9162,#9163,#9164,#9165,#9166),
 .UNSPECIFIED.,.F.,.F.,(4,1,4),(0.,0.0150409370950718,0.0381322651678151),
 .UNSPECIFIED.);
#187=B_SPLINE_CURVE_WITH_KNOTS('',3,(#9169,#9170,#9171,#9172,#9173),
 .UNSPECIFIED.,.F.,.F.,(4,1,4),(0.,0.0150409370950718,0.0381322651678151),
 .UNSPECIFIED.);
#188=B_SPLINE_CURVE_WITH_KNOTS('',3,(#9185,#9186,#9187,#9188,#9189),
 .UNSPECIFIED.,.F.,.F.,(4,1,4),(0.,0.017665453735503,0.0337420255450805),
 .UNSPECIFIED.);
#189=B_SPLINE_CURVE_WITH_KNOTS('',3,(#9192,#9193,#9194,#9195,#9196),
 .UNSPECIFIED.,.F.,.F.,(4,1,4),(0.,0.017665453735503,0.0337420255450805),
 .UNSPECIFIED.);
#190=B_SPLINE_CURVE_WITH_KNOTS('',3,(#9208,#9209,#9210,#9211,#9212),
 .UNSPECIFIED.,.F.,.F.,(4,1,4),(0.,0.0280778602029889,0.0495542369108989),
 .UNSPECIFIED.);
#191=B_SPLINE_CURVE_WITH_KNOTS('',3,(#9215,#9216,#9217,#9218,#9219),
 .UNSPECIFIED.,.F.,.F.,(4,1,4),(0.,0.0280778602029889,0.0495542369108989),
 .UNSPECIFIED.);
#192=B_SPLINE_CURVE_WITH_KNOTS('',3,(#9231,#9232,#9233,#9234,#9235),
 .UNSPECIFIED.,.F.,.F.,(4,1,4),(0.,0.0315050215727801,0.0666371471616539),
 .UNSPECIFIED.);
#193=B_SPLINE_CURVE_WITH_KNOTS('',3,(#9238,#9239,#9240,#9241,#9242),
 .UNSPECIFIED.,.F.,.F.,(4,1,4),(0.,0.0315050215727801,0.0666371471616539),
 .UNSPECIFIED.);
#194=B_SPLINE_CURVE_WITH_KNOTS('',3,(#9254,#9255,#9256,#9257,#9258),
 .UNSPECIFIED.,.F.,.F.,(4,1,4),(0.,0.0256037352321775,0.0540964400120368),
 .UNSPECIFIED.);
#195=B_SPLINE_CURVE_WITH_KNOTS('',3,(#9261,#9262,#9263,#9264,#9265),
 .UNSPECIFIED.,.F.,.F.,(4,1,4),(0.,0.0256037352321775,0.0540964400120368),
 .UNSPECIFIED.);
#196=B_SPLINE_CURVE_WITH_KNOTS('',3,(#9277,#9278,#9279,#9280,#9281),
 .UNSPECIFIED.,.F.,.F.,(4,1,4),(0.,0.0157946289829524,0.0322449016355566),
 .UNSPECIFIED.);
#197=B_SPLINE_CURVE_WITH_KNOTS('',3,(#9284,#9285,#9286,#9287,#9288),
 .UNSPECIFIED.,.F.,.F.,(4,1,4),(0.,0.0157946289829524,0.0322449016355566),
 .UNSPECIFIED.);
#198=B_SPLINE_CURVE_WITH_KNOTS('',3,(#9300,#9301,#9302,#9303,#9304),
 .UNSPECIFIED.,.F.,.F.,(4,1,4),(0.,0.0293075389509921,0.0494811935002911),
 .UNSPECIFIED.);
#199=B_SPLINE_CURVE_WITH_KNOTS('',3,(#9307,#9308,#9309,#9310,#9311),
 .UNSPECIFIED.,.F.,.F.,(4,1,4),(0.,0.0293075389509921,0.0494811935002911),
 .UNSPECIFIED.);
#200=B_SPLINE_CURVE_WITH_KNOTS('',3,(#9333,#9334,#9335,#9336,#9337),
 .UNSPECIFIED.,.F.,.F.,(4,1,4),(0.,0.024635586124737,0.0593911636288325),
 .UNSPECIFIED.);
#201=B_SPLINE_CURVE_WITH_KNOTS('',3,(#9341,#9342,#9343,#9344,#9345),
 .UNSPECIFIED.,.F.,.F.,(4,1,4),(0.,0.024635586124737,0.0593911636288325),
 .UNSPECIFIED.);
#202=B_SPLINE_CURVE_WITH_KNOTS('',3,(#9358,#9359,#9360,#9361,#9362),
 .UNSPECIFIED.,.F.,.F.,(4,1,4),(0.,0.0287873570188783,0.0613541427719113),
 .UNSPECIFIED.);
#203=B_SPLINE_CURVE_WITH_KNOTS('',3,(#9365,#9366,#9367,#9368,#9369),
 .UNSPECIFIED.,.F.,.F.,(4,1,4),(0.,0.0287873570188783,0.0613541427719113),
 .UNSPECIFIED.);
#204=B_SPLINE_CURVE_WITH_KNOTS('',3,(#9381,#9382,#9383,#9384,#9385),
 .UNSPECIFIED.,.F.,.F.,(4,1,4),(0.,0.0396444539606178,0.0761459141180609),
 .UNSPECIFIED.);
#205=B_SPLINE_CURVE_WITH_KNOTS('',3,(#9388,#9389,#9390,#9391,#9392),
 .UNSPECIFIED.,.F.,.F.,(4,1,4),(0.,0.0396444539606178,0.0761459141180609),
 .UNSPECIFIED.);
#206=B_SPLINE_CURVE_WITH_KNOTS('',3,(#9404,#9405,#9406,#9407,#9408),
 .UNSPECIFIED.,.F.,.F.,(4,1,4),(0.,0.0459959091753861,0.0886111800305094),
 .UNSPECIFIED.);
#207=B_SPLINE_CURVE_WITH_KNOTS('',3,(#9411,#9412,#9413,#9414,#9415),
 .UNSPECIFIED.,.F.,.F.,(4,1,4),(0.,0.0459959091753861,0.0886111800305094),
 .UNSPECIFIED.);
#208=B_SPLINE_CURVE_WITH_KNOTS('',3,(#9427,#9428,#9429,#9430,#9431),
 .UNSPECIFIED.,.F.,.F.,(4,1,4),(0.,0.0201361610735524,0.0417831297442588),
 .UNSPECIFIED.);
#209=B_SPLINE_CURVE_WITH_KNOTS('',3,(#9434,#9435,#9436,#9437,#9438),
 .UNSPECIFIED.,.F.,.F.,(4,1,4),(0.,0.0201361610735524,0.0417831297442588),
 .UNSPECIFIED.);
#210=B_SPLINE_CURVE_WITH_KNOTS('',3,(#9450,#9451,#9452,#9453,#9454),
 .UNSPECIFIED.,.F.,.F.,(4,1,4),(0.,0.0174228842006287,0.0361423323325575),
 .UNSPECIFIED.);
#211=B_SPLINE_CURVE_WITH_KNOTS('',3,(#9457,#9458,#9459,#9460,#9461),
 .UNSPECIFIED.,.F.,.F.,(4,1,4),(0.,0.0174228842006287,0.0361423323325575),
 .UNSPECIFIED.);
#212=B_SPLINE_CURVE_WITH_KNOTS('',3,(#9473,#9474,#9475,#9476,#9477),
 .UNSPECIFIED.,.F.,.F.,(4,1,4),(0.,0.0159360072411796,0.032436758789933),
 .UNSPECIFIED.);
#213=B_SPLINE_CURVE_WITH_KNOTS('',3,(#9480,#9481,#9482,#9483,#9484),
 .UNSPECIFIED.,.F.,.F.,(4,1,4),(0.,0.0159360072411796,0.032436758789933),
 .UNSPECIFIED.);
#214=B_SPLINE_CURVE_WITH_KNOTS('',3,(#9496,#9497,#9498,#9499,#9500),
 .UNSPECIFIED.,.F.,.F.,(4,1,4),(0.,0.0155696162536396,0.0311904283678903),
 .UNSPECIFIED.);
#215=B_SPLINE_CURVE_WITH_KNOTS('',3,(#9503,#9504,#9505,#9506,#9507),
 .UNSPECIFIED.,.F.,.F.,(4,1,4),(0.,0.0155696162536396,0.0311904283678903),
 .UNSPECIFIED.);
#216=B_SPLINE_CURVE_WITH_KNOTS('',3,(#9519,#9520,#9521,#9522,#9523),
 .UNSPECIFIED.,.F.,.F.,(4,1,4),(0.,0.0178478104134524,0.0341850123554558),
 .UNSPECIFIED.);
#217=B_SPLINE_CURVE_WITH_KNOTS('',3,(#9526,#9527,#9528,#9529,#9530),
 .UNSPECIFIED.,.F.,.F.,(4,1,4),(0.,0.0178478104134524,0.0341850123554558),
 .UNSPECIFIED.);
#218=B_SPLINE_CURVE_WITH_KNOTS('',3,(#9542,#9543,#9544,#9545,#9546),
 .UNSPECIFIED.,.F.,.F.,(4,1,4),(0.,0.0276785985155496,0.0431988463988692),
 .UNSPECIFIED.);
#219=B_SPLINE_CURVE_WITH_KNOTS('',3,(#9549,#9550,#9551,#9552,#9553),
 .UNSPECIFIED.,.F.,.F.,(4,1,4),(0.,0.0276785985155496,0.0431988463988692),
 .UNSPECIFIED.);
#220=B_SPLINE_CURVE_WITH_KNOTS('',3,(#10098,#10099,#10100,#10101,#10102),
 .UNSPECIFIED.,.F.,.F.,(4,1,4),(0.,0.0142433923062132,0.0389917889404816),
 .UNSPECIFIED.);
#221=B_SPLINE_CURVE_WITH_KNOTS('',3,(#10105,#10106,#10107,#10108,#10109),
 .UNSPECIFIED.,.F.,.F.,(4,1,4),(0.,0.0142433923062132,0.0389917889404816),
 .UNSPECIFIED.);
#222=B_SPLINE_CURVE_WITH_KNOTS('',3,(#10121,#10122,#10123,#10124,#10125),
 .UNSPECIFIED.,.F.,.F.,(4,1,4),(0.,0.00834008798200121,0.0170943274611363),
 .UNSPECIFIED.);
#223=B_SPLINE_CURVE_WITH_KNOTS('',3,(#10128,#10129,#10130,#10131,#10132),
 .UNSPECIFIED.,.F.,.F.,(4,1,4),(0.,0.00834008798200121,0.0170943274611363),
 .UNSPECIFIED.);
#224=B_SPLINE_CURVE_WITH_KNOTS('',3,(#10144,#10145,#10146,#10147,#10148),
 .UNSPECIFIED.,.F.,.F.,(4,1,4),(0.,0.00994672909895327,0.0186581545220018),
 .UNSPECIFIED.);
#225=B_SPLINE_CURVE_WITH_KNOTS('',3,(#10151,#10152,#10153,#10154,#10155),
 .UNSPECIFIED.,.F.,.F.,(4,1,4),(0.,0.00994672909895327,0.0186581545220018),
 .UNSPECIFIED.);
#226=B_SPLINE_CURVE_WITH_KNOTS('',3,(#10167,#10168,#10169,#10170,#10171),
 .UNSPECIFIED.,.F.,.F.,(4,1,4),(0.,0.0158324587583905,0.0315114527179115),
 .UNSPECIFIED.);
#227=B_SPLINE_CURVE_WITH_KNOTS('',3,(#10174,#10175,#10176,#10177,#10178),
 .UNSPECIFIED.,.F.,.F.,(4,1,4),(0.,0.0158324587583905,0.0315114527179115),
 .UNSPECIFIED.);
#228=B_SPLINE_CURVE_WITH_KNOTS('',3,(#10190,#10191,#10192,#10193,#10194),
 .UNSPECIFIED.,.F.,.F.,(4,1,4),(0.,0.016666705202438,0.0328049118096947),
 .UNSPECIFIED.);
#229=B_SPLINE_CURVE_WITH_KNOTS('',3,(#10197,#10198,#10199,#10200,#10201),
 .UNSPECIFIED.,.F.,.F.,(4,1,4),(0.,0.016666705202438,0.0328049118096947),
 .UNSPECIFIED.);
#230=B_SPLINE_CURVE_WITH_KNOTS('',3,(#10213,#10214,#10215,#10216,#10217),
 .UNSPECIFIED.,.F.,.F.,(4,1,4),(0.,0.0408031027312584,0.065737401971141),
 .UNSPECIFIED.);
#231=B_SPLINE_CURVE_WITH_KNOTS('',3,(#10220,#10221,#10222,#10223,#10224),
 .UNSPECIFIED.,.F.,.F.,(4,1,4),(0.,0.0408031027312584,0.065737401971141),
 .UNSPECIFIED.);
#232=B_SPLINE_CURVE_WITH_KNOTS('',3,(#10254,#10255,#10256,#10257,#10258),
 .UNSPECIFIED.,.F.,.F.,(4,1,4),(0.,0.0209294178034454,0.0544940705651995),
 .UNSPECIFIED.);
#233=B_SPLINE_CURVE_WITH_KNOTS('',3,(#10261,#10262,#10263,#10264,#10265),
 .UNSPECIFIED.,.F.,.F.,(4,1,4),(0.,0.0209294178034454,0.0544940705651995),
 .UNSPECIFIED.);
#234=B_SPLINE_CURVE_WITH_KNOTS('',3,(#10277,#10278,#10279,#10280,#10281),
 .UNSPECIFIED.,.F.,.F.,(4,1,4),(0.,0.0182570321385824,0.041068601088665),
 .UNSPECIFIED.);
#235=B_SPLINE_CURVE_WITH_KNOTS('',3,(#10284,#10285,#10286,#10287,#10288),
 .UNSPECIFIED.,.F.,.F.,(4,1,4),(0.,0.0182570321385824,0.041068601088665),
 .UNSPECIFIED.);
#236=B_SPLINE_CURVE_WITH_KNOTS('',3,(#10300,#10301,#10302,#10303,#10304),
 .UNSPECIFIED.,.F.,.F.,(4,1,4),(0.,0.0174545491318984,0.0338992638078929),
 .UNSPECIFIED.);
#237=B_SPLINE_CURVE_WITH_KNOTS('',3,(#10307,#10308,#10309,#10310,#10311),
 .UNSPECIFIED.,.F.,.F.,(4,1,4),(0.,0.0174545491318984,0.0338992638078929),
 .UNSPECIFIED.);
#238=B_SPLINE_CURVE_WITH_KNOTS('',3,(#10323,#10324,#10325,#10326,#10327),
 .UNSPECIFIED.,.F.,.F.,(4,1,4),(0.,0.0216784067574479,0.0407908914015714),
 .UNSPECIFIED.);
#239=B_SPLINE_CURVE_WITH_KNOTS('',3,(#10330,#10331,#10332,#10333,#10334),
 .UNSPECIFIED.,.F.,.F.,(4,1,4),(0.,0.0216784067574479,0.0407908914015714),
 .UNSPECIFIED.);
#240=B_SPLINE_CURVE_WITH_KNOTS('',3,(#10346,#10347,#10348,#10349,#10350),
 .UNSPECIFIED.,.F.,.F.,(4,1,4),(0.,0.0225156171149568,0.0452869446459733),
 .UNSPECIFIED.);
#241=B_SPLINE_CURVE_WITH_KNOTS('',3,(#10353,#10354,#10355,#10356,#10357),
 .UNSPECIFIED.,.F.,.F.,(4,1,4),(0.,0.0225156171149568,0.0452869446459733),
 .UNSPECIFIED.);
#242=B_SPLINE_CURVE_WITH_KNOTS('',3,(#10369,#10370,#10371,#10372,#10373),
 .UNSPECIFIED.,.F.,.F.,(4,1,4),(0.,0.0211100627484692,0.0441192700852758),
 .UNSPECIFIED.);
#243=B_SPLINE_CURVE_WITH_KNOTS('',3,(#10376,#10377,#10378,#10379,#10380),
 .UNSPECIFIED.,.F.,.F.,(4,1,4),(0.,0.0211100627484692,0.0441192700852758),
 .UNSPECIFIED.);
#244=B_SPLINE_CURVE_WITH_KNOTS('',3,(#10392,#10393,#10394,#10395,#10396),
 .UNSPECIFIED.,.F.,.F.,(4,1,4),(0.,0.0197804521348471,0.039790319412903),
 .UNSPECIFIED.);
#245=B_SPLINE_CURVE_WITH_KNOTS('',3,(#10399,#10400,#10401,#10402,#10403),
 .UNSPECIFIED.,.F.,.F.,(4,1,4),(0.,0.0197804521348471,0.039790319412903),
 .UNSPECIFIED.);
#246=B_SPLINE_CURVE_WITH_KNOTS('',3,(#10415,#10416,#10417,#10418,#10419),
 .UNSPECIFIED.,.F.,.F.,(4,1,4),(0.,0.0291985612475507,0.0522594321844413),
 .UNSPECIFIED.);
#247=B_SPLINE_CURVE_WITH_KNOTS('',3,(#10422,#10423,#10424,#10425,#10426),
 .UNSPECIFIED.,.F.,.F.,(4,1,4),(0.,0.0291985612475507,0.0522594321844413),
 .UNSPECIFIED.);
#248=B_SPLINE_CURVE_WITH_KNOTS('',3,(#10461,#10462,#10463,#10464,#10465),
 .UNSPECIFIED.,.F.,.F.,(4,1,4),(0.,0.0232722033134859,0.0472504501955291),
 .UNSPECIFIED.);
#249=B_SPLINE_CURVE_WITH_KNOTS('',3,(#10469,#10470,#10471,#10472,#10473),
 .UNSPECIFIED.,.F.,.F.,(4,1,4),(0.,0.0232722033134859,0.0472504501955291),
 .UNSPECIFIED.);
#250=B_SPLINE_CURVE_WITH_KNOTS('',3,(#10486,#10487,#10488,#10489,#10490),
 .UNSPECIFIED.,.F.,.F.,(4,1,4),(0.,0.0243728379449332,0.0485384902364044),
 .UNSPECIFIED.);
#251=B_SPLINE_CURVE_WITH_KNOTS('',3,(#10493,#10494,#10495,#10496,#10497),
 .UNSPECIFIED.,.F.,.F.,(4,1,4),(0.,0.0243728379449332,0.0485384902364044),
 .UNSPECIFIED.);
#252=B_SPLINE_CURVE_WITH_KNOTS('',3,(#10509,#10510,#10511,#10512,#10513),
 .UNSPECIFIED.,.F.,.F.,(4,1,4),(0.,0.0322149591759111,0.059264767682677),
 .UNSPECIFIED.);
#253=B_SPLINE_CURVE_WITH_KNOTS('',3,(#10516,#10517,#10518,#10519,#10520),
 .UNSPECIFIED.,.F.,.F.,(4,1,4),(0.,0.0322149591759111,0.059264767682677),
 .UNSPECIFIED.);
#254=B_SPLINE_CURVE_WITH_KNOTS('',3,(#10532,#10533,#10534,#10535,#10536),
 .UNSPECIFIED.,.F.,.F.,(4,1,4),(0.,0.0344974996847333,0.0676371611660876),
 .UNSPECIFIED.);
#255=B_SPLINE_CURVE_WITH_KNOTS('',3,(#10539,#10540,#10541,#10542,#10543),
 .UNSPECIFIED.,.F.,.F.,(4,1,4),(0.,0.0344974996847333,0.0676371611660876),
 .UNSPECIFIED.);
#256=B_SPLINE_CURVE_WITH_KNOTS('',3,(#10555,#10556,#10557,#10558,#10559),
 .UNSPECIFIED.,.F.,.F.,(4,1,4),(0.,0.0282167903952637,0.0608256492427194),
 .UNSPECIFIED.);
#257=B_SPLINE_CURVE_WITH_KNOTS('',3,(#10562,#10563,#10564,#10565,#10566),
 .UNSPECIFIED.,.F.,.F.,(4,1,4),(0.,0.0282167903952637,0.0608256492427194),
 .UNSPECIFIED.);
#258=B_SPLINE_CURVE_WITH_KNOTS('',3,(#10578,#10579,#10580,#10581,#10582),
 .UNSPECIFIED.,.F.,.F.,(4,1,4),(0.,0.0250394064374057,0.0508703971735508),
 .UNSPECIFIED.);
#259=B_SPLINE_CURVE_WITH_KNOTS('',3,(#10585,#10586,#10587,#10588,#10589),
 .UNSPECIFIED.,.F.,.F.,(4,1,4),(0.,0.0250394064374057,0.0508703971735508),
 .UNSPECIFIED.);
#260=B_SPLINE_CURVE_WITH_KNOTS('',3,(#10601,#10602,#10603,#10604,#10605),
 .UNSPECIFIED.,.F.,.F.,(4,1,4),(0.,0.0185757139992601,0.0397817775471026),
 .UNSPECIFIED.);
#261=B_SPLINE_CURVE_WITH_KNOTS('',3,(#10608,#10609,#10610,#10611,#10612),
 .UNSPECIFIED.,.F.,.F.,(4,1,4),(0.,0.0185757139992601,0.0397817775471026),
 .UNSPECIFIED.);
#262=B_SPLINE_CURVE_WITH_KNOTS('',3,(#10624,#10625,#10626,#10627,#10628),
 .UNSPECIFIED.,.F.,.F.,(4,1,4),(0.,0.0237031343347358,0.0430472954104418),
 .UNSPECIFIED.);
#263=B_SPLINE_CURVE_WITH_KNOTS('',3,(#10631,#10632,#10633,#10634,#10635),
 .UNSPECIFIED.,.F.,.F.,(4,1,4),(0.,0.0237031343347358,0.0430472954104418),
 .UNSPECIFIED.);
#264=B_SPLINE_CURVE_WITH_KNOTS('',3,(#10653,#10654,#10655,#10656,#10657),
 .UNSPECIFIED.,.F.,.F.,(4,1,4),(0.,0.0389987366043583,0.0808991214147735),
 .UNSPECIFIED.);
#265=B_SPLINE_CURVE_WITH_KNOTS('',3,(#10660,#10661,#10662,#10663,#10664),
 .UNSPECIFIED.,.F.,.F.,(4,1,4),(0.,0.0389987366043583,0.0808991214147735),
 .UNSPECIFIED.);
#266=B_SPLINE_CURVE_WITH_KNOTS('',3,(#10676,#10677,#10678,#10679,#10680),
 .UNSPECIFIED.,.F.,.F.,(4,1,4),(0.,0.044528770741644,0.084398709584738),
 .UNSPECIFIED.);
#267=B_SPLINE_CURVE_WITH_KNOTS('',3,(#10683,#10684,#10685,#10686,#10687),
 .UNSPECIFIED.,.F.,.F.,(4,1,4),(0.,0.044528770741644,0.084398709584738),
 .UNSPECIFIED.);
#268=B_SPLINE_CURVE_WITH_KNOTS('',3,(#10699,#10700,#10701,#10702,#10703),
 .UNSPECIFIED.,.F.,.F.,(4,1,4),(0.,0.0420133700635042,0.0841372234036515),
 .UNSPECIFIED.);
#269=B_SPLINE_CURVE_WITH_KNOTS('',3,(#10706,#10707,#10708,#10709,#10710),
 .UNSPECIFIED.,.F.,.F.,(4,1,4),(0.,0.0420133700635042,0.0841372234036515),
 .UNSPECIFIED.);
#270=B_SPLINE_CURVE_WITH_KNOTS('',3,(#10722,#10723,#10724,#10725,#10726),
 .UNSPECIFIED.,.F.,.F.,(4,1,4),(0.,0.0449301690152243,0.0877464885173688),
 .UNSPECIFIED.);
#271=B_SPLINE_CURVE_WITH_KNOTS('',3,(#10729,#10730,#10731,#10732,#10733),
 .UNSPECIFIED.,.F.,.F.,(4,1,4),(0.,0.0449301690152243,0.0877464885173688),
 .UNSPECIFIED.);
#272=B_SPLINE_CURVE_WITH_KNOTS('',3,(#10745,#10746,#10747,#10748,#10749),
 .UNSPECIFIED.,.F.,.F.,(4,1,4),(0.,0.0492598193063034,0.0965368144051589),
 .UNSPECIFIED.);
#273=B_SPLINE_CURVE_WITH_KNOTS('',3,(#10752,#10753,#10754,#10755,#10756),
 .UNSPECIFIED.,.F.,.F.,(4,1,4),(0.,0.0492598193063034,0.0965368144051589),
 .UNSPECIFIED.);
#274=B_SPLINE_CURVE_WITH_KNOTS('',3,(#10768,#10769,#10770,#10771,#10772),
 .UNSPECIFIED.,.F.,.F.,(4,1,4),(0.,0.0468049011991704,0.10290231434586),
 .UNSPECIFIED.);
#275=B_SPLINE_CURVE_WITH_KNOTS('',3,(#10775,#10776,#10777,#10778,#10779),
 .UNSPECIFIED.,.F.,.F.,(4,1,4),(0.,0.0468049011991704,0.10290231434586),
 .UNSPECIFIED.);
#276=B_SPLINE_CURVE_WITH_KNOTS('',3,(#10791,#10792,#10793,#10794,#10795),
 .UNSPECIFIED.,.F.,.F.,(4,1,4),(0.,0.0497319516929245,0.0943215355120855),
 .UNSPECIFIED.);
#277=B_SPLINE_CURVE_WITH_KNOTS('',3,(#10798,#10799,#10800,#10801,#10802),
 .UNSPECIFIED.,.F.,.F.,(4,1,4),(0.,0.0497319516929245,0.0943215355120855),
 .UNSPECIFIED.);
#278=B_SPLINE_CURVE_WITH_KNOTS('',3,(#10814,#10815,#10816,#10817,#10818),
 .UNSPECIFIED.,.F.,.F.,(4,1,4),(0.,0.0443291844866096,0.0906012313281456),
 .UNSPECIFIED.);
#279=B_SPLINE_CURVE_WITH_KNOTS('',3,(#10821,#10822,#10823,#10824,#10825),
 .UNSPECIFIED.,.F.,.F.,(4,1,4),(0.,0.0443291844866096,0.0906012313281456),
 .UNSPECIFIED.);
#280=B_SPLINE_CURVE_WITH_KNOTS('',3,(#10837,#10838,#10839,#10840,#10841),
 .UNSPECIFIED.,.F.,.F.,(4,1,4),(0.,0.050061665540715,0.0957002431672471),
 .UNSPECIFIED.);
#281=B_SPLINE_CURVE_WITH_KNOTS('',3,(#10844,#10845,#10846,#10847,#10848),
 .UNSPECIFIED.,.F.,.F.,(4,1,4),(0.,0.050061665540715,0.0957002431672471),
 .UNSPECIFIED.);
#282=B_SPLINE_CURVE_WITH_KNOTS('',3,(#10865,#10866,#10867,#10868,#10869),
 .UNSPECIFIED.,.F.,.F.,(4,1,4),(0.,0.0259893616832431,0.0554606222360613),
 .UNSPECIFIED.);
#283=B_SPLINE_CURVE_WITH_KNOTS('',3,(#10870,#10871,#10872,#10873,#10874),
 .UNSPECIFIED.,.F.,.F.,(4,1,4),(0.,0.0259893616832431,0.0554606222360613),
 .UNSPECIFIED.);
#284=B_SPLINE_SURFACE_WITH_KNOTS('',3,1,((#8366,#8367),(#8368,#8369),(#8370,
#8371),(#8372,#8373),(#8374,#8375)),.UNSPECIFIED.,.F.,.F.,.F.,(4,1,4),(2,
2),(0.,0.02873014352611,0.0547057193383264),(0.,0.02),.UNSPECIFIED.);
#285=B_SPLINE_SURFACE_WITH_KNOTS('',3,1,((#8392,#8393),(#8394,#8395),(#8396,
#8397),(#8398,#8399),(#8400,#8401)),.UNSPECIFIED.,.F.,.F.,.F.,(4,1,4),(2,
2),(0.,0.0362390206573104,0.0686643084915313),(0.,0.02),.UNSPECIFIED.);
#286=B_SPLINE_SURFACE_WITH_KNOTS('',3,1,((#8415,#8416),(#8417,#8418),(#8419,
#8420),(#8421,#8422),(#8423,#8424)),.UNSPECIFIED.,.F.,.F.,.F.,(4,1,4),(2,
2),(0.,0.0430970766281694,0.093496652500982),(0.,0.02),.UNSPECIFIED.);
#287=B_SPLINE_SURFACE_WITH_KNOTS('',3,1,((#8438,#8439),(#8440,#8441),(#8442,
#8443),(#8444,#8445),(#8446,#8447)),.UNSPECIFIED.,.F.,.F.,.F.,(4,1,4),(2,
2),(0.,0.0376377299448632,0.0765964350293645),(0.,0.02),.UNSPECIFIED.);
#288=B_SPLINE_SURFACE_WITH_KNOTS('',3,1,((#8461,#8462),(#8463,#8464),(#8465,
#8466),(#8467,#8468),(#8469,#8470)),.UNSPECIFIED.,.F.,.F.,.F.,(4,1,4),(2,
2),(0.,0.0282227900583506,0.0579063915118991),(0.,0.02),.UNSPECIFIED.);
#289=B_SPLINE_SURFACE_WITH_KNOTS('',3,1,((#8484,#8485),(#8486,#8487),(#8488,
#8489),(#8490,#8491),(#8492,#8493)),.UNSPECIFIED.,.F.,.F.,.F.,(4,1,4),(2,
2),(0.,0.0469335767119539,0.0753981756527145),(0.,0.02),.UNSPECIFIED.);
#290=B_SPLINE_SURFACE_WITH_KNOTS('',3,1,((#8507,#8508),(#8509,#8510),(#8511,
#8512),(#8513,#8514),(#8515,#8516)),.UNSPECIFIED.,.F.,.F.,.F.,(4,1,4),(2,
2),(0.,0.0190617746037085,0.0503457485789495),(0.,0.02),.UNSPECIFIED.);
#291=B_SPLINE_SURFACE_WITH_KNOTS('',3,1,((#8530,#8531),(#8532,#8533),(#8534,
#8535),(#8536,#8537),(#8538,#8539)),.UNSPECIFIED.,.F.,.F.,.F.,(4,1,4),(2,
2),(0.,0.0120307764574623,0.024159473462509),(0.,0.02),.UNSPECIFIED.);
#292=B_SPLINE_SURFACE_WITH_KNOTS('',3,1,((#8553,#8554),(#8555,#8556),(#8557,
#8558),(#8559,#8560),(#8561,#8562)),.UNSPECIFIED.,.F.,.F.,.F.,(4,1,4),(2,
2),(0.,0.0130794058534707,0.025908878717733),(0.,0.02),.UNSPECIFIED.);
#293=B_SPLINE_SURFACE_WITH_KNOTS('',3,1,((#8576,#8577),(#8578,#8579),(#8580,
#8581),(#8582,#8583),(#8584,#8585)),.UNSPECIFIED.,.F.,.F.,.F.,(4,1,4),(2,
2),(0.,0.0220372611299787,0.0381288424285131),(0.,0.02),.UNSPECIFIED.);
#294=B_SPLINE_SURFACE_WITH_KNOTS('',3,1,((#8599,#8600),(#8601,#8602),(#8603,
#8604),(#8605,#8606),(#8607,#8608)),.UNSPECIFIED.,.F.,.F.,.F.,(4,1,4),(2,
2),(0.,0.0185807452846156,0.0415770392359012),(0.,0.02),.UNSPECIFIED.);
#295=B_SPLINE_SURFACE_WITH_KNOTS('',3,1,((#8622,#8623),(#8624,#8625),(#8626,
#8627),(#8628,#8629),(#8630,#8631)),.UNSPECIFIED.,.F.,.F.,.F.,(4,1,4),(2,
2),(0.,0.0196312501014368,0.0371278748285227),(0.,0.02),.UNSPECIFIED.);
#296=B_SPLINE_SURFACE_WITH_KNOTS('',3,1,((#8651,#8652),(#8653,#8654),(#8655,
#8656),(#8657,#8658),(#8659,#8660)),.UNSPECIFIED.,.F.,.F.,.F.,(4,1,4),(2,
2),(0.,0.0365488397583119,0.0747595695303956),(0.,0.02),.UNSPECIFIED.);
#297=B_SPLINE_SURFACE_WITH_KNOTS('',3,1,((#8674,#8675),(#8676,#8677),(#8678,
#8679),(#8680,#8681),(#8682,#8683)),.UNSPECIFIED.,.F.,.F.,.F.,(4,1,4),(2,
2),(0.,0.0472439251802214,0.0867918080348987),(0.,0.02),.UNSPECIFIED.);
#298=B_SPLINE_SURFACE_WITH_KNOTS('',3,1,((#8697,#8698),(#8699,#8700),(#8701,
#8702),(#8703,#8704),(#8705,#8706)),.UNSPECIFIED.,.F.,.F.,.F.,(4,1,4),(2,
2),(0.,0.0384307133176401,0.0846927540226026),(0.,0.02),.UNSPECIFIED.);
#299=B_SPLINE_SURFACE_WITH_KNOTS('',3,1,((#8720,#8721),(#8722,#8723),(#8724,
#8725),(#8726,#8727),(#8728,#8729)),.UNSPECIFIED.,.F.,.F.,.F.,(4,1,4),(2,
2),(0.,0.0353069810626996,0.0702009204947466),(0.,0.02),.UNSPECIFIED.);
#300=B_SPLINE_SURFACE_WITH_KNOTS('',3,1,((#8743,#8744),(#8745,#8746),(#8747,
#8748),(#8749,#8750),(#8751,#8752)),.UNSPECIFIED.,.F.,.F.,.F.,(4,1,4),(2,
2),(0.,0.0188579857867477,0.0392984163400324),(0.,0.02),.UNSPECIFIED.);
#301=B_SPLINE_SURFACE_WITH_KNOTS('',3,1,((#8766,#8767),(#8768,#8769),(#8770,
#8771),(#8772,#8773),(#8774,#8775)),.UNSPECIFIED.,.F.,.F.,.F.,(4,1,4),(2,
2),(0.,0.0184768167340239,0.0367562886977754),(0.,0.02),.UNSPECIFIED.);
#302=B_SPLINE_SURFACE_WITH_KNOTS('',3,1,((#8789,#8790),(#8791,#8792),(#8793,
#8794),(#8795,#8796),(#8797,#8798)),.UNSPECIFIED.,.F.,.F.,.F.,(4,1,4),(2,
2),(0.,0.0332267601277966,0.056912071821375),(0.,0.02),.UNSPECIFIED.);
#303=B_SPLINE_SURFACE_WITH_KNOTS('',3,1,((#8812,#8813),(#8814,#8815),(#8816,
#8817),(#8818,#8819),(#8820,#8821)),.UNSPECIFIED.,.F.,.F.,.F.,(4,1,4),(2,
2),(0.,0.017034702567018,0.0480263872931043),(0.,0.02),.UNSPECIFIED.);
#304=B_SPLINE_SURFACE_WITH_KNOTS('',3,1,((#8835,#8836),(#8837,#8838),(#8839,
#8840),(#8841,#8842),(#8843,#8844)),.UNSPECIFIED.,.F.,.F.,.F.,(4,1,4),(2,
2),(0.,0.0125852619731017,0.025752699937463),(0.,0.02),.UNSPECIFIED.);
#305=B_SPLINE_SURFACE_WITH_KNOTS('',3,1,((#8858,#8859),(#8860,#8861),(#8862,
#8863),(#8864,#8865),(#8866,#8867)),.UNSPECIFIED.,.F.,.F.,.F.,(4,1,4),(2,
2),(0.,0.015681962604884,0.0302996227569362),(0.,0.02),.UNSPECIFIED.);
#306=B_SPLINE_SURFACE_WITH_KNOTS('',3,1,((#8881,#8882),(#8883,#8884),(#8885,
#8886),(#8887,#8888),(#8889,#8890)),.UNSPECIFIED.,.F.,.F.,.F.,(4,1,4),(2,
2),(0.,0.0262318472774023,0.0457126910959102),(0.,0.02),.UNSPECIFIED.);
#307=B_SPLINE_SURFACE_WITH_KNOTS('',3,1,((#8904,#8905),(#8906,#8907),(#8908,
#8909),(#8910,#8911),(#8912,#8913)),.UNSPECIFIED.,.F.,.F.,.F.,(4,1,4),(2,
2),(0.,0.0226569154074878,0.0536110026451042),(0.,0.02),.UNSPECIFIED.);
#308=B_SPLINE_SURFACE_WITH_KNOTS('',3,1,((#8927,#8928),(#8929,#8930),(#8931,
#8932),(#8933,#8934),(#8935,#8936)),.UNSPECIFIED.,.F.,.F.,.F.,(4,1,4),(2,
2),(0.,0.0236754728033156,0.0394938010409963),(0.,0.02),.UNSPECIFIED.);
#309=B_SPLINE_SURFACE_WITH_KNOTS('',3,1,((#8956,#8957),(#8958,#8959),(#8960,
#8961),(#8962,#8963),(#8964,#8965)),.UNSPECIFIED.,.F.,.F.,.F.,(4,1,4),(2,
2),(0.,0.0262905291488271,0.0547263004119982),(0.,0.02),.UNSPECIFIED.);
#310=B_SPLINE_SURFACE_WITH_KNOTS('',3,1,((#9151,#9152),(#9153,#9154),(#9155,
#9156),(#9157,#9158),(#9159,#9160)),.UNSPECIFIED.,.F.,.F.,.F.,(4,1,4),(2,
2),(0.,0.0150409370950718,0.0381322651678151),(0.,0.02),.UNSPECIFIED.);
#311=B_SPLINE_SURFACE_WITH_KNOTS('',3,1,((#9174,#9175),(#9176,#9177),(#9178,
#9179),(#9180,#9181),(#9182,#9183)),.UNSPECIFIED.,.F.,.F.,.F.,(4,1,4),(2,
2),(0.,0.017665453735503,0.0337420255450805),(0.,0.02),.UNSPECIFIED.);
#312=B_SPLINE_SURFACE_WITH_KNOTS('',3,1,((#9197,#9198),(#9199,#9200),(#9201,
#9202),(#9203,#9204),(#9205,#9206)),.UNSPECIFIED.,.F.,.F.,.F.,(4,1,4),(2,
2),(0.,0.0280778602029889,0.0495542369108989),(0.,0.02),.UNSPECIFIED.);
#313=B_SPLINE_SURFACE_WITH_KNOTS('',3,1,((#9220,#9221),(#9222,#9223),(#9224,
#9225),(#9226,#9227),(#9228,#9229)),.UNSPECIFIED.,.F.,.F.,.F.,(4,1,4),(2,
2),(0.,0.0315050215727801,0.0666371471616539),(0.,0.02),.UNSPECIFIED.);
#314=B_SPLINE_SURFACE_WITH_KNOTS('',3,1,((#9243,#9244),(#9245,#9246),(#9247,
#9248),(#9249,#9250),(#9251,#9252)),.UNSPECIFIED.,.F.,.F.,.F.,(4,1,4),(2,
2),(0.,0.0256037352321775,0.0540964400120368),(0.,0.02),.UNSPECIFIED.);
#315=B_SPLINE_SURFACE_WITH_KNOTS('',3,1,((#9266,#9267),(#9268,#9269),(#9270,
#9271),(#9272,#9273),(#9274,#9275)),.UNSPECIFIED.,.F.,.F.,.F.,(4,1,4),(2,
2),(0.,0.0157946289829524,0.0322449016355566),(0.,0.02),.UNSPECIFIED.);
#316=B_SPLINE_SURFACE_WITH_KNOTS('',3,1,((#9289,#9290),(#9291,#9292),(#9293,
#9294),(#9295,#9296),(#9297,#9298)),.UNSPECIFIED.,.F.,.F.,.F.,(4,1,4),(2,
2),(0.,0.0293075389509921,0.0494811935002911),(0.,0.02),.UNSPECIFIED.);
#317=B_SPLINE_SURFACE_WITH_KNOTS('',3,1,((#9321,#9322),(#9323,#9324),(#9325,
#9326),(#9327,#9328),(#9329,#9330)),.UNSPECIFIED.,.F.,.F.,.F.,(4,1,4),(2,
2),(0.,0.024635586124737,0.0593911636288325),(0.,0.02),.UNSPECIFIED.);
#318=B_SPLINE_SURFACE_WITH_KNOTS('',3,1,((#9347,#9348),(#9349,#9350),(#9351,
#9352),(#9353,#9354),(#9355,#9356)),.UNSPECIFIED.,.F.,.F.,.F.,(4,1,4),(2,
2),(0.,0.0287873570188783,0.0613541427719113),(0.,0.02),.UNSPECIFIED.);
#319=B_SPLINE_SURFACE_WITH_KNOTS('',3,1,((#9370,#9371),(#9372,#9373),(#9374,
#9375),(#9376,#9377),(#9378,#9379)),.UNSPECIFIED.,.F.,.F.,.F.,(4,1,4),(2,
2),(0.,0.0396444539606178,0.0761459141180609),(0.,0.02),.UNSPECIFIED.);
#320=B_SPLINE_SURFACE_WITH_KNOTS('',3,1,((#9393,#9394),(#9395,#9396),(#9397,
#9398),(#9399,#9400),(#9401,#9402)),.UNSPECIFIED.,.F.,.F.,.F.,(4,1,4),(2,
2),(0.,0.0459959091753861,0.0886111800305094),(0.,0.02),.UNSPECIFIED.);
#321=B_SPLINE_SURFACE_WITH_KNOTS('',3,1,((#9416,#9417),(#9418,#9419),(#9420,
#9421),(#9422,#9423),(#9424,#9425)),.UNSPECIFIED.,.F.,.F.,.F.,(4,1,4),(2,
2),(0.,0.0201361610735524,0.0417831297442588),(0.,0.02),.UNSPECIFIED.);
#322=B_SPLINE_SURFACE_WITH_KNOTS('',3,1,((#9439,#9440),(#9441,#9442),(#9443,
#9444),(#9445,#9446),(#9447,#9448)),.UNSPECIFIED.,.F.,.F.,.F.,(4,1,4),(2,
2),(0.,0.0174228842006287,0.0361423323325575),(0.,0.02),.UNSPECIFIED.);
#323=B_SPLINE_SURFACE_WITH_KNOTS('',3,1,((#9462,#9463),(#9464,#9465),(#9466,
#9467),(#9468,#9469),(#9470,#9471)),.UNSPECIFIED.,.F.,.F.,.F.,(4,1,4),(2,
2),(0.,0.0159360072411796,0.032436758789933),(0.,0.02),.UNSPECIFIED.);
#324=B_SPLINE_SURFACE_WITH_KNOTS('',3,1,((#9485,#9486),(#9487,#9488),(#9489,
#9490),(#9491,#9492),(#9493,#9494)),.UNSPECIFIED.,.F.,.F.,.F.,(4,1,4),(2,
2),(0.,0.0155696162536396,0.0311904283678903),(0.,0.02),.UNSPECIFIED.);
#325=B_SPLINE_SURFACE_WITH_KNOTS('',3,1,((#9508,#9509),(#9510,#9511),(#9512,
#9513),(#9514,#9515),(#9516,#9517)),.UNSPECIFIED.,.F.,.F.,.F.,(4,1,4),(2,
2),(0.,0.0178478104134524,0.0341850123554558),(0.,0.02),.UNSPECIFIED.);
#326=B_SPLINE_SURFACE_WITH_KNOTS('',3,1,((#9531,#9532),(#9533,#9534),(#9535,
#9536),(#9537,#9538),(#9539,#9540)),.UNSPECIFIED.,.F.,.F.,.F.,(4,1,4),(2,
2),(0.,0.0276785985155496,0.0431988463988692),(0.,0.02),.UNSPECIFIED.);
#327=B_SPLINE_SURFACE_WITH_KNOTS('',3,1,((#10087,#10088),(#10089,#10090),
(#10091,#10092),(#10093,#10094),(#10095,#10096)),.UNSPECIFIED.,.F.,.F.,
 .F.,(4,1,4),(2,2),(0.,0.0142433923062132,0.0389917889404816),(0.,0.02),
 .UNSPECIFIED.);
#328=B_SPLINE_SURFACE_WITH_KNOTS('',3,1,((#10110,#10111),(#10112,#10113),
(#10114,#10115),(#10116,#10117),(#10118,#10119)),.UNSPECIFIED.,.F.,.F.,
 .F.,(4,1,4),(2,2),(0.,0.00834008798200121,0.0170943274611363),(0.,0.02),
 .UNSPECIFIED.);
#329=B_SPLINE_SURFACE_WITH_KNOTS('',3,1,((#10133,#10134),(#10135,#10136),
(#10137,#10138),(#10139,#10140),(#10141,#10142)),.UNSPECIFIED.,.F.,.F.,
 .F.,(4,1,4),(2,2),(0.,0.00994672909895327,0.0186581545220018),(0.,0.02),
 .UNSPECIFIED.);
#330=B_SPLINE_SURFACE_WITH_KNOTS('',3,1,((#10156,#10157),(#10158,#10159),
(#10160,#10161),(#10162,#10163),(#10164,#10165)),.UNSPECIFIED.,.F.,.F.,
 .F.,(4,1,4),(2,2),(0.,0.0158324587583905,0.0315114527179115),(0.,0.02),
 .UNSPECIFIED.);
#331=B_SPLINE_SURFACE_WITH_KNOTS('',3,1,((#10179,#10180),(#10181,#10182),
(#10183,#10184),(#10185,#10186),(#10187,#10188)),.UNSPECIFIED.,.F.,.F.,
 .F.,(4,1,4),(2,2),(0.,0.016666705202438,0.0328049118096947),(0.,0.02),
 .UNSPECIFIED.);
#332=B_SPLINE_SURFACE_WITH_KNOTS('',3,1,((#10202,#10203),(#10204,#10205),
(#10206,#10207),(#10208,#10209),(#10210,#10211)),.UNSPECIFIED.,.F.,.F.,
 .F.,(4,1,4),(2,2),(0.,0.0408031027312584,0.065737401971141),(0.,0.02),
 .UNSPECIFIED.);
#333=B_SPLINE_SURFACE_WITH_KNOTS('',3,1,((#10243,#10244),(#10245,#10246),
(#10247,#10248),(#10249,#10250),(#10251,#10252)),.UNSPECIFIED.,.F.,.F.,
 .F.,(4,1,4),(2,2),(0.,0.0209294178034454,0.0544940705651995),(0.,0.02),
 .UNSPECIFIED.);
#334=B_SPLINE_SURFACE_WITH_KNOTS('',3,1,((#10266,#10267),(#10268,#10269),
(#10270,#10271),(#10272,#10273),(#10274,#10275)),.UNSPECIFIED.,.F.,.F.,
 .F.,(4,1,4),(2,2),(0.,0.0182570321385824,0.041068601088665),(0.,0.02),
 .UNSPECIFIED.);
#335=B_SPLINE_SURFACE_WITH_KNOTS('',3,1,((#10289,#10290),(#10291,#10292),
(#10293,#10294),(#10295,#10296),(#10297,#10298)),.UNSPECIFIED.,.F.,.F.,
 .F.,(4,1,4),(2,2),(0.,0.0174545491318984,0.0338992638078929),(0.,0.02),
 .UNSPECIFIED.);
#336=B_SPLINE_SURFACE_WITH_KNOTS('',3,1,((#10312,#10313),(#10314,#10315),
(#10316,#10317),(#10318,#10319),(#10320,#10321)),.UNSPECIFIED.,.F.,.F.,
 .F.,(4,1,4),(2,2),(0.,0.0216784067574479,0.0407908914015714),(0.,0.02),
 .UNSPECIFIED.);
#337=B_SPLINE_SURFACE_WITH_KNOTS('',3,1,((#10335,#10336),(#10337,#10338),
(#10339,#10340),(#10341,#10342),(#10343,#10344)),.UNSPECIFIED.,.F.,.F.,
 .F.,(4,1,4),(2,2),(0.,0.0225156171149568,0.0452869446459733),(0.,0.02),
 .UNSPECIFIED.);
#338=B_SPLINE_SURFACE_WITH_KNOTS('',3,1,((#10358,#10359),(#10360,#10361),
(#10362,#10363),(#10364,#10365),(#10366,#10367)),.UNSPECIFIED.,.F.,.F.,
 .F.,(4,1,4),(2,2),(0.,0.0211100627484692,0.0441192700852758),(0.,0.02),
 .UNSPECIFIED.);
#339=B_SPLINE_SURFACE_WITH_KNOTS('',3,1,((#10381,#10382),(#10383,#10384),
(#10385,#10386),(#10387,#10388),(#10389,#10390)),.UNSPECIFIED.,.F.,.F.,
 .F.,(4,1,4),(2,2),(0.,0.0197804521348471,0.039790319412903),(0.,0.02),
 .UNSPECIFIED.);
#340=B_SPLINE_SURFACE_WITH_KNOTS('',3,1,((#10404,#10405),(#10406,#10407),
(#10408,#10409),(#10410,#10411),(#10412,#10413)),.UNSPECIFIED.,.F.,.F.,
 .F.,(4,1,4),(2,2),(0.,0.0291985612475507,0.0522594321844413),(0.,0.02),
 .UNSPECIFIED.);
#341=B_SPLINE_SURFACE_WITH_KNOTS('',3,1,((#10449,#10450),(#10451,#10452),
(#10453,#10454),(#10455,#10456),(#10457,#10458)),.UNSPECIFIED.,.F.,.F.,
 .F.,(4,1,4),(2,2),(0.,0.0232722033134859,0.0472504501955291),(0.,0.02),
 .UNSPECIFIED.);
#342=B_SPLINE_SURFACE_WITH_KNOTS('',3,1,((#10475,#10476),(#10477,#10478),
(#10479,#10480),(#10481,#10482),(#10483,#10484)),.UNSPECIFIED.,.F.,.F.,
 .F.,(4,1,4),(2,2),(0.,0.0243728379449332,0.0485384902364044),(0.,0.02),
 .UNSPECIFIED.);
#343=B_SPLINE_SURFACE_WITH_KNOTS('',3,1,((#10498,#10499),(#10500,#10501),
(#10502,#10503),(#10504,#10505),(#10506,#10507)),.UNSPECIFIED.,.F.,.F.,
 .F.,(4,1,4),(2,2),(0.,0.0322149591759111,0.059264767682677),(0.,0.02),
 .UNSPECIFIED.);
#344=B_SPLINE_SURFACE_WITH_KNOTS('',3,1,((#10521,#10522),(#10523,#10524),
(#10525,#10526),(#10527,#10528),(#10529,#10530)),.UNSPECIFIED.,.F.,.F.,
 .F.,(4,1,4),(2,2),(0.,0.0344974996847333,0.0676371611660876),(0.,0.02),
 .UNSPECIFIED.);
#345=B_SPLINE_SURFACE_WITH_KNOTS('',3,1,((#10544,#10545),(#10546,#10547),
(#10548,#10549),(#10550,#10551),(#10552,#10553)),.UNSPECIFIED.,.F.,.F.,
 .F.,(4,1,4),(2,2),(0.,0.0282167903952637,0.0608256492427194),(0.,0.02),
 .UNSPECIFIED.);
#346=B_SPLINE_SURFACE_WITH_KNOTS('',3,1,((#10567,#10568),(#10569,#10570),
(#10571,#10572),(#10573,#10574),(#10575,#10576)),.UNSPECIFIED.,.F.,.F.,
 .F.,(4,1,4),(2,2),(0.,0.0250394064374057,0.0508703971735508),(0.,0.02),
 .UNSPECIFIED.);
#347=B_SPLINE_SURFACE_WITH_KNOTS('',3,1,((#10590,#10591),(#10592,#10593),
(#10594,#10595),(#10596,#10597),(#10598,#10599)),.UNSPECIFIED.,.F.,.F.,
 .F.,(4,1,4),(2,2),(0.,0.0185757139992601,0.0397817775471026),(0.,0.02),
 .UNSPECIFIED.);
#348=B_SPLINE_SURFACE_WITH_KNOTS('',3,1,((#10613,#10614),(#10615,#10616),
(#10617,#10618),(#10619,#10620),(#10621,#10622)),.UNSPECIFIED.,.F.,.F.,
 .F.,(4,1,4),(2,2),(0.,0.0237031343347358,0.0430472954104418),(0.,0.02),
 .UNSPECIFIED.);
#349=B_SPLINE_SURFACE_WITH_KNOTS('',3,1,((#10642,#10643),(#10644,#10645),
(#10646,#10647),(#10648,#10649),(#10650,#10651)),.UNSPECIFIED.,.F.,.F.,
 .F.,(4,1,4),(2,2),(0.,0.0389987366043583,0.0808991214147735),(0.,0.02),
 .UNSPECIFIED.);
#350=B_SPLINE_SURFACE_WITH_KNOTS('',3,1,((#10665,#10666),(#10667,#10668),
(#10669,#10670),(#10671,#10672),(#10673,#10674)),.UNSPECIFIED.,.F.,.F.,
 .F.,(4,1,4),(2,2),(0.,0.044528770741644,0.084398709584738),(0.,0.02),
 .UNSPECIFIED.);
#351=B_SPLINE_SURFACE_WITH_KNOTS('',3,1,((#10688,#10689),(#10690,#10691),
(#10692,#10693),(#10694,#10695),(#10696,#10697)),.UNSPECIFIED.,.F.,.F.,
 .F.,(4,1,4),(2,2),(0.,0.0420133700635042,0.0841372234036515),(0.,0.02),
 .UNSPECIFIED.);
#352=B_SPLINE_SURFACE_WITH_KNOTS('',3,1,((#10711,#10712),(#10713,#10714),
(#10715,#10716),(#10717,#10718),(#10719,#10720)),.UNSPECIFIED.,.F.,.F.,
 .F.,(4,1,4),(2,2),(0.,0.0449301690152243,0.0877464885173688),(0.,0.02),
 .UNSPECIFIED.);
#353=B_SPLINE_SURFACE_WITH_KNOTS('',3,1,((#10734,#10735),(#10736,#10737),
(#10738,#10739),(#10740,#10741),(#10742,#10743)),.UNSPECIFIED.,.F.,.F.,
 .F.,(4,1,4),(2,2),(0.,0.0492598193063034,0.0965368144051589),(0.,0.02),
 .UNSPECIFIED.);
#354=B_SPLINE_SURFACE_WITH_KNOTS('',3,1,((#10757,#10758),(#10759,#10760),
(#10761,#10762),(#10763,#10764),(#10765,#10766)),.UNSPECIFIED.,.F.,.F.,
 .F.,(4,1,4),(2,2),(0.,0.0468049011991704,0.10290231434586),(0.,0.02),
 .UNSPECIFIED.);
#355=B_SPLINE_SURFACE_WITH_KNOTS('',3,1,((#10780,#10781),(#10782,#10783),
(#10784,#10785),(#10786,#10787),(#10788,#10789)),.UNSPECIFIED.,.F.,.F.,
 .F.,(4,1,4),(2,2),(0.,0.0497319516929245,0.0943215355120855),(0.,0.02),
 .UNSPECIFIED.);
#356=B_SPLINE_SURFACE_WITH_KNOTS('',3,1,((#10803,#10804),(#10805,#10806),
(#10807,#10808),(#10809,#10810),(#10811,#10812)),.UNSPECIFIED.,.F.,.F.,
 .F.,(4,1,4),(2,2),(0.,0.0443291844866096,0.0906012313281456),(0.,0.02),
 .UNSPECIFIED.);
#357=B_SPLINE_SURFACE_WITH_KNOTS('',3,1,((#10826,#10827),(#10828,#10829),
(#10830,#10831),(#10832,#10833),(#10834,#10835)),.UNSPECIFIED.,.F.,.F.,
 .F.,(4,1,4),(2,2),(0.,0.050061665540715,0.0957002431672471),(0.,0.02),
 .UNSPECIFIED.);
#358=B_SPLINE_SURFACE_WITH_KNOTS('',3,1,((#10855,#10856),(#10857,#10858),
(#10859,#10860),(#10861,#10862),(#10863,#10864)),.UNSPECIFIED.,.F.,.F.,
 .F.,(4,1,4),(2,2),(0.,0.0259893616832431,0.0554606222360613),(0.,0.02),
 .UNSPECIFIED.);
#359=FACE_OUTER_BOUND('',#702,.T.);
#360=FACE_OUTER_BOUND('',#703,.T.);
#361=FACE_OUTER_BOUND('',#704,.T.);
#362=FACE_OUTER_BOUND('',#705,.T.);
#363=FACE_OUTER_BOUND('',#706,.T.);
#364=FACE_OUTER_BOUND('',#707,.T.);
#365=FACE_OUTER_BOUND('',#708,.T.);
#366=FACE_OUTER_BOUND('',#709,.T.);
#367=FACE_OUTER_BOUND('',#710,.T.);
#368=FACE_OUTER_BOUND('',#711,.T.);
#369=FACE_OUTER_BOUND('',#712,.T.);
#370=FACE_OUTER_BOUND('',#713,.T.);
#371=FACE_OUTER_BOUND('',#714,.T.);
#372=FACE_OUTER_BOUND('',#715,.T.);
#373=FACE_OUTER_BOUND('',#716,.T.);
#374=FACE_OUTER_BOUND('',#717,.T.);
#375=FACE_OUTER_BOUND('',#718,.T.);
#376=FACE_OUTER_BOUND('',#719,.T.);
#377=FACE_OUTER_BOUND('',#720,.T.);
#378=FACE_OUTER_BOUND('',#721,.T.);
#379=FACE_OUTER_BOUND('',#722,.T.);
#380=FACE_OUTER_BOUND('',#723,.T.);
#381=FACE_OUTER_BOUND('',#724,.T.);
#382=FACE_OUTER_BOUND('',#725,.T.);
#383=FACE_OUTER_BOUND('',#726,.T.);
#384=FACE_OUTER_BOUND('',#727,.T.);
#385=FACE_OUTER_BOUND('',#728,.T.);
#386=FACE_OUTER_BOUND('',#729,.T.);
#387=FACE_OUTER_BOUND('',#730,.T.);
#388=FACE_OUTER_BOUND('',#731,.T.);
#389=FACE_OUTER_BOUND('',#732,.T.);
#390=FACE_OUTER_BOUND('',#733,.T.);
#391=FACE_OUTER_BOUND('',#734,.T.);
#392=FACE_OUTER_BOUND('',#735,.T.);
#393=FACE_OUTER_BOUND('',#736,.T.);
#394=FACE_OUTER_BOUND('',#737,.T.);
#395=FACE_OUTER_BOUND('',#738,.T.);
#396=FACE_OUTER_BOUND('',#739,.T.);
#397=FACE_OUTER_BOUND('',#740,.T.);
#398=FACE_OUTER_BOUND('',#741,.T.);
#399=FACE_OUTER_BOUND('',#742,.T.);
#400=FACE_OUTER_BOUND('',#743,.T.);
#401=FACE_OUTER_BOUND('',#744,.T.);
#402=FACE_OUTER_BOUND('',#745,.T.);
#403=FACE_OUTER_BOUND('',#746,.T.);
#404=FACE_OUTER_BOUND('',#747,.T.);
#405=FACE_OUTER_BOUND('',#748,.T.);
#406=FACE_OUTER_BOUND('',#749,.T.);
#407=FACE_OUTER_BOUND('',#750,.T.);
#408=FACE_OUTER_BOUND('',#751,.T.);
#409=FACE_OUTER_BOUND('',#752,.T.);
#410=FACE_OUTER_BOUND('',#753,.T.);
#411=FACE_OUTER_BOUND('',#754,.T.);
#412=FACE_OUTER_BOUND('',#755,.T.);
#413=FACE_OUTER_BOUND('',#756,.T.);
#414=FACE_OUTER_BOUND('',#757,.T.);
#415=FACE_OUTER_BOUND('',#758,.T.);
#416=FACE_OUTER_BOUND('',#759,.T.);
#417=FACE_OUTER_BOUND('',#760,.T.);
#418=FACE_OUTER_BOUND('',#761,.T.);
#419=FACE_OUTER_BOUND('',#762,.T.);
#420=FACE_OUTER_BOUND('',#763,.T.);
#421=FACE_OUTER_BOUND('',#765,.T.);
#422=FACE_OUTER_BOUND('',#766,.T.);
#423=FACE_OUTER_BOUND('',#767,.T.);
#424=FACE_OUTER_BOUND('',#768,.T.);
#425=FACE_OUTER_BOUND('',#769,.T.);
#426=FACE_OUTER_BOUND('',#770,.T.);
#427=FACE_OUTER_BOUND('',#771,.T.);
#428=FACE_OUTER_BOUND('',#772,.T.);
#429=FACE_OUTER_BOUND('',#773,.T.);
#430=FACE_OUTER_BOUND('',#774,.T.);
#431=FACE_OUTER_BOUND('',#775,.T.);
#432=FACE_OUTER_BOUND('',#776,.T.);
#433=FACE_OUTER_BOUND('',#777,.T.);
#434=FACE_OUTER_BOUND('',#778,.T.);
#435=FACE_OUTER_BOUND('',#779,.T.);
#436=FACE_OUTER_BOUND('',#780,.T.);
#437=FACE_OUTER_BOUND('',#781,.T.);
#438=FACE_OUTER_BOUND('',#782,.T.);
#439=FACE_OUTER_BOUND('',#783,.T.);
#440=FACE_OUTER_BOUND('',#784,.T.);
#441=FACE_OUTER_BOUND('',#785,.T.);
#442=FACE_OUTER_BOUND('',#786,.T.);
#443=FACE_OUTER_BOUND('',#787,.T.);
#444=FACE_OUTER_BOUND('',#788,.T.);
#445=FACE_OUTER_BOUND('',#789,.T.);
#446=FACE_OUTER_BOUND('',#790,.T.);
#447=FACE_OUTER_BOUND('',#791,.T.);
#448=FACE_OUTER_BOUND('',#792,.T.);
#449=FACE_OUTER_BOUND('',#793,.T.);
#450=FACE_OUTER_BOUND('',#794,.T.);
#451=FACE_OUTER_BOUND('',#795,.T.);
#452=FACE_OUTER_BOUND('',#796,.T.);
#453=FACE_OUTER_BOUND('',#797,.T.);
#454=FACE_OUTER_BOUND('',#798,.T.);
#455=FACE_OUTER_BOUND('',#799,.T.);
#456=FACE_OUTER_BOUND('',#800,.T.);
#457=FACE_OUTER_BOUND('',#801,.T.);
#458=FACE_OUTER_BOUND('',#802,.T.);
#459=FACE_OUTER_BOUND('',#803,.T.);
#460=FACE_OUTER_BOUND('',#804,.T.);
#461=FACE_OUTER_BOUND('',#805,.T.);
#462=FACE_OUTER_BOUND('',#806,.T.);
#463=FACE_OUTER_BOUND('',#808,.T.);
#464=FACE_OUTER_BOUND('',#809,.T.);
#465=FACE_OUTER_BOUND('',#810,.T.);
#466=FACE_OUTER_BOUND('',#811,.T.);
#467=FACE_OUTER_BOUND('',#812,.T.);
#468=FACE_OUTER_BOUND('',#813,.T.);
#469=FACE_OUTER_BOUND('',#814,.T.);
#470=FACE_OUTER_BOUND('',#815,.T.);
#471=FACE_OUTER_BOUND('',#816,.T.);
#472=FACE_OUTER_BOUND('',#817,.T.);
#473=FACE_OUTER_BOUND('',#818,.T.);
#474=FACE_OUTER_BOUND('',#819,.T.);
#475=FACE_OUTER_BOUND('',#821,.T.);
#476=FACE_OUTER_BOUND('',#822,.T.);
#477=FACE_OUTER_BOUND('',#823,.T.);
#478=FACE_OUTER_BOUND('',#824,.T.);
#479=FACE_OUTER_BOUND('',#825,.T.);
#480=FACE_OUTER_BOUND('',#826,.T.);
#481=FACE_OUTER_BOUND('',#827,.T.);
#482=FACE_OUTER_BOUND('',#828,.T.);
#483=FACE_OUTER_BOUND('',#829,.T.);
#484=FACE_OUTER_BOUND('',#830,.T.);
#485=FACE_OUTER_BOUND('',#831,.T.);
#486=FACE_OUTER_BOUND('',#832,.T.);
#487=FACE_OUTER_BOUND('',#834,.T.);
#488=FACE_OUTER_BOUND('',#835,.T.);
#489=FACE_OUTER_BOUND('',#836,.T.);
#490=FACE_OUTER_BOUND('',#837,.T.);
#491=FACE_OUTER_BOUND('',#838,.T.);
#492=FACE_OUTER_BOUND('',#839,.T.);
#493=FACE_OUTER_BOUND('',#840,.T.);
#494=FACE_OUTER_BOUND('',#841,.T.);
#495=FACE_OUTER_BOUND('',#842,.T.);
#496=FACE_OUTER_BOUND('',#843,.T.);
#497=FACE_OUTER_BOUND('',#844,.T.);
#498=FACE_OUTER_BOUND('',#845,.T.);
#499=FACE_OUTER_BOUND('',#846,.T.);
#500=FACE_OUTER_BOUND('',#847,.T.);
#501=FACE_OUTER_BOUND('',#848,.T.);
#502=FACE_OUTER_BOUND('',#849,.T.);
#503=FACE_OUTER_BOUND('',#850,.T.);
#504=FACE_OUTER_BOUND('',#851,.T.);
#505=FACE_OUTER_BOUND('',#852,.T.);
#506=FACE_OUTER_BOUND('',#853,.T.);
#507=FACE_OUTER_BOUND('',#854,.T.);
#508=FACE_OUTER_BOUND('',#855,.T.);
#509=FACE_OUTER_BOUND('',#856,.T.);
#510=FACE_OUTER_BOUND('',#857,.T.);
#511=FACE_OUTER_BOUND('',#858,.T.);
#512=FACE_OUTER_BOUND('',#859,.T.);
#513=FACE_OUTER_BOUND('',#860,.T.);
#514=FACE_OUTER_BOUND('',#861,.T.);
#515=FACE_OUTER_BOUND('',#862,.T.);
#516=FACE_OUTER_BOUND('',#863,.T.);
#517=FACE_OUTER_BOUND('',#864,.T.);
#518=FACE_OUTER_BOUND('',#865,.T.);
#519=FACE_OUTER_BOUND('',#866,.T.);
#520=FACE_OUTER_BOUND('',#867,.T.);
#521=FACE_OUTER_BOUND('',#868,.T.);
#522=FACE_OUTER_BOUND('',#869,.T.);
#523=FACE_OUTER_BOUND('',#870,.T.);
#524=FACE_OUTER_BOUND('',#871,.T.);
#525=FACE_OUTER_BOUND('',#872,.T.);
#526=FACE_OUTER_BOUND('',#873,.T.);
#527=FACE_OUTER_BOUND('',#874,.T.);
#528=FACE_OUTER_BOUND('',#875,.T.);
#529=FACE_OUTER_BOUND('',#876,.T.);
#530=FACE_OUTER_BOUND('',#877,.T.);
#531=FACE_OUTER_BOUND('',#878,.T.);
#532=FACE_OUTER_BOUND('',#879,.T.);
#533=FACE_OUTER_BOUND('',#880,.T.);
#534=FACE_OUTER_BOUND('',#881,.T.);
#535=FACE_OUTER_BOUND('',#882,.T.);
#536=FACE_OUTER_BOUND('',#883,.T.);
#537=FACE_OUTER_BOUND('',#884,.T.);
#538=FACE_OUTER_BOUND('',#885,.T.);
#539=FACE_OUTER_BOUND('',#886,.T.);
#540=FACE_OUTER_BOUND('',#887,.T.);
#541=FACE_OUTER_BOUND('',#888,.T.);
#542=FACE_OUTER_BOUND('',#889,.T.);
#543=FACE_OUTER_BOUND('',#890,.T.);
#544=FACE_OUTER_BOUND('',#891,.T.);
#545=FACE_OUTER_BOUND('',#892,.T.);
#546=FACE_OUTER_BOUND('',#893,.T.);
#547=FACE_OUTER_BOUND('',#894,.T.);
#548=FACE_OUTER_BOUND('',#895,.T.);
#549=FACE_OUTER_BOUND('',#896,.T.);
#550=FACE_OUTER_BOUND('',#897,.T.);
#551=FACE_OUTER_BOUND('',#898,.T.);
#552=FACE_OUTER_BOUND('',#899,.T.);
#553=FACE_OUTER_BOUND('',#900,.T.);
#554=FACE_OUTER_BOUND('',#901,.T.);
#555=FACE_OUTER_BOUND('',#902,.T.);
#556=FACE_OUTER_BOUND('',#904,.T.);
#557=FACE_OUTER_BOUND('',#905,.T.);
#558=FACE_OUTER_BOUND('',#906,.T.);
#559=FACE_OUTER_BOUND('',#907,.T.);
#560=FACE_OUTER_BOUND('',#908,.T.);
#561=FACE_OUTER_BOUND('',#909,.T.);
#562=FACE_OUTER_BOUND('',#910,.T.);
#563=FACE_OUTER_BOUND('',#911,.T.);
#564=FACE_OUTER_BOUND('',#912,.T.);
#565=FACE_OUTER_BOUND('',#913,.T.);
#566=FACE_OUTER_BOUND('',#914,.T.);
#567=FACE_OUTER_BOUND('',#915,.T.);
#568=FACE_OUTER_BOUND('',#916,.T.);
#569=FACE_OUTER_BOUND('',#917,.T.);
#570=FACE_OUTER_BOUND('',#918,.T.);
#571=FACE_OUTER_BOUND('',#919,.T.);
#572=FACE_OUTER_BOUND('',#920,.T.);
#573=FACE_OUTER_BOUND('',#921,.T.);
#574=FACE_OUTER_BOUND('',#922,.T.);
#575=FACE_OUTER_BOUND('',#923,.T.);
#576=FACE_OUTER_BOUND('',#924,.T.);
#577=FACE_OUTER_BOUND('',#925,.T.);
#578=FACE_OUTER_BOUND('',#926,.T.);
#579=FACE_OUTER_BOUND('',#928,.T.);
#580=FACE_OUTER_BOUND('',#929,.T.);
#581=FACE_OUTER_BOUND('',#930,.T.);
#582=FACE_OUTER_BOUND('',#931,.T.);
#583=FACE_OUTER_BOUND('',#932,.T.);
#584=FACE_OUTER_BOUND('',#933,.T.);
#585=FACE_OUTER_BOUND('',#934,.T.);
#586=FACE_OUTER_BOUND('',#935,.T.);
#587=FACE_OUTER_BOUND('',#936,.T.);
#588=FACE_OUTER_BOUND('',#937,.T.);
#589=FACE_OUTER_BOUND('',#938,.T.);
#590=FACE_OUTER_BOUND('',#939,.T.);
#591=FACE_OUTER_BOUND('',#940,.T.);
#592=FACE_OUTER_BOUND('',#941,.T.);
#593=FACE_OUTER_BOUND('',#942,.T.);
#594=FACE_OUTER_BOUND('',#943,.T.);
#595=FACE_OUTER_BOUND('',#944,.T.);
#596=FACE_OUTER_BOUND('',#945,.T.);
#597=FACE_OUTER_BOUND('',#946,.T.);
#598=FACE_OUTER_BOUND('',#947,.T.);
#599=FACE_OUTER_BOUND('',#948,.T.);
#600=FACE_OUTER_BOUND('',#949,.T.);
#601=FACE_OUTER_BOUND('',#950,.T.);
#602=FACE_OUTER_BOUND('',#951,.T.);
#603=FACE_OUTER_BOUND('',#952,.T.);
#604=FACE_OUTER_BOUND('',#953,.T.);
#605=FACE_OUTER_BOUND('',#954,.T.);
#606=FACE_OUTER_BOUND('',#955,.T.);
#607=FACE_OUTER_BOUND('',#956,.T.);
#608=FACE_OUTER_BOUND('',#957,.T.);
#609=FACE_OUTER_BOUND('',#958,.T.);
#610=FACE_OUTER_BOUND('',#959,.T.);
#611=FACE_OUTER_BOUND('',#960,.T.);
#612=FACE_OUTER_BOUND('',#961,.T.);
#613=FACE_OUTER_BOUND('',#962,.T.);
#614=FACE_OUTER_BOUND('',#963,.T.);
#615=FACE_OUTER_BOUND('',#964,.T.);
#616=FACE_OUTER_BOUND('',#965,.T.);
#617=FACE_OUTER_BOUND('',#966,.T.);
#618=FACE_OUTER_BOUND('',#967,.T.);
#619=FACE_OUTER_BOUND('',#968,.T.);
#620=FACE_OUTER_BOUND('',#969,.T.);
#621=FACE_OUTER_BOUND('',#970,.T.);
#622=FACE_OUTER_BOUND('',#971,.T.);
#623=FACE_OUTER_BOUND('',#972,.T.);
#624=FACE_OUTER_BOUND('',#973,.T.);
#625=FACE_OUTER_BOUND('',#975,.T.);
#626=FACE_OUTER_BOUND('',#976,.T.);
#627=FACE_OUTER_BOUND('',#977,.T.);
#628=FACE_OUTER_BOUND('',#978,.T.);
#629=FACE_OUTER_BOUND('',#979,.T.);
#630=FACE_OUTER_BOUND('',#980,.T.);
#631=FACE_OUTER_BOUND('',#981,.T.);
#632=FACE_OUTER_BOUND('',#982,.T.);
#633=FACE_OUTER_BOUND('',#983,.T.);
#634=FACE_OUTER_BOUND('',#984,.T.);
#635=FACE_OUTER_BOUND('',#985,.T.);
#636=FACE_OUTER_BOUND('',#986,.T.);
#637=FACE_OUTER_BOUND('',#988,.T.);
#638=FACE_OUTER_BOUND('',#989,.T.);
#639=FACE_OUTER_BOUND('',#990,.T.);
#640=FACE_OUTER_BOUND('',#991,.T.);
#641=FACE_OUTER_BOUND('',#992,.T.);
#642=FACE_OUTER_BOUND('',#993,.T.);
#643=FACE_OUTER_BOUND('',#994,.T.);
#644=FACE_OUTER_BOUND('',#995,.T.);
#645=FACE_OUTER_BOUND('',#996,.T.);
#646=FACE_OUTER_BOUND('',#997,.T.);
#647=FACE_OUTER_BOUND('',#998,.T.);
#648=FACE_OUTER_BOUND('',#999,.T.);
#649=FACE_OUTER_BOUND('',#1000,.T.);
#650=FACE_OUTER_BOUND('',#1001,.T.);
#651=FACE_OUTER_BOUND('',#1002,.T.);
#652=FACE_OUTER_BOUND('',#1003,.T.);
#653=FACE_OUTER_BOUND('',#1004,.T.);
#654=FACE_OUTER_BOUND('',#1005,.T.);
#655=FACE_OUTER_BOUND('',#1014,.T.);
#656=FACE_OUTER_BOUND('',#1015,.T.);
#657=FACE_OUTER_BOUND('',#1016,.T.);
#658=FACE_OUTER_BOUND('',#1017,.T.);
#659=FACE_OUTER_BOUND('',#1018,.T.);
#660=FACE_OUTER_BOUND('',#1019,.T.);
#661=FACE_OUTER_BOUND('',#1020,.T.);
#662=FACE_OUTER_BOUND('',#1021,.T.);
#663=FACE_OUTER_BOUND('',#1022,.T.);
#664=FACE_OUTER_BOUND('',#1023,.T.);
#665=FACE_OUTER_BOUND('',#1024,.T.);
#666=FACE_OUTER_BOUND('',#1025,.T.);
#667=FACE_OUTER_BOUND('',#1026,.T.);
#668=FACE_OUTER_BOUND('',#1027,.T.);
#669=FACE_OUTER_BOUND('',#1028,.T.);
#670=FACE_OUTER_BOUND('',#1029,.T.);
#671=FACE_OUTER_BOUND('',#1030,.T.);
#672=FACE_OUTER_BOUND('',#1031,.T.);
#673=FACE_OUTER_BOUND('',#1032,.T.);
#674=FACE_OUTER_BOUND('',#1033,.T.);
#675=FACE_OUTER_BOUND('',#1034,.T.);
#676=FACE_OUTER_BOUND('',#1035,.T.);
#677=FACE_OUTER_BOUND('',#1036,.T.);
#678=FACE_OUTER_BOUND('',#1037,.T.);
#679=FACE_OUTER_BOUND('',#1038,.T.);
#680=FACE_OUTER_BOUND('',#1039,.T.);
#681=FACE_OUTER_BOUND('',#1040,.T.);
#682=FACE_OUTER_BOUND('',#1041,.T.);
#683=FACE_OUTER_BOUND('',#1042,.T.);
#684=FACE_OUTER_BOUND('',#1043,.T.);
#685=FACE_OUTER_BOUND('',#1044,.T.);
#686=FACE_OUTER_BOUND('',#1045,.T.);
#687=FACE_OUTER_BOUND('',#1046,.T.);
#688=FACE_OUTER_BOUND('',#1047,.T.);
#689=FACE_OUTER_BOUND('',#1048,.T.);
#690=FACE_OUTER_BOUND('',#1049,.T.);
#691=FACE_OUTER_BOUND('',#1050,.T.);
#692=FACE_OUTER_BOUND('',#1051,.T.);
#693=FACE_OUTER_BOUND('',#1052,.T.);
#694=FACE_OUTER_BOUND('',#1053,.T.);
#695=FACE_OUTER_BOUND('',#1054,.T.);
#696=FACE_OUTER_BOUND('',#1055,.T.);
#697=FACE_OUTER_BOUND('',#1056,.T.);
#698=FACE_OUTER_BOUND('',#1057,.T.);
#699=FACE_OUTER_BOUND('',#1058,.T.);
#700=FACE_OUTER_BOUND('',#1059,.T.);
#701=FACE_OUTER_BOUND('',#1060,.T.);
#702=EDGE_LOOP('',(#4106,#4107,#4108,#4109));
#703=EDGE_LOOP('',(#4110,#4111,#4112,#4113));
#704=EDGE_LOOP('',(#4114,#4115,#4116,#4117));
#705=EDGE_LOOP('',(#4118,#4119,#4120,#4121));
#706=EDGE_LOOP('',(#4122,#4123,#4124,#4125));
#707=EDGE_LOOP('',(#4126,#4127,#4128,#4129));
#708=EDGE_LOOP('',(#4130,#4131,#4132,#4133,#4134,#4135));
#709=EDGE_LOOP('',(#4136,#4137,#4138,#4139));
#710=EDGE_LOOP('',(#4140,#4141,#4142,#4143));
#711=EDGE_LOOP('',(#4144,#4145,#4146,#4147));
#712=EDGE_LOOP('',(#4148,#4149,#4150,#4151));
#713=EDGE_LOOP('',(#4152,#4153,#4154,#4155));
#714=EDGE_LOOP('',(#4156,#4157,#4158,#4159));
#715=EDGE_LOOP('',(#4160,#4161,#4162,#4163));
#716=EDGE_LOOP('',(#4164,#4165,#4166,#4167));
#717=EDGE_LOOP('',(#4168,#4169,#4170,#4171));
#718=EDGE_LOOP('',(#4172,#4173,#4174,#4175));
#719=EDGE_LOOP('',(#4176,#4177,#4178,#4179));
#720=EDGE_LOOP('',(#4180,#4181,#4182,#4183));
#721=EDGE_LOOP('',(#4184,#4185,#4186,#4187));
#722=EDGE_LOOP('',(#4188,#4189,#4190,#4191,#4192,#4193,#4194,#4195,#4196,
#4197,#4198,#4199,#4200));
#723=EDGE_LOOP('',(#4201,#4202,#4203,#4204));
#724=EDGE_LOOP('',(#4205,#4206,#4207,#4208));
#725=EDGE_LOOP('',(#4209,#4210,#4211,#4212));
#726=EDGE_LOOP('',(#4213,#4214,#4215,#4216));
#727=EDGE_LOOP('',(#4217,#4218,#4219,#4220));
#728=EDGE_LOOP('',(#4221,#4222,#4223,#4224));
#729=EDGE_LOOP('',(#4225,#4226,#4227,#4228));
#730=EDGE_LOOP('',(#4229,#4230,#4231,#4232));
#731=EDGE_LOOP('',(#4233,#4234,#4235,#4236));
#732=EDGE_LOOP('',(#4237,#4238,#4239,#4240));
#733=EDGE_LOOP('',(#4241,#4242,#4243,#4244));
#734=EDGE_LOOP('',(#4245,#4246,#4247,#4248));
#735=EDGE_LOOP('',(#4249,#4250,#4251,#4252));
#736=EDGE_LOOP('',(#4253,#4254,#4255,#4256));
#737=EDGE_LOOP('',(#4257,#4258,#4259,#4260));
#738=EDGE_LOOP('',(#4261,#4262,#4263,#4264));
#739=EDGE_LOOP('',(#4265,#4266,#4267,#4268));
#740=EDGE_LOOP('',(#4269,#4270,#4271,#4272));
#741=EDGE_LOOP('',(#4273,#4274,#4275,#4276));
#742=EDGE_LOOP('',(#4277,#4278,#4279,#4280));
#743=EDGE_LOOP('',(#4281,#4282,#4283,#4284));
#744=EDGE_LOOP('',(#4285,#4286,#4287,#4288));
#745=EDGE_LOOP('',(#4289,#4290,#4291,#4292));
#746=EDGE_LOOP('',(#4293,#4294,#4295,#4296));
#747=EDGE_LOOP('',(#4297,#4298,#4299,#4300));
#748=EDGE_LOOP('',(#4301,#4302,#4303,#4304));
#749=EDGE_LOOP('',(#4305,#4306,#4307,#4308));
#750=EDGE_LOOP('',(#4309,#4310,#4311,#4312));
#751=EDGE_LOOP('',(#4313,#4314,#4315,#4316,#4317,#4318,#4319,#4320,#4321,
#4322,#4323,#4324,#4325,#4326,#4327,#4328,#4329,#4330,#4331,#4332,#4333,
#4334,#4335,#4336,#4337,#4338,#4339,#4340));
#752=EDGE_LOOP('',(#4341,#4342,#4343,#4344));
#753=EDGE_LOOP('',(#4345,#4346,#4347,#4348));
#754=EDGE_LOOP('',(#4349,#4350,#4351,#4352));
#755=EDGE_LOOP('',(#4353,#4354,#4355,#4356));
#756=EDGE_LOOP('',(#4357,#4358,#4359,#4360));
#757=EDGE_LOOP('',(#4361,#4362,#4363,#4364));
#758=EDGE_LOOP('',(#4365,#4366,#4367,#4368));
#759=EDGE_LOOP('',(#4369,#4370,#4371,#4372));
#760=EDGE_LOOP('',(#4373,#4374,#4375,#4376));
#761=EDGE_LOOP('',(#4377,#4378,#4379,#4380));
#762=EDGE_LOOP('',(#4381,#4382,#4383,#4384));
#763=EDGE_LOOP('',(#4385,#4386,#4387,#4388,#4389,#4390,#4391,#4392));
#764=EDGE_LOOP('',(#4393,#4394,#4395));
#765=EDGE_LOOP('',(#4396,#4397,#4398,#4399));
#766=EDGE_LOOP('',(#4400,#4401,#4402,#4403));
#767=EDGE_LOOP('',(#4404,#4405,#4406,#4407));
#768=EDGE_LOOP('',(#4408,#4409,#4410,#4411));
#769=EDGE_LOOP('',(#4412,#4413,#4414,#4415));
#770=EDGE_LOOP('',(#4416,#4417,#4418,#4419));
#771=EDGE_LOOP('',(#4420,#4421,#4422,#4423));
#772=EDGE_LOOP('',(#4424,#4425,#4426,#4427));
#773=EDGE_LOOP('',(#4428,#4429,#4430,#4431));
#774=EDGE_LOOP('',(#4432,#4433,#4434,#4435));
#775=EDGE_LOOP('',(#4436,#4437,#4438,#4439));
#776=EDGE_LOOP('',(#4440,#4441,#4442,#4443));
#777=EDGE_LOOP('',(#4444,#4445,#4446,#4447,#4448,#4449,#4450,#4451,#4452,
#4453,#4454,#4455));
#778=EDGE_LOOP('',(#4456,#4457,#4458,#4459));
#779=EDGE_LOOP('',(#4460,#4461,#4462,#4463));
#780=EDGE_LOOP('',(#4464,#4465,#4466,#4467));
#781=EDGE_LOOP('',(#4468,#4469,#4470,#4471));
#782=EDGE_LOOP('',(#4472,#4473,#4474,#4475));
#783=EDGE_LOOP('',(#4476,#4477,#4478,#4479));
#784=EDGE_LOOP('',(#4480,#4481,#4482,#4483));
#785=EDGE_LOOP('',(#4484,#4485,#4486,#4487));
#786=EDGE_LOOP('',(#4488,#4489,#4490,#4491));
#787=EDGE_LOOP('',(#4492,#4493,#4494,#4495));
#788=EDGE_LOOP('',(#4496,#4497,#4498,#4499));
#789=EDGE_LOOP('',(#4500,#4501,#4502,#4503));
#790=EDGE_LOOP('',(#4504,#4505,#4506,#4507));
#791=EDGE_LOOP('',(#4508,#4509,#4510,#4511));
#792=EDGE_LOOP('',(#4512,#4513,#4514,#4515));
#793=EDGE_LOOP('',(#4516,#4517,#4518,#4519));
#794=EDGE_LOOP('',(#4520,#4521,#4522,#4523));
#795=EDGE_LOOP('',(#4524,#4525,#4526,#4527));
#796=EDGE_LOOP('',(#4528,#4529,#4530,#4531));
#797=EDGE_LOOP('',(#4532,#4533,#4534,#4535));
#798=EDGE_LOOP('',(#4536,#4537,#4538,#4539));
#799=EDGE_LOOP('',(#4540,#4541,#4542,#4543));
#800=EDGE_LOOP('',(#4544,#4545,#4546,#4547));
#801=EDGE_LOOP('',(#4548,#4549,#4550,#4551));
#802=EDGE_LOOP('',(#4552,#4553,#4554,#4555));
#803=EDGE_LOOP('',(#4556,#4557,#4558,#4559));
#804=EDGE_LOOP('',(#4560,#4561,#4562,#4563));
#805=EDGE_LOOP('',(#4564,#4565,#4566,#4567));
#806=EDGE_LOOP('',(#4568,#4569,#4570,#4571,#4572,#4573,#4574,#4575,#4576,
#4577,#4578,#4579,#4580));
#807=EDGE_LOOP('',(#4581,#4582,#4583,#4584,#4585,#4586,#4587,#4588,#4589,
#4590));
#808=EDGE_LOOP('',(#4591,#4592,#4593,#4594));
#809=EDGE_LOOP('',(#4595,#4596,#4597,#4598));
#810=EDGE_LOOP('',(#4599,#4600,#4601,#4602));
#811=EDGE_LOOP('',(#4603,#4604,#4605,#4606));
#812=EDGE_LOOP('',(#4607,#4608,#4609,#4610));
#813=EDGE_LOOP('',(#4611,#4612,#4613,#4614));
#814=EDGE_LOOP('',(#4615,#4616,#4617,#4618));
#815=EDGE_LOOP('',(#4619,#4620,#4621,#4622));
#816=EDGE_LOOP('',(#4623,#4624,#4625,#4626));
#817=EDGE_LOOP('',(#4627,#4628,#4629,#4630));
#818=EDGE_LOOP('',(#4631,#4632,#4633,#4634));
#819=EDGE_LOOP('',(#4635,#4636,#4637,#4638,#4639,#4640,#4641,#4642));
#820=EDGE_LOOP('',(#4643,#4644,#4645));
#821=EDGE_LOOP('',(#4646,#4647,#4648,#4649));
#822=EDGE_LOOP('',(#4650,#4651,#4652,#4653));
#823=EDGE_LOOP('',(#4654,#4655,#4656,#4657));
#824=EDGE_LOOP('',(#4658,#4659,#4660,#4661));
#825=EDGE_LOOP('',(#4662,#4663,#4664,#4665));
#826=EDGE_LOOP('',(#4666,#4667,#4668,#4669));
#827=EDGE_LOOP('',(#4670,#4671,#4672,#4673));
#828=EDGE_LOOP('',(#4674,#4675,#4676,#4677));
#829=EDGE_LOOP('',(#4678,#4679,#4680,#4681));
#830=EDGE_LOOP('',(#4682,#4683,#4684,#4685));
#831=EDGE_LOOP('',(#4686,#4687,#4688,#4689));
#832=EDGE_LOOP('',(#4690,#4691,#4692,#4693,#4694,#4695,#4696,#4697));
#833=EDGE_LOOP('',(#4698,#4699,#4700));
#834=EDGE_LOOP('',(#4701,#4702,#4703,#4704));
#835=EDGE_LOOP('',(#4705,#4706,#4707,#4708));
#836=EDGE_LOOP('',(#4709,#4710,#4711,#4712));
#837=EDGE_LOOP('',(#4713,#4714,#4715,#4716));
#838=EDGE_LOOP('',(#4717,#4718,#4719,#4720));
#839=EDGE_LOOP('',(#4721,#4722,#4723,#4724));
#840=EDGE_LOOP('',(#4725,#4726,#4727,#4728));
#841=EDGE_LOOP('',(#4729,#4730,#4731,#4732));
#842=EDGE_LOOP('',(#4733,#4734,#4735,#4736));
#843=EDGE_LOOP('',(#4737,#4738,#4739,#4740));
#844=EDGE_LOOP('',(#4741,#4742,#4743,#4744));
#845=EDGE_LOOP('',(#4745,#4746,#4747,#4748));
#846=EDGE_LOOP('',(#4749,#4750,#4751,#4752));
#847=EDGE_LOOP('',(#4753,#4754,#4755,#4756));
#848=EDGE_LOOP('',(#4757,#4758,#4759,#4760));
#849=EDGE_LOOP('',(#4761,#4762,#4763,#4764));
#850=EDGE_LOOP('',(#4765,#4766,#4767,#4768,#4769,#4770));
#851=EDGE_LOOP('',(#4771,#4772,#4773,#4774));
#852=EDGE_LOOP('',(#4775,#4776,#4777,#4778));
#853=EDGE_LOOP('',(#4779,#4780,#4781,#4782));
#854=EDGE_LOOP('',(#4783,#4784,#4785,#4786));
#855=EDGE_LOOP('',(#4787,#4788,#4789,#4790));
#856=EDGE_LOOP('',(#4791,#4792,#4793,#4794));
#857=EDGE_LOOP('',(#4795,#4796,#4797,#4798,#4799,#4800));
#858=EDGE_LOOP('',(#4801,#4802,#4803,#4804));
#859=EDGE_LOOP('',(#4805,#4806,#4807,#4808));
#860=EDGE_LOOP('',(#4809,#4810,#4811,#4812));
#861=EDGE_LOOP('',(#4813,#4814,#4815,#4816));
#862=EDGE_LOOP('',(#4817,#4818,#4819,#4820));
#863=EDGE_LOOP('',(#4821,#4822,#4823,#4824));
#864=EDGE_LOOP('',(#4825,#4826,#4827,#4828,#4829,#4830));
#865=EDGE_LOOP('',(#4831,#4832,#4833,#4834));
#866=EDGE_LOOP('',(#4835,#4836,#4837,#4838));
#867=EDGE_LOOP('',(#4839,#4840,#4841,#4842));
#868=EDGE_LOOP('',(#4843,#4844,#4845,#4846));
#869=EDGE_LOOP('',(#4847,#4848,#4849,#4850));
#870=EDGE_LOOP('',(#4851,#4852,#4853,#4854));
#871=EDGE_LOOP('',(#4855,#4856,#4857,#4858));
#872=EDGE_LOOP('',(#4859,#4860,#4861,#4862));
#873=EDGE_LOOP('',(#4863,#4864,#4865,#4866));
#874=EDGE_LOOP('',(#4867,#4868,#4869,#4870));
#875=EDGE_LOOP('',(#4871,#4872,#4873,#4874));
#876=EDGE_LOOP('',(#4875,#4876,#4877,#4878));
#877=EDGE_LOOP('',(#4879,#4880,#4881,#4882,#4883,#4884,#4885,#4886,#4887,
#4888,#4889,#4890));
#878=EDGE_LOOP('',(#4891,#4892,#4893,#4894));
#879=EDGE_LOOP('',(#4895,#4896,#4897,#4898));
#880=EDGE_LOOP('',(#4899,#4900,#4901,#4902));
#881=EDGE_LOOP('',(#4903,#4904,#4905,#4906));
#882=EDGE_LOOP('',(#4907,#4908,#4909,#4910));
#883=EDGE_LOOP('',(#4911,#4912,#4913,#4914));
#884=EDGE_LOOP('',(#4915,#4916,#4917,#4918));
#885=EDGE_LOOP('',(#4919,#4920,#4921,#4922));
#886=EDGE_LOOP('',(#4923,#4924,#4925,#4926));
#887=EDGE_LOOP('',(#4927,#4928,#4929,#4930));
#888=EDGE_LOOP('',(#4931,#4932,#4933,#4934));
#889=EDGE_LOOP('',(#4935,#4936,#4937,#4938));
#890=EDGE_LOOP('',(#4939,#4940,#4941,#4942,#4943,#4944,#4945,#4946,#4947,
#4948,#4949,#4950));
#891=EDGE_LOOP('',(#4951,#4952,#4953,#4954));
#892=EDGE_LOOP('',(#4955,#4956,#4957,#4958));
#893=EDGE_LOOP('',(#4959,#4960,#4961,#4962));
#894=EDGE_LOOP('',(#4963,#4964,#4965,#4966));
#895=EDGE_LOOP('',(#4967,#4968,#4969,#4970));
#896=EDGE_LOOP('',(#4971,#4972,#4973,#4974));
#897=EDGE_LOOP('',(#4975,#4976,#4977,#4978));
#898=EDGE_LOOP('',(#4979,#4980,#4981,#4982));
#899=EDGE_LOOP('',(#4983,#4984,#4985,#4986));
#900=EDGE_LOOP('',(#4987,#4988,#4989,#4990));
#901=EDGE_LOOP('',(#4991,#4992,#4993,#4994));
#902=EDGE_LOOP('',(#4995,#4996,#4997,#4998,#4999,#5000,#5001,#5002));
#903=EDGE_LOOP('',(#5003,#5004,#5005));
#904=EDGE_LOOP('',(#5006,#5007,#5008,#5009));
#905=EDGE_LOOP('',(#5010,#5011,#5012,#5013));
#906=EDGE_LOOP('',(#5014,#5015,#5016,#5017));
#907=EDGE_LOOP('',(#5018,#5019,#5020,#5021));
#908=EDGE_LOOP('',(#5022,#5023,#5024,#5025));
#909=EDGE_LOOP('',(#5026,#5027,#5028,#5029));
#910=EDGE_LOOP('',(#5030,#5031,#5032,#5033));
#911=EDGE_LOOP('',(#5034,#5035,#5036,#5037));
#912=EDGE_LOOP('',(#5038,#5039,#5040,#5041));
#913=EDGE_LOOP('',(#5042,#5043,#5044,#5045));
#914=EDGE_LOOP('',(#5046,#5047,#5048,#5049));
#915=EDGE_LOOP('',(#5050,#5051,#5052,#5053));
#916=EDGE_LOOP('',(#5054,#5055,#5056,#5057));
#917=EDGE_LOOP('',(#5058,#5059,#5060,#5061));
#918=EDGE_LOOP('',(#5062,#5063,#5064,#5065));
#919=EDGE_LOOP('',(#5066,#5067,#5068,#5069));
#920=EDGE_LOOP('',(#5070,#5071,#5072,#5073));
#921=EDGE_LOOP('',(#5074,#5075,#5076,#5077));
#922=EDGE_LOOP('',(#5078,#5079,#5080,#5081));
#923=EDGE_LOOP('',(#5082,#5083,#5084,#5085));
#924=EDGE_LOOP('',(#5086,#5087,#5088,#5089));
#925=EDGE_LOOP('',(#5090,#5091,#5092,#5093));
#926=EDGE_LOOP('',(#5094,#5095,#5096,#5097,#5098,#5099,#5100,#5101,#5102,
#5103,#5104,#5105,#5106));
#927=EDGE_LOOP('',(#5107,#5108,#5109,#5110,#5111,#5112,#5113,#5114,#5115));
#928=EDGE_LOOP('',(#5116,#5117,#5118,#5119));
#929=EDGE_LOOP('',(#5120,#5121,#5122,#5123));
#930=EDGE_LOOP('',(#5124,#5125,#5126,#5127));
#931=EDGE_LOOP('',(#5128,#5129,#5130,#5131));
#932=EDGE_LOOP('',(#5132,#5133,#5134,#5135));
#933=EDGE_LOOP('',(#5136,#5137,#5138,#5139));
#934=EDGE_LOOP('',(#5140,#5141,#5142,#5143));
#935=EDGE_LOOP('',(#5144,#5145,#5146,#5147));
#936=EDGE_LOOP('',(#5148,#5149,#5150,#5151));
#937=EDGE_LOOP('',(#5152,#5153,#5154,#5155));
#938=EDGE_LOOP('',(#5156,#5157,#5158,#5159));
#939=EDGE_LOOP('',(#5160,#5161,#5162,#5163));
#940=EDGE_LOOP('',(#5164,#5165,#5166,#5167));
#941=EDGE_LOOP('',(#5168,#5169,#5170,#5171));
#942=EDGE_LOOP('',(#5172,#5173,#5174,#5175));
#943=EDGE_LOOP('',(#5176,#5177,#5178,#5179));
#944=EDGE_LOOP('',(#5180,#5181,#5182,#5183));
#945=EDGE_LOOP('',(#5184,#5185,#5186,#5187));
#946=EDGE_LOOP('',(#5188,#5189,#5190,#5191));
#947=EDGE_LOOP('',(#5192,#5193,#5194,#5195));
#948=EDGE_LOOP('',(#5196,#5197,#5198,#5199,#5200,#5201,#5202,#5203,#5204,
#5205,#5206,#5207,#5208,#5209,#5210,#5211,#5212,#5213,#5214,#5215));
#949=EDGE_LOOP('',(#5216,#5217,#5218,#5219));
#950=EDGE_LOOP('',(#5220,#5221,#5222,#5223));
#951=EDGE_LOOP('',(#5224,#5225,#5226,#5227));
#952=EDGE_LOOP('',(#5228,#5229,#5230,#5231));
#953=EDGE_LOOP('',(#5232,#5233,#5234,#5235));
#954=EDGE_LOOP('',(#5236,#5237,#5238,#5239));
#955=EDGE_LOOP('',(#5240,#5241,#5242,#5243));
#956=EDGE_LOOP('',(#5244,#5245,#5246,#5247));
#957=EDGE_LOOP('',(#5248,#5249,#5250,#5251));
#958=EDGE_LOOP('',(#5252,#5253,#5254,#5255));
#959=EDGE_LOOP('',(#5256,#5257,#5258,#5259));
#960=EDGE_LOOP('',(#5260,#5261,#5262,#5263));
#961=EDGE_LOOP('',(#5264,#5265,#5266,#5267,#5268,#5269,#5270,#5271,#5272,
#5273,#5274,#5275));
#962=EDGE_LOOP('',(#5276,#5277,#5278,#5279));
#963=EDGE_LOOP('',(#5280,#5281,#5282,#5283));
#964=EDGE_LOOP('',(#5284,#5285,#5286,#5287));
#965=EDGE_LOOP('',(#5288,#5289,#5290,#5291));
#966=EDGE_LOOP('',(#5292,#5293,#5294,#5295));
#967=EDGE_LOOP('',(#5296,#5297,#5298,#5299));
#968=EDGE_LOOP('',(#5300,#5301,#5302,#5303));
#969=EDGE_LOOP('',(#5304,#5305,#5306,#5307));
#970=EDGE_LOOP('',(#5308,#5309,#5310,#5311));
#971=EDGE_LOOP('',(#5312,#5313,#5314,#5315));
#972=EDGE_LOOP('',(#5316,#5317,#5318,#5319));
#973=EDGE_LOOP('',(#5320,#5321,#5322,#5323,#5324,#5325,#5326,#5327));
#974=EDGE_LOOP('',(#5328,#5329,#5330));
#975=EDGE_LOOP('',(#5331,#5332,#5333,#5334));
#976=EDGE_LOOP('',(#5335,#5336,#5337,#5338));
#977=EDGE_LOOP('',(#5339,#5340,#5341,#5342));
#978=EDGE_LOOP('',(#5343,#5344,#5345,#5346));
#979=EDGE_LOOP('',(#5347,#5348,#5349,#5350));
#980=EDGE_LOOP('',(#5351,#5352,#5353,#5354));
#981=EDGE_LOOP('',(#5355,#5356,#5357,#5358));
#982=EDGE_LOOP('',(#5359,#5360,#5361,#5362));
#983=EDGE_LOOP('',(#5363,#5364,#5365,#5366));
#984=EDGE_LOOP('',(#5367,#5368,#5369,#5370));
#985=EDGE_LOOP('',(#5371,#5372,#5373,#5374));
#986=EDGE_LOOP('',(#5375,#5376,#5377,#5378,#5379,#5380,#5381,#5382));
#987=EDGE_LOOP('',(#5383,#5384,#5385));
#988=EDGE_LOOP('',(#5386,#5387,#5388,#5389));
#989=EDGE_LOOP('',(#5390,#5391,#5392,#5393));
#990=EDGE_LOOP('',(#5394,#5395,#5396,#5397));
#991=EDGE_LOOP('',(#5398,#5399,#5400,#5401));
#992=EDGE_LOOP('',(#5402,#5403,#5404,#5405));
#993=EDGE_LOOP('',(#5406,#5407,#5408,#5409));
#994=EDGE_LOOP('',(#5410,#5411,#5412,#5413,#5414,#5415));
#995=EDGE_LOOP('',(#5416,#5417,#5418));
#996=EDGE_LOOP('',(#5419,#5420,#5421));
#997=EDGE_LOOP('',(#5422,#5423,#5424,#5425,#5426,#5427,#5428,#5429,#5430));
#998=EDGE_LOOP('',(#5431,#5432,#5433));
#999=EDGE_LOOP('',(#5434,#5435,#5436));
#1000=EDGE_LOOP('',(#5437,#5438,#5439));
#1001=EDGE_LOOP('',(#5440,#5441,#5442,#5443,#5444,#5445,#5446,#5447,#5448,
#5449));
#1002=EDGE_LOOP('',(#5450,#5451,#5452));
#1003=EDGE_LOOP('',(#5453,#5454,#5455,#5456));
#1004=EDGE_LOOP('',(#5457,#5458,#5459,#5460));
#1005=EDGE_LOOP('',(#5461,#5462,#5463,#5464,#5465,#5466,#5467,#5468,#5469,
#5470,#5471,#5472));
#1006=EDGE_LOOP('',(#5473,#5474,#5475,#5476,#5477,#5478,#5479,#5480));
#1007=EDGE_LOOP('',(#5481));
#1008=EDGE_LOOP('',(#5482));
#1009=EDGE_LOOP('',(#5483,#5484,#5485,#5486,#5487,#5488,#5489,#5490));
#1010=EDGE_LOOP('',(#5491));
#1011=EDGE_LOOP('',(#5492,#5493,#5494,#5495,#5496,#5497,#5498,#5499));
#1012=EDGE_LOOP('',(#5500,#5501,#5502,#5503,#5504,#5505,#5506,#5507));
#1013=EDGE_LOOP('',(#5508));
#1014=EDGE_LOOP('',(#5509,#5510,#5511,#5512));
#1015=EDGE_LOOP('',(#5513,#5514,#5515,#5516));
#1016=EDGE_LOOP('',(#5517,#5518,#5519,#5520));
#1017=EDGE_LOOP('',(#5521,#5522,#5523,#5524));
#1018=EDGE_LOOP('',(#5525,#5526,#5527,#5528));
#1019=EDGE_LOOP('',(#5529,#5530,#5531,#5532));
#1020=EDGE_LOOP('',(#5533,#5534,#5535,#5536));
#1021=EDGE_LOOP('',(#5537,#5538,#5539,#5540));
#1022=EDGE_LOOP('',(#5541,#5542,#5543,#5544));
#1023=EDGE_LOOP('',(#5545,#5546,#5547,#5548));
#1024=EDGE_LOOP('',(#5549,#5550,#5551,#5552));
#1025=EDGE_LOOP('',(#5553,#5554,#5555,#5556));
#1026=EDGE_LOOP('',(#5557,#5558,#5559,#5560));
#1027=EDGE_LOOP('',(#5561,#5562,#5563,#5564));
#1028=EDGE_LOOP('',(#5565,#5566,#5567,#5568));
#1029=EDGE_LOOP('',(#5569,#5570,#5571,#5572));
#1030=EDGE_LOOP('',(#5573,#5574,#5575,#5576));
#1031=EDGE_LOOP('',(#5577,#5578,#5579,#5580));
#1032=EDGE_LOOP('',(#5581,#5582,#5583,#5584));
#1033=EDGE_LOOP('',(#5585,#5586,#5587,#5588));
#1034=EDGE_LOOP('',(#5589,#5590,#5591,#5592));
#1035=EDGE_LOOP('',(#5593,#5594,#5595,#5596));
#1036=EDGE_LOOP('',(#5597,#5598,#5599,#5600));
#1037=EDGE_LOOP('',(#5601,#5602,#5603,#5604));
#1038=EDGE_LOOP('',(#5605,#5606,#5607,#5608));
#1039=EDGE_LOOP('',(#5609,#5610,#5611,#5612));
#1040=EDGE_LOOP('',(#5613,#5614,#5615,#5616));
#1041=EDGE_LOOP('',(#5617,#5618,#5619,#5620));
#1042=EDGE_LOOP('',(#5621,#5622,#5623,#5624));
#1043=EDGE_LOOP('',(#5625,#5626,#5627,#5628));
#1044=EDGE_LOOP('',(#5629,#5630,#5631,#5632));
#1045=EDGE_LOOP('',(#5633,#5634,#5635,#5636));
#1046=EDGE_LOOP('',(#5637,#5638,#5639,#5640));
#1047=EDGE_LOOP('',(#5641,#5642,#5643,#5644));
#1048=EDGE_LOOP('',(#5645,#5646,#5647,#5648));
#1049=EDGE_LOOP('',(#5649,#5650,#5651,#5652));
#1050=EDGE_LOOP('',(#5653,#5654,#5655,#5656));
#1051=EDGE_LOOP('',(#5657,#5658,#5659,#5660));
#1052=EDGE_LOOP('',(#5661,#5662,#5663,#5664));
#1053=EDGE_LOOP('',(#5665,#5666,#5667,#5668));
#1054=EDGE_LOOP('',(#5669,#5670,#5671,#5672));
#1055=EDGE_LOOP('',(#5673,#5674,#5675,#5676));
#1056=EDGE_LOOP('',(#5677,#5678,#5679,#5680));
#1057=EDGE_LOOP('',(#5681,#5682,#5683,#5684));
#1058=EDGE_LOOP('',(#5685,#5686,#5687,#5688));
#1059=EDGE_LOOP('',(#5689,#5690,#5691,#5692));
#1060=EDGE_LOOP('',(#5693,#5694,#5695,#5696,#5697,#5698,#5699,#5700,#5701,
#5702,#5703,#5704));
#1061=EDGE_LOOP('',(#5705));
#1062=EDGE_LOOP('',(#5706,#5707,#5708,#5709,#5710,#5711,#5712,#5713));
#1063=EDGE_LOOP('',(#5714,#5715,#5716,#5717,#5718,#5719,#5720,#5721));
#1064=EDGE_LOOP('',(#5722));
#1065=EDGE_LOOP('',(#5723,#5724,#5725,#5726,#5727,#5728,#5729,#5730));
#1066=EDGE_LOOP('',(#5731));
#1067=EDGE_LOOP('',(#5732));
#1068=EDGE_LOOP('',(#5733,#5734,#5735,#5736,#5737,#5738,#5739,#5740));
#1069=EDGE_LOOP('',(#5741,#5742,#5743,#5744,#5745,#5746));
#1070=EDGE_LOOP('',(#5747,#5748,#5749,#5750,#5751,#5752,#5753,#5754));
#1071=EDGE_LOOP('',(#5755,#5756,#5757,#5758,#5759,#5760,#5761,#5762));
#1072=EDGE_LOOP('',(#5763,#5764,#5765,#5766,#5767,#5768,#5769,#5770,#5771,
#5772,#5773,#5774));
#1073=EDGE_LOOP('',(#5775,#5776,#5777,#5778,#5779,#5780,#5781,#5782,#5783,
#5784,#5785,#5786,#5787,#5788,#5789,#5790,#5791,#5792,#5793,#5794));
#1074=EDGE_LOOP('',(#5795,#5796,#5797,#5798,#5799,#5800,#5801,#5802,#5803,
#5804,#5805,#5806,#5807));
#1075=EDGE_LOOP('',(#5808,#5809,#5810,#5811,#5812,#5813,#5814,#5815));
#1076=EDGE_LOOP('',(#5816,#5817,#5818,#5819,#5820,#5821,#5822,#5823,#5824,
#5825,#5826,#5827));
#1077=EDGE_LOOP('',(#5828,#5829,#5830,#5831,#5832,#5833,#5834,#5835,#5836,
#5837,#5838,#5839));
#1078=EDGE_LOOP('',(#5840,#5841,#5842,#5843,#5844,#5845));
#1079=EDGE_LOOP('',(#5846,#5847,#5848,#5849,#5850,#5851));
#1080=EDGE_LOOP('',(#5852,#5853,#5854,#5855,#5856,#5857));
#1081=EDGE_LOOP('',(#5858,#5859,#5860,#5861));
#1082=EDGE_LOOP('',(#5862,#5863,#5864,#5865));
#1083=EDGE_LOOP('',(#5866,#5867,#5868,#5869,#5870,#5871,#5872,#5873));
#1084=EDGE_LOOP('',(#5874,#5875,#5876,#5877,#5878,#5879,#5880,#5881));
#1085=EDGE_LOOP('',(#5882,#5883,#5884,#5885,#5886,#5887,#5888,#5889,#5890,
#5891,#5892,#5893,#5894));
#1086=EDGE_LOOP('',(#5895,#5896,#5897,#5898));
#1087=EDGE_LOOP('',(#5899,#5900,#5901,#5902,#5903,#5904,#5905,#5906,#5907,
#5908,#5909,#5910));
#1088=EDGE_LOOP('',(#5911,#5912,#5913,#5914,#5915,#5916,#5917,#5918));
#1089=EDGE_LOOP('',(#5919,#5920,#5921,#5922,#5923,#5924,#5925,#5926,#5927,
#5928,#5929,#5930,#5931,#5932,#5933,#5934,#5935,#5936,#5937,#5938,#5939,
#5940,#5941,#5942,#5943,#5944,#5945,#5946));
#1090=EDGE_LOOP('',(#5947,#5948,#5949,#5950,#5951,#5952,#5953,#5954,#5955,
#5956,#5957,#5958,#5959));
#1091=EDGE_LOOP('',(#5960,#5961,#5962,#5963,#5964,#5965));
#1092=LINE('',#8253,#1824);
#1093=LINE('',#8255,#1825);
#1094=LINE('',#8257,#1826);
#1095=LINE('',#8258,#1827);
#1096=LINE('',#8261,#1828);
#1097=LINE('',#8263,#1829);
#1098=LINE('',#8264,#1830);
#1099=LINE('',#8267,#1831);
#1100=LINE('',#8269,#1832);
#1101=LINE('',#8270,#1833);
#1102=LINE('',#8273,#1834);
#1103=LINE('',#8275,#1835);
#1104=LINE('',#8276,#1836);
#1105=LINE('',#8279,#1837);
#1106=LINE('',#8281,#1838);
#1107=LINE('',#8282,#1839);
#1108=LINE('',#8284,#1840);
#1109=LINE('',#8285,#1841);
#1110=LINE('',#8290,#1842);
#1111=LINE('',#8292,#1843);
#1112=LINE('',#8294,#1844);
#1113=LINE('',#8295,#1845);
#1114=LINE('',#8298,#1846);
#1115=LINE('',#8300,#1847);
#1116=LINE('',#8301,#1848);
#1117=LINE('',#8304,#1849);
#1118=LINE('',#8306,#1850);
#1119=LINE('',#8307,#1851);
#1120=LINE('',#8310,#1852);
#1121=LINE('',#8312,#1853);
#1122=LINE('',#8313,#1854);
#1123=LINE('',#8316,#1855);
#1124=LINE('',#8318,#1856);
#1125=LINE('',#8319,#1857);
#1126=LINE('',#8322,#1858);
#1127=LINE('',#8324,#1859);
#1128=LINE('',#8325,#1860);
#1129=LINE('',#8328,#1861);
#1130=LINE('',#8330,#1862);
#1131=LINE('',#8331,#1863);
#1132=LINE('',#8334,#1864);
#1133=LINE('',#8336,#1865);
#1134=LINE('',#8337,#1866);
#1135=LINE('',#8340,#1867);
#1136=LINE('',#8342,#1868);
#1137=LINE('',#8343,#1869);
#1138=LINE('',#8346,#1870);
#1139=LINE('',#8348,#1871);
#1140=LINE('',#8349,#1872);
#1141=LINE('',#8352,#1873);
#1142=LINE('',#8354,#1874);
#1143=LINE('',#8355,#1875);
#1144=LINE('',#8358,#1876);
#1145=LINE('',#8360,#1877);
#1146=LINE('',#8361,#1878);
#1147=LINE('',#8363,#1879);
#1148=LINE('',#8364,#1880);
#1149=LINE('',#8384,#1881);
#1150=LINE('',#8391,#1882);
#1151=LINE('',#8409,#1883);
#1152=LINE('',#8432,#1884);
#1153=LINE('',#8455,#1885);
#1154=LINE('',#8478,#1886);
#1155=LINE('',#8501,#1887);
#1156=LINE('',#8524,#1888);
#1157=LINE('',#8547,#1889);
#1158=LINE('',#8570,#1890);
#1159=LINE('',#8593,#1891);
#1160=LINE('',#8616,#1892);
#1161=LINE('',#8639,#1893);
#1162=LINE('',#8647,#1894);
#1163=LINE('',#8649,#1895);
#1164=LINE('',#8650,#1896);
#1165=LINE('',#8668,#1897);
#1166=LINE('',#8691,#1898);
#1167=LINE('',#8714,#1899);
#1168=LINE('',#8737,#1900);
#1169=LINE('',#8760,#1901);
#1170=LINE('',#8783,#1902);
#1171=LINE('',#8806,#1903);
#1172=LINE('',#8829,#1904);
#1173=LINE('',#8852,#1905);
#1174=LINE('',#8875,#1906);
#1175=LINE('',#8898,#1907);
#1176=LINE('',#8921,#1908);
#1177=LINE('',#8944,#1909);
#1178=LINE('',#8952,#1910);
#1179=LINE('',#8954,#1911);
#1180=LINE('',#8955,#1912);
#1181=LINE('',#8980,#1913);
#1182=LINE('',#8982,#1914);
#1183=LINE('',#8984,#1915);
#1184=LINE('',#8985,#1916);
#1185=LINE('',#8988,#1917);
#1186=LINE('',#8990,#1918);
#1187=LINE('',#8991,#1919);
#1188=LINE('',#8993,#1920);
#1189=LINE('',#8994,#1921);
#1190=LINE('',#8998,#1922);
#1191=LINE('',#9000,#1923);
#1192=LINE('',#9002,#1924);
#1193=LINE('',#9003,#1925);
#1194=LINE('',#9006,#1926);
#1195=LINE('',#9008,#1927);
#1196=LINE('',#9009,#1928);
#1197=LINE('',#9012,#1929);
#1198=LINE('',#9014,#1930);
#1199=LINE('',#9015,#1931);
#1200=LINE('',#9018,#1932);
#1201=LINE('',#9020,#1933);
#1202=LINE('',#9021,#1934);
#1203=LINE('',#9024,#1935);
#1204=LINE('',#9026,#1936);
#1205=LINE('',#9027,#1937);
#1206=LINE('',#9030,#1938);
#1207=LINE('',#9032,#1939);
#1208=LINE('',#9033,#1940);
#1209=LINE('',#9036,#1941);
#1210=LINE('',#9038,#1942);
#1211=LINE('',#9039,#1943);
#1212=LINE('',#9041,#1944);
#1213=LINE('',#9042,#1945);
#1214=LINE('',#9047,#1946);
#1215=LINE('',#9049,#1947);
#1216=LINE('',#9051,#1948);
#1217=LINE('',#9052,#1949);
#1218=LINE('',#9055,#1950);
#1219=LINE('',#9057,#1951);
#1220=LINE('',#9058,#1952);
#1221=LINE('',#9061,#1953);
#1222=LINE('',#9063,#1954);
#1223=LINE('',#9064,#1955);
#1224=LINE('',#9067,#1956);
#1225=LINE('',#9069,#1957);
#1226=LINE('',#9070,#1958);
#1227=LINE('',#9073,#1959);
#1228=LINE('',#9075,#1960);
#1229=LINE('',#9076,#1961);
#1230=LINE('',#9079,#1962);
#1231=LINE('',#9081,#1963);
#1232=LINE('',#9082,#1964);
#1233=LINE('',#9085,#1965);
#1234=LINE('',#9087,#1966);
#1235=LINE('',#9088,#1967);
#1236=LINE('',#9091,#1968);
#1237=LINE('',#9093,#1969);
#1238=LINE('',#9094,#1970);
#1239=LINE('',#9097,#1971);
#1240=LINE('',#9099,#1972);
#1241=LINE('',#9100,#1973);
#1242=LINE('',#9103,#1974);
#1243=LINE('',#9105,#1975);
#1244=LINE('',#9106,#1976);
#1245=LINE('',#9109,#1977);
#1246=LINE('',#9111,#1978);
#1247=LINE('',#9112,#1979);
#1248=LINE('',#9114,#1980);
#1249=LINE('',#9115,#1981);
#1250=LINE('',#9120,#1982);
#1251=LINE('',#9122,#1983);
#1252=LINE('',#9124,#1984);
#1253=LINE('',#9125,#1985);
#1254=LINE('',#9128,#1986);
#1255=LINE('',#9130,#1987);
#1256=LINE('',#9131,#1988);
#1257=LINE('',#9134,#1989);
#1258=LINE('',#9136,#1990);
#1259=LINE('',#9137,#1991);
#1260=LINE('',#9139,#1992);
#1261=LINE('',#9140,#1993);
#1262=LINE('',#9145,#1994);
#1263=LINE('',#9147,#1995);
#1264=LINE('',#9149,#1996);
#1265=LINE('',#9150,#1997);
#1266=LINE('',#9168,#1998);
#1267=LINE('',#9191,#1999);
#1268=LINE('',#9214,#2000);
#1269=LINE('',#9237,#2001);
#1270=LINE('',#9260,#2002);
#1271=LINE('',#9283,#2003);
#1272=LINE('',#9306,#2004);
#1273=LINE('',#9314,#2005);
#1274=LINE('',#9316,#2006);
#1275=LINE('',#9317,#2007);
#1276=LINE('',#9319,#2008);
#1277=LINE('',#9320,#2009);
#1278=LINE('',#9339,#2010);
#1279=LINE('',#9346,#2011);
#1280=LINE('',#9364,#2012);
#1281=LINE('',#9387,#2013);
#1282=LINE('',#9410,#2014);
#1283=LINE('',#9433,#2015);
#1284=LINE('',#9456,#2016);
#1285=LINE('',#9479,#2017);
#1286=LINE('',#9502,#2018);
#1287=LINE('',#9525,#2019);
#1288=LINE('',#9548,#2020);
#1289=LINE('',#9556,#2021);
#1290=LINE('',#9558,#2022);
#1291=LINE('',#9559,#2023);
#1292=LINE('',#9562,#2024);
#1293=LINE('',#9564,#2025);
#1294=LINE('',#9565,#2026);
#1295=LINE('',#9567,#2027);
#1296=LINE('',#9568,#2028);
#1297=LINE('',#9573,#2029);
#1298=LINE('',#9575,#2030);
#1299=LINE('',#9577,#2031);
#1300=LINE('',#9578,#2032);
#1301=LINE('',#9581,#2033);
#1302=LINE('',#9583,#2034);
#1303=LINE('',#9584,#2035);
#1304=LINE('',#9586,#2036);
#1305=LINE('',#9587,#2037);
#1306=LINE('',#9591,#2038);
#1307=LINE('',#9593,#2039);
#1308=LINE('',#9595,#2040);
#1309=LINE('',#9596,#2041);
#1310=LINE('',#9599,#2042);
#1311=LINE('',#9601,#2043);
#1312=LINE('',#9602,#2044);
#1313=LINE('',#9605,#2045);
#1314=LINE('',#9607,#2046);
#1315=LINE('',#9608,#2047);
#1316=LINE('',#9611,#2048);
#1317=LINE('',#9613,#2049);
#1318=LINE('',#9614,#2050);
#1319=LINE('',#9617,#2051);
#1320=LINE('',#9619,#2052);
#1321=LINE('',#9620,#2053);
#1322=LINE('',#9623,#2054);
#1323=LINE('',#9625,#2055);
#1324=LINE('',#9626,#2056);
#1325=LINE('',#9629,#2057);
#1326=LINE('',#9631,#2058);
#1327=LINE('',#9632,#2059);
#1328=LINE('',#9634,#2060);
#1329=LINE('',#9635,#2061);
#1330=LINE('',#9640,#2062);
#1331=LINE('',#9642,#2063);
#1332=LINE('',#9644,#2064);
#1333=LINE('',#9645,#2065);
#1334=LINE('',#9648,#2066);
#1335=LINE('',#9650,#2067);
#1336=LINE('',#9651,#2068);
#1337=LINE('',#9653,#2069);
#1338=LINE('',#9654,#2070);
#1339=LINE('',#9658,#2071);
#1340=LINE('',#9660,#2072);
#1341=LINE('',#9662,#2073);
#1342=LINE('',#9663,#2074);
#1343=LINE('',#9666,#2075);
#1344=LINE('',#9668,#2076);
#1345=LINE('',#9669,#2077);
#1346=LINE('',#9672,#2078);
#1347=LINE('',#9674,#2079);
#1348=LINE('',#9675,#2080);
#1349=LINE('',#9678,#2081);
#1350=LINE('',#9680,#2082);
#1351=LINE('',#9681,#2083);
#1352=LINE('',#9684,#2084);
#1353=LINE('',#9686,#2085);
#1354=LINE('',#9687,#2086);
#1355=LINE('',#9690,#2087);
#1356=LINE('',#9692,#2088);
#1357=LINE('',#9693,#2089);
#1358=LINE('',#9696,#2090);
#1359=LINE('',#9698,#2091);
#1360=LINE('',#9699,#2092);
#1361=LINE('',#9701,#2093);
#1362=LINE('',#9702,#2094);
#1363=LINE('',#9707,#2095);
#1364=LINE('',#9709,#2096);
#1365=LINE('',#9711,#2097);
#1366=LINE('',#9712,#2098);
#1367=LINE('',#9715,#2099);
#1368=LINE('',#9717,#2100);
#1369=LINE('',#9718,#2101);
#1370=LINE('',#9721,#2102);
#1371=LINE('',#9723,#2103);
#1372=LINE('',#9724,#2104);
#1373=LINE('',#9726,#2105);
#1374=LINE('',#9727,#2106);
#1375=LINE('',#9732,#2107);
#1376=LINE('',#9734,#2108);
#1377=LINE('',#9736,#2109);
#1378=LINE('',#9737,#2110);
#1379=LINE('',#9740,#2111);
#1380=LINE('',#9742,#2112);
#1381=LINE('',#9743,#2113);
#1382=LINE('',#9746,#2114);
#1383=LINE('',#9748,#2115);
#1384=LINE('',#9749,#2116);
#1385=LINE('',#9751,#2117);
#1386=LINE('',#9752,#2118);
#1387=LINE('',#9757,#2119);
#1388=LINE('',#9759,#2120);
#1389=LINE('',#9761,#2121);
#1390=LINE('',#9762,#2122);
#1391=LINE('',#9765,#2123);
#1392=LINE('',#9767,#2124);
#1393=LINE('',#9768,#2125);
#1394=LINE('',#9771,#2126);
#1395=LINE('',#9773,#2127);
#1396=LINE('',#9774,#2128);
#1397=LINE('',#9777,#2129);
#1398=LINE('',#9779,#2130);
#1399=LINE('',#9780,#2131);
#1400=LINE('',#9783,#2132);
#1401=LINE('',#9785,#2133);
#1402=LINE('',#9786,#2134);
#1403=LINE('',#9788,#2135);
#1404=LINE('',#9789,#2136);
#1405=LINE('',#9794,#2137);
#1406=LINE('',#9796,#2138);
#1407=LINE('',#9798,#2139);
#1408=LINE('',#9799,#2140);
#1409=LINE('',#9802,#2141);
#1410=LINE('',#9804,#2142);
#1411=LINE('',#9805,#2143);
#1412=LINE('',#9808,#2144);
#1413=LINE('',#9810,#2145);
#1414=LINE('',#9811,#2146);
#1415=LINE('',#9814,#2147);
#1416=LINE('',#9816,#2148);
#1417=LINE('',#9817,#2149);
#1418=LINE('',#9820,#2150);
#1419=LINE('',#9822,#2151);
#1420=LINE('',#9823,#2152);
#1421=LINE('',#9825,#2153);
#1422=LINE('',#9826,#2154);
#1423=LINE('',#9831,#2155);
#1424=LINE('',#9833,#2156);
#1425=LINE('',#9835,#2157);
#1426=LINE('',#9836,#2158);
#1427=LINE('',#9839,#2159);
#1428=LINE('',#9841,#2160);
#1429=LINE('',#9842,#2161);
#1430=LINE('',#9845,#2162);
#1431=LINE('',#9847,#2163);
#1432=LINE('',#9848,#2164);
#1433=LINE('',#9851,#2165);
#1434=LINE('',#9853,#2166);
#1435=LINE('',#9854,#2167);
#1436=LINE('',#9857,#2168);
#1437=LINE('',#9859,#2169);
#1438=LINE('',#9860,#2170);
#1439=LINE('',#9862,#2171);
#1440=LINE('',#9863,#2172);
#1441=LINE('',#9868,#2173);
#1442=LINE('',#9870,#2174);
#1443=LINE('',#9872,#2175);
#1444=LINE('',#9873,#2176);
#1445=LINE('',#9876,#2177);
#1446=LINE('',#9878,#2178);
#1447=LINE('',#9879,#2179);
#1448=LINE('',#9882,#2180);
#1449=LINE('',#9884,#2181);
#1450=LINE('',#9885,#2182);
#1451=LINE('',#9888,#2183);
#1452=LINE('',#9890,#2184);
#1453=LINE('',#9891,#2185);
#1454=LINE('',#9894,#2186);
#1455=LINE('',#9896,#2187);
#1456=LINE('',#9897,#2188);
#1457=LINE('',#9900,#2189);
#1458=LINE('',#9902,#2190);
#1459=LINE('',#9903,#2191);
#1460=LINE('',#9906,#2192);
#1461=LINE('',#9908,#2193);
#1462=LINE('',#9909,#2194);
#1463=LINE('',#9912,#2195);
#1464=LINE('',#9914,#2196);
#1465=LINE('',#9915,#2197);
#1466=LINE('',#9918,#2198);
#1467=LINE('',#9920,#2199);
#1468=LINE('',#9921,#2200);
#1469=LINE('',#9924,#2201);
#1470=LINE('',#9926,#2202);
#1471=LINE('',#9927,#2203);
#1472=LINE('',#9930,#2204);
#1473=LINE('',#9932,#2205);
#1474=LINE('',#9933,#2206);
#1475=LINE('',#9935,#2207);
#1476=LINE('',#9936,#2208);
#1477=LINE('',#9941,#2209);
#1478=LINE('',#9943,#2210);
#1479=LINE('',#9945,#2211);
#1480=LINE('',#9946,#2212);
#1481=LINE('',#9949,#2213);
#1482=LINE('',#9951,#2214);
#1483=LINE('',#9952,#2215);
#1484=LINE('',#9955,#2216);
#1485=LINE('',#9957,#2217);
#1486=LINE('',#9958,#2218);
#1487=LINE('',#9961,#2219);
#1488=LINE('',#9963,#2220);
#1489=LINE('',#9964,#2221);
#1490=LINE('',#9967,#2222);
#1491=LINE('',#9969,#2223);
#1492=LINE('',#9970,#2224);
#1493=LINE('',#9973,#2225);
#1494=LINE('',#9975,#2226);
#1495=LINE('',#9976,#2227);
#1496=LINE('',#9979,#2228);
#1497=LINE('',#9981,#2229);
#1498=LINE('',#9982,#2230);
#1499=LINE('',#9985,#2231);
#1500=LINE('',#9987,#2232);
#1501=LINE('',#9988,#2233);
#1502=LINE('',#9991,#2234);
#1503=LINE('',#9993,#2235);
#1504=LINE('',#9994,#2236);
#1505=LINE('',#9997,#2237);
#1506=LINE('',#9999,#2238);
#1507=LINE('',#10000,#2239);
#1508=LINE('',#10003,#2240);
#1509=LINE('',#10005,#2241);
#1510=LINE('',#10006,#2242);
#1511=LINE('',#10008,#2243);
#1512=LINE('',#10009,#2244);
#1513=LINE('',#10014,#2245);
#1514=LINE('',#10016,#2246);
#1515=LINE('',#10018,#2247);
#1516=LINE('',#10019,#2248);
#1517=LINE('',#10022,#2249);
#1518=LINE('',#10024,#2250);
#1519=LINE('',#10025,#2251);
#1520=LINE('',#10027,#2252);
#1521=LINE('',#10028,#2253);
#1522=LINE('',#10032,#2254);
#1523=LINE('',#10034,#2255);
#1524=LINE('',#10036,#2256);
#1525=LINE('',#10037,#2257);
#1526=LINE('',#10040,#2258);
#1527=LINE('',#10042,#2259);
#1528=LINE('',#10043,#2260);
#1529=LINE('',#10046,#2261);
#1530=LINE('',#10048,#2262);
#1531=LINE('',#10049,#2263);
#1532=LINE('',#10052,#2264);
#1533=LINE('',#10054,#2265);
#1534=LINE('',#10055,#2266);
#1535=LINE('',#10058,#2267);
#1536=LINE('',#10060,#2268);
#1537=LINE('',#10061,#2269);
#1538=LINE('',#10064,#2270);
#1539=LINE('',#10066,#2271);
#1540=LINE('',#10067,#2272);
#1541=LINE('',#10070,#2273);
#1542=LINE('',#10072,#2274);
#1543=LINE('',#10073,#2275);
#1544=LINE('',#10075,#2276);
#1545=LINE('',#10076,#2277);
#1546=LINE('',#10081,#2278);
#1547=LINE('',#10083,#2279);
#1548=LINE('',#10085,#2280);
#1549=LINE('',#10086,#2281);
#1550=LINE('',#10104,#2282);
#1551=LINE('',#10127,#2283);
#1552=LINE('',#10150,#2284);
#1553=LINE('',#10173,#2285);
#1554=LINE('',#10196,#2286);
#1555=LINE('',#10219,#2287);
#1556=LINE('',#10227,#2288);
#1557=LINE('',#10229,#2289);
#1558=LINE('',#10230,#2290);
#1559=LINE('',#10232,#2291);
#1560=LINE('',#10233,#2292);
#1561=LINE('',#10237,#2293);
#1562=LINE('',#10239,#2294);
#1563=LINE('',#10241,#2295);
#1564=LINE('',#10242,#2296);
#1565=LINE('',#10260,#2297);
#1566=LINE('',#10283,#2298);
#1567=LINE('',#10306,#2299);
#1568=LINE('',#10329,#2300);
#1569=LINE('',#10352,#2301);
#1570=LINE('',#10375,#2302);
#1571=LINE('',#10398,#2303);
#1572=LINE('',#10421,#2304);
#1573=LINE('',#10429,#2305);
#1574=LINE('',#10431,#2306);
#1575=LINE('',#10432,#2307);
#1576=LINE('',#10435,#2308);
#1577=LINE('',#10437,#2309);
#1578=LINE('',#10438,#2310);
#1579=LINE('',#10441,#2311);
#1580=LINE('',#10443,#2312);
#1581=LINE('',#10444,#2313);
#1582=LINE('',#10446,#2314);
#1583=LINE('',#10447,#2315);
#1584=LINE('',#10467,#2316);
#1585=LINE('',#10474,#2317);
#1586=LINE('',#10492,#2318);
#1587=LINE('',#10515,#2319);
#1588=LINE('',#10538,#2320);
#1589=LINE('',#10561,#2321);
#1590=LINE('',#10584,#2322);
#1591=LINE('',#10607,#2323);
#1592=LINE('',#10630,#2324);
#1593=LINE('',#10638,#2325);
#1594=LINE('',#10640,#2326);
#1595=LINE('',#10641,#2327);
#1596=LINE('',#10659,#2328);
#1597=LINE('',#10682,#2329);
#1598=LINE('',#10705,#2330);
#1599=LINE('',#10728,#2331);
#1600=LINE('',#10751,#2332);
#1601=LINE('',#10774,#2333);
#1602=LINE('',#10797,#2334);
#1603=LINE('',#10820,#2335);
#1604=LINE('',#10843,#2336);
#1605=LINE('',#10851,#2337);
#1606=LINE('',#10853,#2338);
#1607=LINE('',#10854,#2339);
#1608=LINE('',#10879,#2340);
#1609=LINE('',#10881,#2341);
#1610=LINE('',#10883,#2342);
#1611=LINE('',#10884,#2343);
#1612=LINE('',#10887,#2344);
#1613=LINE('',#10889,#2345);
#1614=LINE('',#10890,#2346);
#1615=LINE('',#10893,#2347);
#1616=LINE('',#10895,#2348);
#1617=LINE('',#10896,#2349);
#1618=LINE('',#10899,#2350);
#1619=LINE('',#10901,#2351);
#1620=LINE('',#10902,#2352);
#1621=LINE('',#10905,#2353);
#1622=LINE('',#10907,#2354);
#1623=LINE('',#10908,#2355);
#1624=LINE('',#10911,#2356);
#1625=LINE('',#10913,#2357);
#1626=LINE('',#10914,#2358);
#1627=LINE('',#10917,#2359);
#1628=LINE('',#10919,#2360);
#1629=LINE('',#10920,#2361);
#1630=LINE('',#10923,#2362);
#1631=LINE('',#10925,#2363);
#1632=LINE('',#10926,#2364);
#1633=LINE('',#10929,#2365);
#1634=LINE('',#10931,#2366);
#1635=LINE('',#10932,#2367);
#1636=LINE('',#10935,#2368);
#1637=LINE('',#10937,#2369);
#1638=LINE('',#10938,#2370);
#1639=LINE('',#10941,#2371);
#1640=LINE('',#10943,#2372);
#1641=LINE('',#10944,#2373);
#1642=LINE('',#10946,#2374);
#1643=LINE('',#10947,#2375);
#1644=LINE('',#10952,#2376);
#1645=LINE('',#10954,#2377);
#1646=LINE('',#10956,#2378);
#1647=LINE('',#10957,#2379);
#1648=LINE('',#10960,#2380);
#1649=LINE('',#10962,#2381);
#1650=LINE('',#10963,#2382);
#1651=LINE('',#10965,#2383);
#1652=LINE('',#10966,#2384);
#1653=LINE('',#10970,#2385);
#1654=LINE('',#10972,#2386);
#1655=LINE('',#10974,#2387);
#1656=LINE('',#10975,#2388);
#1657=LINE('',#10978,#2389);
#1658=LINE('',#10980,#2390);
#1659=LINE('',#10981,#2391);
#1660=LINE('',#10984,#2392);
#1661=LINE('',#10986,#2393);
#1662=LINE('',#10987,#2394);
#1663=LINE('',#10990,#2395);
#1664=LINE('',#10992,#2396);
#1665=LINE('',#10993,#2397);
#1666=LINE('',#10996,#2398);
#1667=LINE('',#10998,#2399);
#1668=LINE('',#10999,#2400);
#1669=LINE('',#11002,#2401);
#1670=LINE('',#11004,#2402);
#1671=LINE('',#11005,#2403);
#1672=LINE('',#11008,#2404);
#1673=LINE('',#11010,#2405);
#1674=LINE('',#11011,#2406);
#1675=LINE('',#11013,#2407);
#1676=LINE('',#11014,#2408);
#1677=LINE('',#11019,#2409);
#1678=LINE('',#11021,#2410);
#1679=LINE('',#11023,#2411);
#1680=LINE('',#11024,#2412);
#1681=LINE('',#11027,#2413);
#1682=LINE('',#11029,#2414);
#1683=LINE('',#11030,#2415);
#1684=LINE('',#11032,#2416);
#1685=LINE('',#11033,#2417);
#1686=LINE('',#11037,#2418);
#1687=LINE('',#11039,#2419);
#1688=LINE('',#11041,#2420);
#1689=LINE('',#11042,#2421);
#1690=LINE('',#11045,#2422);
#1691=LINE('',#11047,#2423);
#1692=LINE('',#11048,#2424);
#1693=LINE('',#11051,#2425);
#1694=LINE('',#11053,#2426);
#1695=LINE('',#11054,#2427);
#1696=LINE('',#11057,#2428);
#1697=LINE('',#11059,#2429);
#1698=LINE('',#11060,#2430);
#1699=LINE('',#11063,#2431);
#1700=LINE('',#11065,#2432);
#1701=LINE('',#11066,#2433);
#1702=LINE('',#11069,#2434);
#1703=LINE('',#11071,#2435);
#1704=LINE('',#11072,#2436);
#1705=LINE('',#11075,#2437);
#1706=LINE('',#11077,#2438);
#1707=LINE('',#11078,#2439);
#1708=LINE('',#11080,#2440);
#1709=LINE('',#11081,#2441);
#1710=LINE('',#11086,#2442);
#1711=LINE('',#11088,#2443);
#1712=LINE('',#11090,#2444);
#1713=LINE('',#11091,#2445);
#1714=LINE('',#11094,#2446);
#1715=LINE('',#11096,#2447);
#1716=LINE('',#11097,#2448);
#1717=LINE('',#11100,#2449);
#1718=LINE('',#11102,#2450);
#1719=LINE('',#11103,#2451);
#1720=LINE('',#11106,#2452);
#1721=LINE('',#11108,#2453);
#1722=LINE('',#11109,#2454);
#1723=LINE('',#11112,#2455);
#1724=LINE('',#11114,#2456);
#1725=LINE('',#11115,#2457);
#1726=LINE('',#11117,#2458);
#1727=LINE('',#11118,#2459);
#1728=LINE('',#11133,#2460);
#1729=LINE('',#11136,#2461);
#1730=LINE('',#11139,#2462);
#1731=LINE('',#11141,#2463);
#1732=LINE('',#11142,#2464);
#1733=LINE('',#11145,#2465);
#1734=LINE('',#11147,#2466);
#1735=LINE('',#11149,#2467);
#1736=LINE('',#11151,#2468);
#1737=LINE('',#11153,#2469);
#1738=LINE('',#11157,#2470);
#1739=LINE('',#11161,#2471);
#1740=LINE('',#11167,#2472);
#1741=LINE('',#11171,#2473);
#1742=LINE('',#11175,#2474);
#1743=LINE('',#11178,#2475);
#1744=LINE('',#11187,#2476);
#1745=LINE('',#11191,#2477);
#1746=LINE('',#11195,#2478);
#1747=LINE('',#11198,#2479);
#1748=LINE('',#11205,#2480);
#1749=LINE('',#11209,#2481);
#1750=LINE('',#11213,#2482);
#1751=LINE('',#11216,#2483);
#1752=LINE('',#11221,#2484);
#1753=LINE('',#11225,#2485);
#1754=LINE('',#11229,#2486);
#1755=LINE('',#11232,#2487);
#1756=LINE('',#11239,#2488);
#1757=LINE('',#11240,#2489);
#1758=LINE('',#11243,#2490);
#1759=LINE('',#11244,#2491);
#1760=LINE('',#11251,#2492);
#1761=LINE('',#11252,#2493);
#1762=LINE('',#11254,#2494);
#1763=LINE('',#11258,#2495);
#1764=LINE('',#11261,#2496);
#1765=LINE('',#11263,#2497);
#1766=LINE('',#11264,#2498);
#1767=LINE('',#11268,#2499);
#1768=LINE('',#11271,#2500);
#1769=LINE('',#11272,#2501);
#1770=LINE('',#11276,#2502);
#1771=LINE('',#11279,#2503);
#1772=LINE('',#11280,#2504);
#1773=LINE('',#11284,#2505);
#1774=LINE('',#11287,#2506);
#1775=LINE('',#11288,#2507);
#1776=LINE('',#11293,#2508);
#1777=LINE('',#11295,#2509);
#1778=LINE('',#11296,#2510);
#1779=LINE('',#11300,#2511);
#1780=LINE('',#11303,#2512);
#1781=LINE('',#11304,#2513);
#1782=LINE('',#11308,#2514);
#1783=LINE('',#11311,#2515);
#1784=LINE('',#11312,#2516);
#1785=LINE('',#11316,#2517);
#1786=LINE('',#11319,#2518);
#1787=LINE('',#11320,#2519);
#1788=LINE('',#11326,#2520);
#1789=LINE('',#11329,#2521);
#1790=LINE('',#11331,#2522);
#1791=LINE('',#11332,#2523);
#1792=LINE('',#11336,#2524);
#1793=LINE('',#11339,#2525);
#1794=LINE('',#11340,#2526);
#1795=LINE('',#11344,#2527);
#1796=LINE('',#11347,#2528);
#1797=LINE('',#11348,#2529);
#1798=LINE('',#11352,#2530);
#1799=LINE('',#11355,#2531);
#1800=LINE('',#11356,#2532);
#1801=LINE('',#11362,#2533);
#1802=LINE('',#11366,#2534);
#1803=LINE('',#11369,#2535);
#1804=LINE('',#11371,#2536);
#1805=LINE('',#11372,#2537);
#1806=LINE('',#11376,#2538);
#1807=LINE('',#11379,#2539);
#1808=LINE('',#11380,#2540);
#1809=LINE('',#11384,#2541);
#1810=LINE('',#11387,#2542);
#1811=LINE('',#11388,#2543);
#1812=LINE('',#11392,#2544);
#1813=LINE('',#11395,#2545);
#1814=LINE('',#11396,#2546);
#1815=LINE('',#11401,#2547);
#1816=LINE('',#11402,#2548);
#1817=LINE('',#11405,#2549);
#1818=LINE('',#11406,#2550);
#1819=LINE('',#11409,#2551);
#1820=LINE('',#11410,#2552);
#1821=LINE('',#11413,#2553);
#1822=LINE('',#11414,#2554);
#1823=LINE('',#11416,#2555);
#1824=VECTOR('',#6887,10.);
#1825=VECTOR('',#6888,10.);
#1826=VECTOR('',#6889,10.);
#1827=VECTOR('',#6890,10.);
#1828=VECTOR('',#6893,10.);
#1829=VECTOR('',#6894,10.);
#1830=VECTOR('',#6895,10.);
#1831=VECTOR('',#6898,10.);
#1832=VECTOR('',#6899,10.);
#1833=VECTOR('',#6900,10.);
#1834=VECTOR('',#6903,10.);
#1835=VECTOR('',#6904,10.);
#1836=VECTOR('',#6905,10.);
#1837=VECTOR('',#6908,10.);
#1838=VECTOR('',#6909,10.);
#1839=VECTOR('',#6910,10.);
#1840=VECTOR('',#6913,10.);
#1841=VECTOR('',#6914,10.);
#1842=VECTOR('',#6919,10.);
#1843=VECTOR('',#6920,10.);
#1844=VECTOR('',#6921,10.);
#1845=VECTOR('',#6922,10.);
#1846=VECTOR('',#6925,10.);
#1847=VECTOR('',#6926,10.);
#1848=VECTOR('',#6927,10.);
#1849=VECTOR('',#6930,10.);
#1850=VECTOR('',#6931,10.);
#1851=VECTOR('',#6932,10.);
#1852=VECTOR('',#6935,10.);
#1853=VECTOR('',#6936,10.);
#1854=VECTOR('',#6937,10.);
#1855=VECTOR('',#6940,10.);
#1856=VECTOR('',#6941,10.);
#1857=VECTOR('',#6942,10.);
#1858=VECTOR('',#6945,10.);
#1859=VECTOR('',#6946,10.);
#1860=VECTOR('',#6947,10.);
#1861=VECTOR('',#6950,10.);
#1862=VECTOR('',#6951,10.);
#1863=VECTOR('',#6952,10.);
#1864=VECTOR('',#6955,10.);
#1865=VECTOR('',#6956,10.);
#1866=VECTOR('',#6957,10.);
#1867=VECTOR('',#6960,10.);
#1868=VECTOR('',#6961,10.);
#1869=VECTOR('',#6962,10.);
#1870=VECTOR('',#6965,10.);
#1871=VECTOR('',#6966,10.);
#1872=VECTOR('',#6967,10.);
#1873=VECTOR('',#6970,10.);
#1874=VECTOR('',#6971,10.);
#1875=VECTOR('',#6972,10.);
#1876=VECTOR('',#6975,10.);
#1877=VECTOR('',#6976,10.);
#1878=VECTOR('',#6977,10.);
#1879=VECTOR('',#6980,10.);
#1880=VECTOR('',#6981,10.);
#1881=VECTOR('',#6984,10.);
#1882=VECTOR('',#6985,10.);
#1883=VECTOR('',#6986,10.);
#1884=VECTOR('',#6987,10.);
#1885=VECTOR('',#6988,10.);
#1886=VECTOR('',#6989,10.);
#1887=VECTOR('',#6990,10.);
#1888=VECTOR('',#6991,10.);
#1889=VECTOR('',#6992,10.);
#1890=VECTOR('',#6993,10.);
#1891=VECTOR('',#6994,10.);
#1892=VECTOR('',#6995,10.);
#1893=VECTOR('',#6996,10.);
#1894=VECTOR('',#6999,10.);
#1895=VECTOR('',#7000,10.);
#1896=VECTOR('',#7001,10.);
#1897=VECTOR('',#7002,10.);
#1898=VECTOR('',#7003,10.);
#1899=VECTOR('',#7004,10.);
#1900=VECTOR('',#7005,10.);
#1901=VECTOR('',#7006,10.);
#1902=VECTOR('',#7007,10.);
#1903=VECTOR('',#7008,10.);
#1904=VECTOR('',#7009,10.);
#1905=VECTOR('',#7010,10.);
#1906=VECTOR('',#7011,10.);
#1907=VECTOR('',#7012,10.);
#1908=VECTOR('',#7013,10.);
#1909=VECTOR('',#7014,10.);
#1910=VECTOR('',#7017,10.);
#1911=VECTOR('',#7018,10.);
#1912=VECTOR('',#7019,10.);
#1913=VECTOR('',#7024,10.);
#1914=VECTOR('',#7025,10.);
#1915=VECTOR('',#7026,10.);
#1916=VECTOR('',#7027,10.);
#1917=VECTOR('',#7030,10.);
#1918=VECTOR('',#7031,10.);
#1919=VECTOR('',#7032,10.);
#1920=VECTOR('',#7035,10.);
#1921=VECTOR('',#7036,10.);
#1922=VECTOR('',#7039,10.);
#1923=VECTOR('',#7040,10.);
#1924=VECTOR('',#7041,10.);
#1925=VECTOR('',#7042,10.);
#1926=VECTOR('',#7045,10.);
#1927=VECTOR('',#7046,10.);
#1928=VECTOR('',#7047,10.);
#1929=VECTOR('',#7050,10.);
#1930=VECTOR('',#7051,10.);
#1931=VECTOR('',#7052,10.);
#1932=VECTOR('',#7055,10.);
#1933=VECTOR('',#7056,10.);
#1934=VECTOR('',#7057,10.);
#1935=VECTOR('',#7060,10.);
#1936=VECTOR('',#7061,10.);
#1937=VECTOR('',#7062,10.);
#1938=VECTOR('',#7065,10.);
#1939=VECTOR('',#7066,10.);
#1940=VECTOR('',#7067,10.);
#1941=VECTOR('',#7070,10.);
#1942=VECTOR('',#7071,10.);
#1943=VECTOR('',#7072,10.);
#1944=VECTOR('',#7075,10.);
#1945=VECTOR('',#7076,10.);
#1946=VECTOR('',#7081,10.);
#1947=VECTOR('',#7082,10.);
#1948=VECTOR('',#7083,10.);
#1949=VECTOR('',#7084,10.);
#1950=VECTOR('',#7087,10.);
#1951=VECTOR('',#7088,10.);
#1952=VECTOR('',#7089,10.);
#1953=VECTOR('',#7092,10.);
#1954=VECTOR('',#7093,10.);
#1955=VECTOR('',#7094,10.);
#1956=VECTOR('',#7097,10.);
#1957=VECTOR('',#7098,10.);
#1958=VECTOR('',#7099,10.);
#1959=VECTOR('',#7102,10.);
#1960=VECTOR('',#7103,10.);
#1961=VECTOR('',#7104,10.);
#1962=VECTOR('',#7107,10.);
#1963=VECTOR('',#7108,10.);
#1964=VECTOR('',#7109,10.);
#1965=VECTOR('',#7112,10.);
#1966=VECTOR('',#7113,10.);
#1967=VECTOR('',#7114,10.);
#1968=VECTOR('',#7117,10.);
#1969=VECTOR('',#7118,10.);
#1970=VECTOR('',#7119,10.);
#1971=VECTOR('',#7122,10.);
#1972=VECTOR('',#7123,10.);
#1973=VECTOR('',#7124,10.);
#1974=VECTOR('',#7127,10.);
#1975=VECTOR('',#7128,10.);
#1976=VECTOR('',#7129,10.);
#1977=VECTOR('',#7132,10.);
#1978=VECTOR('',#7133,10.);
#1979=VECTOR('',#7134,10.);
#1980=VECTOR('',#7137,10.);
#1981=VECTOR('',#7138,10.);
#1982=VECTOR('',#7143,10.);
#1983=VECTOR('',#7144,10.);
#1984=VECTOR('',#7145,10.);
#1985=VECTOR('',#7146,10.);
#1986=VECTOR('',#7149,10.);
#1987=VECTOR('',#7150,10.);
#1988=VECTOR('',#7151,10.);
#1989=VECTOR('',#7154,10.);
#1990=VECTOR('',#7155,10.);
#1991=VECTOR('',#7156,10.);
#1992=VECTOR('',#7159,10.);
#1993=VECTOR('',#7160,10.);
#1994=VECTOR('',#7165,10.);
#1995=VECTOR('',#7166,10.);
#1996=VECTOR('',#7167,10.);
#1997=VECTOR('',#7168,10.);
#1998=VECTOR('',#7169,10.);
#1999=VECTOR('',#7170,10.);
#2000=VECTOR('',#7171,10.);
#2001=VECTOR('',#7172,10.);
#2002=VECTOR('',#7173,10.);
#2003=VECTOR('',#7174,10.);
#2004=VECTOR('',#7175,10.);
#2005=VECTOR('',#7178,10.);
#2006=VECTOR('',#7179,10.);
#2007=VECTOR('',#7180,10.);
#2008=VECTOR('',#7183,10.);
#2009=VECTOR('',#7184,10.);
#2010=VECTOR('',#7185,10.);
#2011=VECTOR('',#7186,10.);
#2012=VECTOR('',#7187,10.);
#2013=VECTOR('',#7188,10.);
#2014=VECTOR('',#7189,10.);
#2015=VECTOR('',#7190,10.);
#2016=VECTOR('',#7191,10.);
#2017=VECTOR('',#7192,10.);
#2018=VECTOR('',#7193,10.);
#2019=VECTOR('',#7194,10.);
#2020=VECTOR('',#7195,10.);
#2021=VECTOR('',#7198,10.);
#2022=VECTOR('',#7199,10.);
#2023=VECTOR('',#7200,10.);
#2024=VECTOR('',#7203,10.);
#2025=VECTOR('',#7204,10.);
#2026=VECTOR('',#7205,10.);
#2027=VECTOR('',#7208,10.);
#2028=VECTOR('',#7209,10.);
#2029=VECTOR('',#7214,10.);
#2030=VECTOR('',#7215,10.);
#2031=VECTOR('',#7216,10.);
#2032=VECTOR('',#7217,10.);
#2033=VECTOR('',#7220,10.);
#2034=VECTOR('',#7221,10.);
#2035=VECTOR('',#7222,10.);
#2036=VECTOR('',#7225,10.);
#2037=VECTOR('',#7226,10.);
#2038=VECTOR('',#7229,10.);
#2039=VECTOR('',#7230,10.);
#2040=VECTOR('',#7231,10.);
#2041=VECTOR('',#7232,10.);
#2042=VECTOR('',#7235,10.);
#2043=VECTOR('',#7236,10.);
#2044=VECTOR('',#7237,10.);
#2045=VECTOR('',#7240,10.);
#2046=VECTOR('',#7241,10.);
#2047=VECTOR('',#7242,10.);
#2048=VECTOR('',#7245,10.);
#2049=VECTOR('',#7246,10.);
#2050=VECTOR('',#7247,10.);
#2051=VECTOR('',#7250,10.);
#2052=VECTOR('',#7251,10.);
#2053=VECTOR('',#7252,10.);
#2054=VECTOR('',#7255,10.);
#2055=VECTOR('',#7256,10.);
#2056=VECTOR('',#7257,10.);
#2057=VECTOR('',#7260,10.);
#2058=VECTOR('',#7261,10.);
#2059=VECTOR('',#7262,10.);
#2060=VECTOR('',#7265,10.);
#2061=VECTOR('',#7266,10.);
#2062=VECTOR('',#7271,10.);
#2063=VECTOR('',#7272,10.);
#2064=VECTOR('',#7273,10.);
#2065=VECTOR('',#7274,10.);
#2066=VECTOR('',#7277,10.);
#2067=VECTOR('',#7278,10.);
#2068=VECTOR('',#7279,10.);
#2069=VECTOR('',#7282,10.);
#2070=VECTOR('',#7283,10.);
#2071=VECTOR('',#7286,10.);
#2072=VECTOR('',#7287,10.);
#2073=VECTOR('',#7288,10.);
#2074=VECTOR('',#7289,10.);
#2075=VECTOR('',#7292,10.);
#2076=VECTOR('',#7293,10.);
#2077=VECTOR('',#7294,10.);
#2078=VECTOR('',#7297,10.);
#2079=VECTOR('',#7298,10.);
#2080=VECTOR('',#7299,10.);
#2081=VECTOR('',#7302,10.);
#2082=VECTOR('',#7303,10.);
#2083=VECTOR('',#7304,10.);
#2084=VECTOR('',#7307,10.);
#2085=VECTOR('',#7308,10.);
#2086=VECTOR('',#7309,10.);
#2087=VECTOR('',#7312,10.);
#2088=VECTOR('',#7313,10.);
#2089=VECTOR('',#7314,10.);
#2090=VECTOR('',#7317,10.);
#2091=VECTOR('',#7318,10.);
#2092=VECTOR('',#7319,10.);
#2093=VECTOR('',#7322,10.);
#2094=VECTOR('',#7323,10.);
#2095=VECTOR('',#7328,10.);
#2096=VECTOR('',#7329,10.);
#2097=VECTOR('',#7330,10.);
#2098=VECTOR('',#7331,10.);
#2099=VECTOR('',#7334,10.);
#2100=VECTOR('',#7335,10.);
#2101=VECTOR('',#7336,10.);
#2102=VECTOR('',#7339,10.);
#2103=VECTOR('',#7340,10.);
#2104=VECTOR('',#7341,10.);
#2105=VECTOR('',#7344,10.);
#2106=VECTOR('',#7345,10.);
#2107=VECTOR('',#7350,10.);
#2108=VECTOR('',#7351,10.);
#2109=VECTOR('',#7352,10.);
#2110=VECTOR('',#7353,10.);
#2111=VECTOR('',#7356,10.);
#2112=VECTOR('',#7357,10.);
#2113=VECTOR('',#7358,10.);
#2114=VECTOR('',#7361,10.);
#2115=VECTOR('',#7362,10.);
#2116=VECTOR('',#7363,10.);
#2117=VECTOR('',#7366,10.);
#2118=VECTOR('',#7367,10.);
#2119=VECTOR('',#7372,10.);
#2120=VECTOR('',#7373,10.);
#2121=VECTOR('',#7374,10.);
#2122=VECTOR('',#7375,10.);
#2123=VECTOR('',#7378,10.);
#2124=VECTOR('',#7379,10.);
#2125=VECTOR('',#7380,10.);
#2126=VECTOR('',#7383,10.);
#2127=VECTOR('',#7384,10.);
#2128=VECTOR('',#7385,10.);
#2129=VECTOR('',#7388,10.);
#2130=VECTOR('',#7389,10.);
#2131=VECTOR('',#7390,10.);
#2132=VECTOR('',#7393,10.);
#2133=VECTOR('',#7394,10.);
#2134=VECTOR('',#7395,10.);
#2135=VECTOR('',#7398,10.);
#2136=VECTOR('',#7399,10.);
#2137=VECTOR('',#7404,10.);
#2138=VECTOR('',#7405,10.);
#2139=VECTOR('',#7406,10.);
#2140=VECTOR('',#7407,10.);
#2141=VECTOR('',#7410,10.);
#2142=VECTOR('',#7411,10.);
#2143=VECTOR('',#7412,10.);
#2144=VECTOR('',#7415,10.);
#2145=VECTOR('',#7416,10.);
#2146=VECTOR('',#7417,10.);
#2147=VECTOR('',#7420,10.);
#2148=VECTOR('',#7421,10.);
#2149=VECTOR('',#7422,10.);
#2150=VECTOR('',#7425,10.);
#2151=VECTOR('',#7426,10.);
#2152=VECTOR('',#7427,10.);
#2153=VECTOR('',#7430,10.);
#2154=VECTOR('',#7431,10.);
#2155=VECTOR('',#7436,10.);
#2156=VECTOR('',#7437,10.);
#2157=VECTOR('',#7438,10.);
#2158=VECTOR('',#7439,10.);
#2159=VECTOR('',#7442,10.);
#2160=VECTOR('',#7443,10.);
#2161=VECTOR('',#7444,10.);
#2162=VECTOR('',#7447,10.);
#2163=VECTOR('',#7448,10.);
#2164=VECTOR('',#7449,10.);
#2165=VECTOR('',#7452,10.);
#2166=VECTOR('',#7453,10.);
#2167=VECTOR('',#7454,10.);
#2168=VECTOR('',#7457,10.);
#2169=VECTOR('',#7458,10.);
#2170=VECTOR('',#7459,10.);
#2171=VECTOR('',#7462,10.);
#2172=VECTOR('',#7463,10.);
#2173=VECTOR('',#7468,10.);
#2174=VECTOR('',#7469,10.);
#2175=VECTOR('',#7470,10.);
#2176=VECTOR('',#7471,10.);
#2177=VECTOR('',#7474,10.);
#2178=VECTOR('',#7475,10.);
#2179=VECTOR('',#7476,10.);
#2180=VECTOR('',#7479,10.);
#2181=VECTOR('',#7480,10.);
#2182=VECTOR('',#7481,10.);
#2183=VECTOR('',#7484,10.);
#2184=VECTOR('',#7485,10.);
#2185=VECTOR('',#7486,10.);
#2186=VECTOR('',#7489,10.);
#2187=VECTOR('',#7490,10.);
#2188=VECTOR('',#7491,10.);
#2189=VECTOR('',#7494,10.);
#2190=VECTOR('',#7495,10.);
#2191=VECTOR('',#7496,10.);
#2192=VECTOR('',#7499,10.);
#2193=VECTOR('',#7500,10.);
#2194=VECTOR('',#7501,10.);
#2195=VECTOR('',#7504,10.);
#2196=VECTOR('',#7505,10.);
#2197=VECTOR('',#7506,10.);
#2198=VECTOR('',#7509,10.);
#2199=VECTOR('',#7510,10.);
#2200=VECTOR('',#7511,10.);
#2201=VECTOR('',#7514,10.);
#2202=VECTOR('',#7515,10.);
#2203=VECTOR('',#7516,10.);
#2204=VECTOR('',#7519,10.);
#2205=VECTOR('',#7520,10.);
#2206=VECTOR('',#7521,10.);
#2207=VECTOR('',#7524,10.);
#2208=VECTOR('',#7525,10.);
#2209=VECTOR('',#7530,10.);
#2210=VECTOR('',#7531,10.);
#2211=VECTOR('',#7532,10.);
#2212=VECTOR('',#7533,10.);
#2213=VECTOR('',#7536,10.);
#2214=VECTOR('',#7537,10.);
#2215=VECTOR('',#7538,10.);
#2216=VECTOR('',#7541,10.);
#2217=VECTOR('',#7542,10.);
#2218=VECTOR('',#7543,10.);
#2219=VECTOR('',#7546,10.);
#2220=VECTOR('',#7547,10.);
#2221=VECTOR('',#7548,10.);
#2222=VECTOR('',#7551,10.);
#2223=VECTOR('',#7552,10.);
#2224=VECTOR('',#7553,10.);
#2225=VECTOR('',#7556,10.);
#2226=VECTOR('',#7557,10.);
#2227=VECTOR('',#7558,10.);
#2228=VECTOR('',#7561,10.);
#2229=VECTOR('',#7562,10.);
#2230=VECTOR('',#7563,10.);
#2231=VECTOR('',#7566,10.);
#2232=VECTOR('',#7567,10.);
#2233=VECTOR('',#7568,10.);
#2234=VECTOR('',#7571,10.);
#2235=VECTOR('',#7572,10.);
#2236=VECTOR('',#7573,10.);
#2237=VECTOR('',#7576,10.);
#2238=VECTOR('',#7577,10.);
#2239=VECTOR('',#7578,10.);
#2240=VECTOR('',#7581,10.);
#2241=VECTOR('',#7582,10.);
#2242=VECTOR('',#7583,10.);
#2243=VECTOR('',#7586,10.);
#2244=VECTOR('',#7587,10.);
#2245=VECTOR('',#7592,10.);
#2246=VECTOR('',#7593,10.);
#2247=VECTOR('',#7594,10.);
#2248=VECTOR('',#7595,10.);
#2249=VECTOR('',#7598,10.);
#2250=VECTOR('',#7599,10.);
#2251=VECTOR('',#7600,10.);
#2252=VECTOR('',#7603,10.);
#2253=VECTOR('',#7604,10.);
#2254=VECTOR('',#7607,10.);
#2255=VECTOR('',#7608,10.);
#2256=VECTOR('',#7609,10.);
#2257=VECTOR('',#7610,10.);
#2258=VECTOR('',#7613,10.);
#2259=VECTOR('',#7614,10.);
#2260=VECTOR('',#7615,10.);
#2261=VECTOR('',#7618,10.);
#2262=VECTOR('',#7619,10.);
#2263=VECTOR('',#7620,10.);
#2264=VECTOR('',#7623,10.);
#2265=VECTOR('',#7624,10.);
#2266=VECTOR('',#7625,10.);
#2267=VECTOR('',#7628,10.);
#2268=VECTOR('',#7629,10.);
#2269=VECTOR('',#7630,10.);
#2270=VECTOR('',#7633,10.);
#2271=VECTOR('',#7634,10.);
#2272=VECTOR('',#7635,10.);
#2273=VECTOR('',#7638,10.);
#2274=VECTOR('',#7639,10.);
#2275=VECTOR('',#7640,10.);
#2276=VECTOR('',#7643,10.);
#2277=VECTOR('',#7644,10.);
#2278=VECTOR('',#7649,10.);
#2279=VECTOR('',#7650,10.);
#2280=VECTOR('',#7651,10.);
#2281=VECTOR('',#7652,10.);
#2282=VECTOR('',#7653,10.);
#2283=VECTOR('',#7654,10.);
#2284=VECTOR('',#7655,10.);
#2285=VECTOR('',#7656,10.);
#2286=VECTOR('',#7657,10.);
#2287=VECTOR('',#7658,10.);
#2288=VECTOR('',#7661,10.);
#2289=VECTOR('',#7662,10.);
#2290=VECTOR('',#7663,10.);
#2291=VECTOR('',#7666,10.);
#2292=VECTOR('',#7667,10.);
#2293=VECTOR('',#7670,10.);
#2294=VECTOR('',#7671,10.);
#2295=VECTOR('',#7672,10.);
#2296=VECTOR('',#7673,10.);
#2297=VECTOR('',#7674,10.);
#2298=VECTOR('',#7675,10.);
#2299=VECTOR('',#7676,10.);
#2300=VECTOR('',#7677,10.);
#2301=VECTOR('',#7678,10.);
#2302=VECTOR('',#7679,10.);
#2303=VECTOR('',#7680,10.);
#2304=VECTOR('',#7681,10.);
#2305=VECTOR('',#7684,10.);
#2306=VECTOR('',#7685,10.);
#2307=VECTOR('',#7686,10.);
#2308=VECTOR('',#7689,10.);
#2309=VECTOR('',#7690,10.);
#2310=VECTOR('',#7691,10.);
#2311=VECTOR('',#7694,10.);
#2312=VECTOR('',#7695,10.);
#2313=VECTOR('',#7696,10.);
#2314=VECTOR('',#7699,10.);
#2315=VECTOR('',#7700,10.);
#2316=VECTOR('',#7703,10.);
#2317=VECTOR('',#7704,10.);
#2318=VECTOR('',#7705,10.);
#2319=VECTOR('',#7706,10.);
#2320=VECTOR('',#7707,10.);
#2321=VECTOR('',#7708,10.);
#2322=VECTOR('',#7709,10.);
#2323=VECTOR('',#7710,10.);
#2324=VECTOR('',#7711,10.);
#2325=VECTOR('',#7714,10.);
#2326=VECTOR('',#7715,10.);
#2327=VECTOR('',#7716,10.);
#2328=VECTOR('',#7717,10.);
#2329=VECTOR('',#7718,10.);
#2330=VECTOR('',#7719,10.);
#2331=VECTOR('',#7720,10.);
#2332=VECTOR('',#7721,10.);
#2333=VECTOR('',#7722,10.);
#2334=VECTOR('',#7723,10.);
#2335=VECTOR('',#7724,10.);
#2336=VECTOR('',#7725,10.);
#2337=VECTOR('',#7728,10.);
#2338=VECTOR('',#7729,10.);
#2339=VECTOR('',#7730,10.);
#2340=VECTOR('',#7735,10.);
#2341=VECTOR('',#7736,10.);
#2342=VECTOR('',#7737,10.);
#2343=VECTOR('',#7738,10.);
#2344=VECTOR('',#7741,10.);
#2345=VECTOR('',#7742,10.);
#2346=VECTOR('',#7743,10.);
#2347=VECTOR('',#7746,10.);
#2348=VECTOR('',#7747,10.);
#2349=VECTOR('',#7748,10.);
#2350=VECTOR('',#7751,10.);
#2351=VECTOR('',#7752,10.);
#2352=VECTOR('',#7753,10.);
#2353=VECTOR('',#7756,10.);
#2354=VECTOR('',#7757,10.);
#2355=VECTOR('',#7758,10.);
#2356=VECTOR('',#7761,10.);
#2357=VECTOR('',#7762,10.);
#2358=VECTOR('',#7763,10.);
#2359=VECTOR('',#7766,10.);
#2360=VECTOR('',#7767,10.);
#2361=VECTOR('',#7768,10.);
#2362=VECTOR('',#7771,10.);
#2363=VECTOR('',#7772,10.);
#2364=VECTOR('',#7773,10.);
#2365=VECTOR('',#7776,10.);
#2366=VECTOR('',#7777,10.);
#2367=VECTOR('',#7778,10.);
#2368=VECTOR('',#7781,10.);
#2369=VECTOR('',#7782,10.);
#2370=VECTOR('',#7783,10.);
#2371=VECTOR('',#7786,10.);
#2372=VECTOR('',#7787,10.);
#2373=VECTOR('',#7788,10.);
#2374=VECTOR('',#7791,10.);
#2375=VECTOR('',#7792,10.);
#2376=VECTOR('',#7797,10.);
#2377=VECTOR('',#7798,10.);
#2378=VECTOR('',#7799,10.);
#2379=VECTOR('',#7800,10.);
#2380=VECTOR('',#7803,10.);
#2381=VECTOR('',#7804,10.);
#2382=VECTOR('',#7805,10.);
#2383=VECTOR('',#7808,10.);
#2384=VECTOR('',#7809,10.);
#2385=VECTOR('',#7812,10.);
#2386=VECTOR('',#7813,10.);
#2387=VECTOR('',#7814,10.);
#2388=VECTOR('',#7815,10.);
#2389=VECTOR('',#7818,10.);
#2390=VECTOR('',#7819,10.);
#2391=VECTOR('',#7820,10.);
#2392=VECTOR('',#7823,10.);
#2393=VECTOR('',#7824,10.);
#2394=VECTOR('',#7825,10.);
#2395=VECTOR('',#7828,10.);
#2396=VECTOR('',#7829,10.);
#2397=VECTOR('',#7830,10.);
#2398=VECTOR('',#7833,10.);
#2399=VECTOR('',#7834,10.);
#2400=VECTOR('',#7835,10.);
#2401=VECTOR('',#7838,10.);
#2402=VECTOR('',#7839,10.);
#2403=VECTOR('',#7840,10.);
#2404=VECTOR('',#7843,10.);
#2405=VECTOR('',#7844,10.);
#2406=VECTOR('',#7845,10.);
#2407=VECTOR('',#7848,10.);
#2408=VECTOR('',#7849,10.);
#2409=VECTOR('',#7854,10.);
#2410=VECTOR('',#7855,10.);
#2411=VECTOR('',#7856,10.);
#2412=VECTOR('',#7857,10.);
#2413=VECTOR('',#7860,10.);
#2414=VECTOR('',#7861,10.);
#2415=VECTOR('',#7862,10.);
#2416=VECTOR('',#7865,10.);
#2417=VECTOR('',#7866,10.);
#2418=VECTOR('',#7869,10.);
#2419=VECTOR('',#7870,10.);
#2420=VECTOR('',#7871,10.);
#2421=VECTOR('',#7872,10.);
#2422=VECTOR('',#7875,10.);
#2423=VECTOR('',#7876,10.);
#2424=VECTOR('',#7877,10.);
#2425=VECTOR('',#7880,10.);
#2426=VECTOR('',#7881,10.);
#2427=VECTOR('',#7882,10.);
#2428=VECTOR('',#7885,10.);
#2429=VECTOR('',#7886,10.);
#2430=VECTOR('',#7887,10.);
#2431=VECTOR('',#7890,10.);
#2432=VECTOR('',#7891,10.);
#2433=VECTOR('',#7892,10.);
#2434=VECTOR('',#7895,10.);
#2435=VECTOR('',#7896,10.);
#2436=VECTOR('',#7897,10.);
#2437=VECTOR('',#7900,10.);
#2438=VECTOR('',#7901,10.);
#2439=VECTOR('',#7902,10.);
#2440=VECTOR('',#7905,10.);
#2441=VECTOR('',#7906,10.);
#2442=VECTOR('',#7911,10.);
#2443=VECTOR('',#7912,10.);
#2444=VECTOR('',#7913,10.);
#2445=VECTOR('',#7914,10.);
#2446=VECTOR('',#7917,10.);
#2447=VECTOR('',#7918,10.);
#2448=VECTOR('',#7919,10.);
#2449=VECTOR('',#7922,10.);
#2450=VECTOR('',#7923,10.);
#2451=VECTOR('',#7924,10.);
#2452=VECTOR('',#7927,10.);
#2453=VECTOR('',#7928,10.);
#2454=VECTOR('',#7929,10.);
#2455=VECTOR('',#7932,10.);
#2456=VECTOR('',#7933,10.);
#2457=VECTOR('',#7934,10.);
#2458=VECTOR('',#7937,10.);
#2459=VECTOR('',#7938,10.);
#2460=VECTOR('',#7961,10.);
#2461=VECTOR('',#7964,10.);
#2462=VECTOR('',#7967,10.);
#2463=VECTOR('',#7968,10.);
#2464=VECTOR('',#7969,10.);
#2465=VECTOR('',#7972,10.);
#2466=VECTOR('',#7973,10.);
#2467=VECTOR('',#7974,10.);
#2468=VECTOR('',#7975,10.);
#2469=VECTOR('',#7976,10.);
#2470=VECTOR('',#7979,10.);
#2471=VECTOR('',#7982,10.);
#2472=VECTOR('',#7987,10.);
#2473=VECTOR('',#7990,10.);
#2474=VECTOR('',#7993,10.);
#2475=VECTOR('',#7996,10.);
#2476=VECTOR('',#8003,10.);
#2477=VECTOR('',#8006,10.);
#2478=VECTOR('',#8009,10.);
#2479=VECTOR('',#8012,10.);
#2480=VECTOR('',#8017,10.);
#2481=VECTOR('',#8020,10.);
#2482=VECTOR('',#8023,10.);
#2483=VECTOR('',#8026,10.);
#2484=VECTOR('',#8029,10.);
#2485=VECTOR('',#8032,10.);
#2486=VECTOR('',#8035,10.);
#2487=VECTOR('',#8038,10.);
#2488=VECTOR('',#8045,10.);
#2489=VECTOR('',#8046,10.);
#2490=VECTOR('',#8049,10.);
#2491=VECTOR('',#8050,10.);
#2492=VECTOR('',#8059,10.);
#2493=VECTOR('',#8060,10.);
#2494=VECTOR('',#8063,10.);
#2495=VECTOR('',#8068,1.7);
#2496=VECTOR('',#8071,10.);
#2497=VECTOR('',#8072,10.);
#2498=VECTOR('',#8073,10.);
#2499=VECTOR('',#8078,10.);
#2500=VECTOR('',#8081,10.);
#2501=VECTOR('',#8082,10.);
#2502=VECTOR('',#8087,10.);
#2503=VECTOR('',#8090,10.);
#2504=VECTOR('',#8091,10.);
#2505=VECTOR('',#8096,10.);
#2506=VECTOR('',#8099,10.);
#2507=VECTOR('',#8100,10.);
#2508=VECTOR('',#8107,10.);
#2509=VECTOR('',#8108,10.);
#2510=VECTOR('',#8109,10.);
#2511=VECTOR('',#8114,10.);
#2512=VECTOR('',#8117,10.);
#2513=VECTOR('',#8118,10.);
#2514=VECTOR('',#8123,10.);
#2515=VECTOR('',#8126,10.);
#2516=VECTOR('',#8127,10.);
#2517=VECTOR('',#8132,10.);
#2518=VECTOR('',#8135,10.);
#2519=VECTOR('',#8136,10.);
#2520=VECTOR('',#8145,1.7);
#2521=VECTOR('',#8148,10.);
#2522=VECTOR('',#8149,10.);
#2523=VECTOR('',#8150,10.);
#2524=VECTOR('',#8155,10.);
#2525=VECTOR('',#8158,10.);
#2526=VECTOR('',#8159,10.);
#2527=VECTOR('',#8164,10.);
#2528=VECTOR('',#8167,10.);
#2529=VECTOR('',#8168,10.);
#2530=VECTOR('',#8173,10.);
#2531=VECTOR('',#8176,10.);
#2532=VECTOR('',#8177,10.);
#2533=VECTOR('',#8186,1.7);
#2534=VECTOR('',#8191,1.7);
#2535=VECTOR('',#8194,10.);
#2536=VECTOR('',#8195,10.);
#2537=VECTOR('',#8196,10.);
#2538=VECTOR('',#8201,10.);
#2539=VECTOR('',#8204,10.);
#2540=VECTOR('',#8205,10.);
#2541=VECTOR('',#8210,10.);
#2542=VECTOR('',#8213,10.);
#2543=VECTOR('',#8214,10.);
#2544=VECTOR('',#8219,10.);
#2545=VECTOR('',#8222,10.);
#2546=VECTOR('',#8223,10.);
#2547=VECTOR('',#8230,10.);
#2548=VECTOR('',#8231,10.);
#2549=VECTOR('',#8234,10.);
#2550=VECTOR('',#8235,10.);
#2551=VECTOR('',#8238,10.);
#2552=VECTOR('',#8239,10.);
#2553=VECTOR('',#8242,10.);
#2554=VECTOR('',#8243,10.);
#2555=VECTOR('',#8246,10.);
#2556=VERTEX_POINT('',#8251);
#2557=VERTEX_POINT('',#8252);
#2558=VERTEX_POINT('',#8254);
#2559=VERTEX_POINT('',#8256);
#2560=VERTEX_POINT('',#8260);
#2561=VERTEX_POINT('',#8262);
#2562=VERTEX_POINT('',#8266);
#2563=VERTEX_POINT('',#8268);
#2564=VERTEX_POINT('',#8272);
#2565=VERTEX_POINT('',#8274);
#2566=VERTEX_POINT('',#8278);
#2567=VERTEX_POINT('',#8280);
#2568=VERTEX_POINT('',#8288);
#2569=VERTEX_POINT('',#8289);
#2570=VERTEX_POINT('',#8291);
#2571=VERTEX_POINT('',#8293);
#2572=VERTEX_POINT('',#8297);
#2573=VERTEX_POINT('',#8299);
#2574=VERTEX_POINT('',#8303);
#2575=VERTEX_POINT('',#8305);
#2576=VERTEX_POINT('',#8309);
#2577=VERTEX_POINT('',#8311);
#2578=VERTEX_POINT('',#8315);
#2579=VERTEX_POINT('',#8317);
#2580=VERTEX_POINT('',#8321);
#2581=VERTEX_POINT('',#8323);
#2582=VERTEX_POINT('',#8327);
#2583=VERTEX_POINT('',#8329);
#2584=VERTEX_POINT('',#8333);
#2585=VERTEX_POINT('',#8335);
#2586=VERTEX_POINT('',#8339);
#2587=VERTEX_POINT('',#8341);
#2588=VERTEX_POINT('',#8345);
#2589=VERTEX_POINT('',#8347);
#2590=VERTEX_POINT('',#8351);
#2591=VERTEX_POINT('',#8353);
#2592=VERTEX_POINT('',#8357);
#2593=VERTEX_POINT('',#8359);
#2594=VERTEX_POINT('',#8376);
#2595=VERTEX_POINT('',#8377);
#2596=VERTEX_POINT('',#8383);
#2597=VERTEX_POINT('',#8385);
#2598=VERTEX_POINT('',#8402);
#2599=VERTEX_POINT('',#8408);
#2600=VERTEX_POINT('',#8425);
#2601=VERTEX_POINT('',#8431);
#2602=VERTEX_POINT('',#8448);
#2603=VERTEX_POINT('',#8454);
#2604=VERTEX_POINT('',#8471);
#2605=VERTEX_POINT('',#8477);
#2606=VERTEX_POINT('',#8494);
#2607=VERTEX_POINT('',#8500);
#2608=VERTEX_POINT('',#8517);
#2609=VERTEX_POINT('',#8523);
#2610=VERTEX_POINT('',#8540);
#2611=VERTEX_POINT('',#8546);
#2612=VERTEX_POINT('',#8563);
#2613=VERTEX_POINT('',#8569);
#2614=VERTEX_POINT('',#8586);
#2615=VERTEX_POINT('',#8592);
#2616=VERTEX_POINT('',#8609);
#2617=VERTEX_POINT('',#8615);
#2618=VERTEX_POINT('',#8632);
#2619=VERTEX_POINT('',#8638);
#2620=VERTEX_POINT('',#8646);
#2621=VERTEX_POINT('',#8648);
#2622=VERTEX_POINT('',#8661);
#2623=VERTEX_POINT('',#8667);
#2624=VERTEX_POINT('',#8684);
#2625=VERTEX_POINT('',#8690);
#2626=VERTEX_POINT('',#8707);
#2627=VERTEX_POINT('',#8713);
#2628=VERTEX_POINT('',#8730);
#2629=VERTEX_POINT('',#8736);
#2630=VERTEX_POINT('',#8753);
#2631=VERTEX_POINT('',#8759);
#2632=VERTEX_POINT('',#8776);
#2633=VERTEX_POINT('',#8782);
#2634=VERTEX_POINT('',#8799);
#2635=VERTEX_POINT('',#8805);
#2636=VERTEX_POINT('',#8822);
#2637=VERTEX_POINT('',#8828);
#2638=VERTEX_POINT('',#8845);
#2639=VERTEX_POINT('',#8851);
#2640=VERTEX_POINT('',#8868);
#2641=VERTEX_POINT('',#8874);
#2642=VERTEX_POINT('',#8891);
#2643=VERTEX_POINT('',#8897);
#2644=VERTEX_POINT('',#8914);
#2645=VERTEX_POINT('',#8920);
#2646=VERTEX_POINT('',#8937);
#2647=VERTEX_POINT('',#8943);
#2648=VERTEX_POINT('',#8951);
#2649=VERTEX_POINT('',#8953);
#2650=VERTEX_POINT('',#8978);
#2651=VERTEX_POINT('',#8979);
#2652=VERTEX_POINT('',#8981);
#2653=VERTEX_POINT('',#8983);
#2654=VERTEX_POINT('',#8987);
#2655=VERTEX_POINT('',#8989);
#2656=VERTEX_POINT('',#8996);
#2657=VERTEX_POINT('',#8997);
#2658=VERTEX_POINT('',#8999);
#2659=VERTEX_POINT('',#9001);
#2660=VERTEX_POINT('',#9005);
#2661=VERTEX_POINT('',#9007);
#2662=VERTEX_POINT('',#9011);
#2663=VERTEX_POINT('',#9013);
#2664=VERTEX_POINT('',#9017);
#2665=VERTEX_POINT('',#9019);
#2666=VERTEX_POINT('',#9023);
#2667=VERTEX_POINT('',#9025);
#2668=VERTEX_POINT('',#9029);
#2669=VERTEX_POINT('',#9031);
#2670=VERTEX_POINT('',#9035);
#2671=VERTEX_POINT('',#9037);
#2672=VERTEX_POINT('',#9045);
#2673=VERTEX_POINT('',#9046);
#2674=VERTEX_POINT('',#9048);
#2675=VERTEX_POINT('',#9050);
#2676=VERTEX_POINT('',#9054);
#2677=VERTEX_POINT('',#9056);
#2678=VERTEX_POINT('',#9060);
#2679=VERTEX_POINT('',#9062);
#2680=VERTEX_POINT('',#9066);
#2681=VERTEX_POINT('',#9068);
#2682=VERTEX_POINT('',#9072);
#2683=VERTEX_POINT('',#9074);
#2684=VERTEX_POINT('',#9078);
#2685=VERTEX_POINT('',#9080);
#2686=VERTEX_POINT('',#9084);
#2687=VERTEX_POINT('',#9086);
#2688=VERTEX_POINT('',#9090);
#2689=VERTEX_POINT('',#9092);
#2690=VERTEX_POINT('',#9096);
#2691=VERTEX_POINT('',#9098);
#2692=VERTEX_POINT('',#9102);
#2693=VERTEX_POINT('',#9104);
#2694=VERTEX_POINT('',#9108);
#2695=VERTEX_POINT('',#9110);
#2696=VERTEX_POINT('',#9118);
#2697=VERTEX_POINT('',#9119);
#2698=VERTEX_POINT('',#9121);
#2699=VERTEX_POINT('',#9123);
#2700=VERTEX_POINT('',#9127);
#2701=VERTEX_POINT('',#9129);
#2702=VERTEX_POINT('',#9133);
#2703=VERTEX_POINT('',#9135);
#2704=VERTEX_POINT('',#9143);
#2705=VERTEX_POINT('',#9144);
#2706=VERTEX_POINT('',#9146);
#2707=VERTEX_POINT('',#9148);
#2708=VERTEX_POINT('',#9161);
#2709=VERTEX_POINT('',#9167);
#2710=VERTEX_POINT('',#9184);
#2711=VERTEX_POINT('',#9190);
#2712=VERTEX_POINT('',#9207);
#2713=VERTEX_POINT('',#9213);
#2714=VERTEX_POINT('',#9230);
#2715=VERTEX_POINT('',#9236);
#2716=VERTEX_POINT('',#9253);
#2717=VERTEX_POINT('',#9259);
#2718=VERTEX_POINT('',#9276);
#2719=VERTEX_POINT('',#9282);
#2720=VERTEX_POINT('',#9299);
#2721=VERTEX_POINT('',#9305);
#2722=VERTEX_POINT('',#9313);
#2723=VERTEX_POINT('',#9315);
#2724=VERTEX_POINT('',#9331);
#2725=VERTEX_POINT('',#9332);
#2726=VERTEX_POINT('',#9338);
#2727=VERTEX_POINT('',#9340);
#2728=VERTEX_POINT('',#9357);
#2729=VERTEX_POINT('',#9363);
#2730=VERTEX_POINT('',#9380);
#2731=VERTEX_POINT('',#9386);
#2732=VERTEX_POINT('',#9403);
#2733=VERTEX_POINT('',#9409);
#2734=VERTEX_POINT('',#9426);
#2735=VERTEX_POINT('',#9432);
#2736=VERTEX_POINT('',#9449);
#2737=VERTEX_POINT('',#9455);
#2738=VERTEX_POINT('',#9472);
#2739=VERTEX_POINT('',#9478);
#2740=VERTEX_POINT('',#9495);
#2741=VERTEX_POINT('',#9501);
#2742=VERTEX_POINT('',#9518);
#2743=VERTEX_POINT('',#9524);
#2744=VERTEX_POINT('',#9541);
#2745=VERTEX_POINT('',#9547);
#2746=VERTEX_POINT('',#9555);
#2747=VERTEX_POINT('',#9557);
#2748=VERTEX_POINT('',#9561);
#2749=VERTEX_POINT('',#9563);
#2750=VERTEX_POINT('',#9571);
#2751=VERTEX_POINT('',#9572);
#2752=VERTEX_POINT('',#9574);
#2753=VERTEX_POINT('',#9576);
#2754=VERTEX_POINT('',#9580);
#2755=VERTEX_POINT('',#9582);
#2756=VERTEX_POINT('',#9589);
#2757=VERTEX_POINT('',#9590);
#2758=VERTEX_POINT('',#9592);
#2759=VERTEX_POINT('',#9594);
#2760=VERTEX_POINT('',#9598);
#2761=VERTEX_POINT('',#9600);
#2762=VERTEX_POINT('',#9604);
#2763=VERTEX_POINT('',#9606);
#2764=VERTEX_POINT('',#9610);
#2765=VERTEX_POINT('',#9612);
#2766=VERTEX_POINT('',#9616);
#2767=VERTEX_POINT('',#9618);
#2768=VERTEX_POINT('',#9622);
#2769=VERTEX_POINT('',#9624);
#2770=VERTEX_POINT('',#9628);
#2771=VERTEX_POINT('',#9630);
#2772=VERTEX_POINT('',#9638);
#2773=VERTEX_POINT('',#9639);
#2774=VERTEX_POINT('',#9641);
#2775=VERTEX_POINT('',#9643);
#2776=VERTEX_POINT('',#9647);
#2777=VERTEX_POINT('',#9649);
#2778=VERTEX_POINT('',#9656);
#2779=VERTEX_POINT('',#9657);
#2780=VERTEX_POINT('',#9659);
#2781=VERTEX_POINT('',#9661);
#2782=VERTEX_POINT('',#9665);
#2783=VERTEX_POINT('',#9667);
#2784=VERTEX_POINT('',#9671);
#2785=VERTEX_POINT('',#9673);
#2786=VERTEX_POINT('',#9677);
#2787=VERTEX_POINT('',#9679);
#2788=VERTEX_POINT('',#9683);
#2789=VERTEX_POINT('',#9685);
#2790=VERTEX_POINT('',#9689);
#2791=VERTEX_POINT('',#9691);
#2792=VERTEX_POINT('',#9695);
#2793=VERTEX_POINT('',#9697);
#2794=VERTEX_POINT('',#9705);
#2795=VERTEX_POINT('',#9706);
#2796=VERTEX_POINT('',#9708);
#2797=VERTEX_POINT('',#9710);
#2798=VERTEX_POINT('',#9714);
#2799=VERTEX_POINT('',#9716);
#2800=VERTEX_POINT('',#9720);
#2801=VERTEX_POINT('',#9722);
#2802=VERTEX_POINT('',#9730);
#2803=VERTEX_POINT('',#9731);
#2804=VERTEX_POINT('',#9733);
#2805=VERTEX_POINT('',#9735);
#2806=VERTEX_POINT('',#9739);
#2807=VERTEX_POINT('',#9741);
#2808=VERTEX_POINT('',#9745);
#2809=VERTEX_POINT('',#9747);
#2810=VERTEX_POINT('',#9755);
#2811=VERTEX_POINT('',#9756);
#2812=VERTEX_POINT('',#9758);
#2813=VERTEX_POINT('',#9760);
#2814=VERTEX_POINT('',#9764);
#2815=VERTEX_POINT('',#9766);
#2816=VERTEX_POINT('',#9770);
#2817=VERTEX_POINT('',#9772);
#2818=VERTEX_POINT('',#9776);
#2819=VERTEX_POINT('',#9778);
#2820=VERTEX_POINT('',#9782);
#2821=VERTEX_POINT('',#9784);
#2822=VERTEX_POINT('',#9792);
#2823=VERTEX_POINT('',#9793);
#2824=VERTEX_POINT('',#9795);
#2825=VERTEX_POINT('',#9797);
#2826=VERTEX_POINT('',#9801);
#2827=VERTEX_POINT('',#9803);
#2828=VERTEX_POINT('',#9807);
#2829=VERTEX_POINT('',#9809);
#2830=VERTEX_POINT('',#9813);
#2831=VERTEX_POINT('',#9815);
#2832=VERTEX_POINT('',#9819);
#2833=VERTEX_POINT('',#9821);
#2834=VERTEX_POINT('',#9829);
#2835=VERTEX_POINT('',#9830);
#2836=VERTEX_POINT('',#9832);
#2837=VERTEX_POINT('',#9834);
#2838=VERTEX_POINT('',#9838);
#2839=VERTEX_POINT('',#9840);
#2840=VERTEX_POINT('',#9844);
#2841=VERTEX_POINT('',#9846);
#2842=VERTEX_POINT('',#9850);
#2843=VERTEX_POINT('',#9852);
#2844=VERTEX_POINT('',#9856);
#2845=VERTEX_POINT('',#9858);
#2846=VERTEX_POINT('',#9866);
#2847=VERTEX_POINT('',#9867);
#2848=VERTEX_POINT('',#9869);
#2849=VERTEX_POINT('',#9871);
#2850=VERTEX_POINT('',#9875);
#2851=VERTEX_POINT('',#9877);
#2852=VERTEX_POINT('',#9881);
#2853=VERTEX_POINT('',#9883);
#2854=VERTEX_POINT('',#9887);
#2855=VERTEX_POINT('',#9889);
#2856=VERTEX_POINT('',#9893);
#2857=VERTEX_POINT('',#9895);
#2858=VERTEX_POINT('',#9899);
#2859=VERTEX_POINT('',#9901);
#2860=VERTEX_POINT('',#9905);
#2861=VERTEX_POINT('',#9907);
#2862=VERTEX_POINT('',#9911);
#2863=VERTEX_POINT('',#9913);
#2864=VERTEX_POINT('',#9917);
#2865=VERTEX_POINT('',#9919);
#2866=VERTEX_POINT('',#9923);
#2867=VERTEX_POINT('',#9925);
#2868=VERTEX_POINT('',#9929);
#2869=VERTEX_POINT('',#9931);
#2870=VERTEX_POINT('',#9939);
#2871=VERTEX_POINT('',#9940);
#2872=VERTEX_POINT('',#9942);
#2873=VERTEX_POINT('',#9944);
#2874=VERTEX_POINT('',#9948);
#2875=VERTEX_POINT('',#9950);
#2876=VERTEX_POINT('',#9954);
#2877=VERTEX_POINT('',#9956);
#2878=VERTEX_POINT('',#9960);
#2879=VERTEX_POINT('',#9962);
#2880=VERTEX_POINT('',#9966);
#2881=VERTEX_POINT('',#9968);
#2882=VERTEX_POINT('',#9972);
#2883=VERTEX_POINT('',#9974);
#2884=VERTEX_POINT('',#9978);
#2885=VERTEX_POINT('',#9980);
#2886=VERTEX_POINT('',#9984);
#2887=VERTEX_POINT('',#9986);
#2888=VERTEX_POINT('',#9990);
#2889=VERTEX_POINT('',#9992);
#2890=VERTEX_POINT('',#9996);
#2891=VERTEX_POINT('',#9998);
#2892=VERTEX_POINT('',#10002);
#2893=VERTEX_POINT('',#10004);
#2894=VERTEX_POINT('',#10012);
#2895=VERTEX_POINT('',#10013);
#2896=VERTEX_POINT('',#10015);
#2897=VERTEX_POINT('',#10017);
#2898=VERTEX_POINT('',#10021);
#2899=VERTEX_POINT('',#10023);
#2900=VERTEX_POINT('',#10030);
#2901=VERTEX_POINT('',#10031);
#2902=VERTEX_POINT('',#10033);
#2903=VERTEX_POINT('',#10035);
#2904=VERTEX_POINT('',#10039);
#2905=VERTEX_POINT('',#10041);
#2906=VERTEX_POINT('',#10045);
#2907=VERTEX_POINT('',#10047);
#2908=VERTEX_POINT('',#10051);
#2909=VERTEX_POINT('',#10053);
#2910=VERTEX_POINT('',#10057);
#2911=VERTEX_POINT('',#10059);
#2912=VERTEX_POINT('',#10063);
#2913=VERTEX_POINT('',#10065);
#2914=VERTEX_POINT('',#10069);
#2915=VERTEX_POINT('',#10071);
#2916=VERTEX_POINT('',#10079);
#2917=VERTEX_POINT('',#10080);
#2918=VERTEX_POINT('',#10082);
#2919=VERTEX_POINT('',#10084);
#2920=VERTEX_POINT('',#10097);
#2921=VERTEX_POINT('',#10103);
#2922=VERTEX_POINT('',#10120);
#2923=VERTEX_POINT('',#10126);
#2924=VERTEX_POINT('',#10143);
#2925=VERTEX_POINT('',#10149);
#2926=VERTEX_POINT('',#10166);
#2927=VERTEX_POINT('',#10172);
#2928=VERTEX_POINT('',#10189);
#2929=VERTEX_POINT('',#10195);
#2930=VERTEX_POINT('',#10212);
#2931=VERTEX_POINT('',#10218);
#2932=VERTEX_POINT('',#10226);
#2933=VERTEX_POINT('',#10228);
#2934=VERTEX_POINT('',#10235);
#2935=VERTEX_POINT('',#10236);
#2936=VERTEX_POINT('',#10238);
#2937=VERTEX_POINT('',#10240);
#2938=VERTEX_POINT('',#10253);
#2939=VERTEX_POINT('',#10259);
#2940=VERTEX_POINT('',#10276);
#2941=VERTEX_POINT('',#10282);
#2942=VERTEX_POINT('',#10299);
#2943=VERTEX_POINT('',#10305);
#2944=VERTEX_POINT('',#10322);
#2945=VERTEX_POINT('',#10328);
#2946=VERTEX_POINT('',#10345);
#2947=VERTEX_POINT('',#10351);
#2948=VERTEX_POINT('',#10368);
#2949=VERTEX_POINT('',#10374);
#2950=VERTEX_POINT('',#10391);
#2951=VERTEX_POINT('',#10397);
#2952=VERTEX_POINT('',#10414);
#2953=VERTEX_POINT('',#10420);
#2954=VERTEX_POINT('',#10428);
#2955=VERTEX_POINT('',#10430);
#2956=VERTEX_POINT('',#10434);
#2957=VERTEX_POINT('',#10436);
#2958=VERTEX_POINT('',#10440);
#2959=VERTEX_POINT('',#10442);
#2960=VERTEX_POINT('',#10459);
#2961=VERTEX_POINT('',#10460);
#2962=VERTEX_POINT('',#10466);
#2963=VERTEX_POINT('',#10468);
#2964=VERTEX_POINT('',#10485);
#2965=VERTEX_POINT('',#10491);
#2966=VERTEX_POINT('',#10508);
#2967=VERTEX_POINT('',#10514);
#2968=VERTEX_POINT('',#10531);
#2969=VERTEX_POINT('',#10537);
#2970=VERTEX_POINT('',#10554);
#2971=VERTEX_POINT('',#10560);
#2972=VERTEX_POINT('',#10577);
#2973=VERTEX_POINT('',#10583);
#2974=VERTEX_POINT('',#10600);
#2975=VERTEX_POINT('',#10606);
#2976=VERTEX_POINT('',#10623);
#2977=VERTEX_POINT('',#10629);
#2978=VERTEX_POINT('',#10637);
#2979=VERTEX_POINT('',#10639);
#2980=VERTEX_POINT('',#10652);
#2981=VERTEX_POINT('',#10658);
#2982=VERTEX_POINT('',#10675);
#2983=VERTEX_POINT('',#10681);
#2984=VERTEX_POINT('',#10698);
#2985=VERTEX_POINT('',#10704);
#2986=VERTEX_POINT('',#10721);
#2987=VERTEX_POINT('',#10727);
#2988=VERTEX_POINT('',#10744);
#2989=VERTEX_POINT('',#10750);
#2990=VERTEX_POINT('',#10767);
#2991=VERTEX_POINT('',#10773);
#2992=VERTEX_POINT('',#10790);
#2993=VERTEX_POINT('',#10796);
#2994=VERTEX_POINT('',#10813);
#2995=VERTEX_POINT('',#10819);
#2996=VERTEX_POINT('',#10836);
#2997=VERTEX_POINT('',#10842);
#2998=VERTEX_POINT('',#10850);
#2999=VERTEX_POINT('',#10852);
#3000=VERTEX_POINT('',#10877);
#3001=VERTEX_POINT('',#10878);
#3002=VERTEX_POINT('',#10880);
#3003=VERTEX_POINT('',#10882);
#3004=VERTEX_POINT('',#10886);
#3005=VERTEX_POINT('',#10888);
#3006=VERTEX_POINT('',#10892);
#3007=VERTEX_POINT('',#10894);
#3008=VERTEX_POINT('',#10898);
#3009=VERTEX_POINT('',#10900);
#3010=VERTEX_POINT('',#10904);
#3011=VERTEX_POINT('',#10906);
#3012=VERTEX_POINT('',#10910);
#3013=VERTEX_POINT('',#10912);
#3014=VERTEX_POINT('',#10916);
#3015=VERTEX_POINT('',#10918);
#3016=VERTEX_POINT('',#10922);
#3017=VERTEX_POINT('',#10924);
#3018=VERTEX_POINT('',#10928);
#3019=VERTEX_POINT('',#10930);
#3020=VERTEX_POINT('',#10934);
#3021=VERTEX_POINT('',#10936);
#3022=VERTEX_POINT('',#10940);
#3023=VERTEX_POINT('',#10942);
#3024=VERTEX_POINT('',#10950);
#3025=VERTEX_POINT('',#10951);
#3026=VERTEX_POINT('',#10953);
#3027=VERTEX_POINT('',#10955);
#3028=VERTEX_POINT('',#10959);
#3029=VERTEX_POINT('',#10961);
#3030=VERTEX_POINT('',#10968);
#3031=VERTEX_POINT('',#10969);
#3032=VERTEX_POINT('',#10971);
#3033=VERTEX_POINT('',#10973);
#3034=VERTEX_POINT('',#10977);
#3035=VERTEX_POINT('',#10979);
#3036=VERTEX_POINT('',#10983);
#3037=VERTEX_POINT('',#10985);
#3038=VERTEX_POINT('',#10989);
#3039=VERTEX_POINT('',#10991);
#3040=VERTEX_POINT('',#10995);
#3041=VERTEX_POINT('',#10997);
#3042=VERTEX_POINT('',#11001);
#3043=VERTEX_POINT('',#11003);
#3044=VERTEX_POINT('',#11007);
#3045=VERTEX_POINT('',#11009);
#3046=VERTEX_POINT('',#11017);
#3047=VERTEX_POINT('',#11018);
#3048=VERTEX_POINT('',#11020);
#3049=VERTEX_POINT('',#11022);
#3050=VERTEX_POINT('',#11026);
#3051=VERTEX_POINT('',#11028);
#3052=VERTEX_POINT('',#11035);
#3053=VERTEX_POINT('',#11036);
#3054=VERTEX_POINT('',#11038);
#3055=VERTEX_POINT('',#11040);
#3056=VERTEX_POINT('',#11044);
#3057=VERTEX_POINT('',#11046);
#3058=VERTEX_POINT('',#11050);
#3059=VERTEX_POINT('',#11052);
#3060=VERTEX_POINT('',#11056);
#3061=VERTEX_POINT('',#11058);
#3062=VERTEX_POINT('',#11062);
#3063=VERTEX_POINT('',#11064);
#3064=VERTEX_POINT('',#11068);
#3065=VERTEX_POINT('',#11070);
#3066=VERTEX_POINT('',#11074);
#3067=VERTEX_POINT('',#11076);
#3068=VERTEX_POINT('',#11084);
#3069=VERTEX_POINT('',#11085);
#3070=VERTEX_POINT('',#11087);
#3071=VERTEX_POINT('',#11089);
#3072=VERTEX_POINT('',#11093);
#3073=VERTEX_POINT('',#11095);
#3074=VERTEX_POINT('',#11099);
#3075=VERTEX_POINT('',#11101);
#3076=VERTEX_POINT('',#11105);
#3077=VERTEX_POINT('',#11107);
#3078=VERTEX_POINT('',#11111);
#3079=VERTEX_POINT('',#11113);
#3080=VERTEX_POINT('',#11129);
#3081=VERTEX_POINT('',#11130);
#3082=VERTEX_POINT('',#11132);
#3083=VERTEX_POINT('',#11134);
#3084=VERTEX_POINT('',#11138);
#3085=VERTEX_POINT('',#11140);
#3086=VERTEX_POINT('',#11144);
#3087=VERTEX_POINT('',#11146);
#3088=VERTEX_POINT('',#11148);
#3089=VERTEX_POINT('',#11150);
#3090=VERTEX_POINT('',#11152);
#3091=VERTEX_POINT('',#11154);
#3092=VERTEX_POINT('',#11156);
#3093=VERTEX_POINT('',#11158);
#3094=VERTEX_POINT('',#11160);
#3095=VERTEX_POINT('',#11163);
#3096=VERTEX_POINT('',#11164);
#3097=VERTEX_POINT('',#11166);
#3098=VERTEX_POINT('',#11168);
#3099=VERTEX_POINT('',#11170);
#3100=VERTEX_POINT('',#11172);
#3101=VERTEX_POINT('',#11174);
#3102=VERTEX_POINT('',#11176);
#3103=VERTEX_POINT('',#11179);
#3104=VERTEX_POINT('',#11181);
#3105=VERTEX_POINT('',#11183);
#3106=VERTEX_POINT('',#11184);
#3107=VERTEX_POINT('',#11186);
#3108=VERTEX_POINT('',#11188);
#3109=VERTEX_POINT('',#11190);
#3110=VERTEX_POINT('',#11192);
#3111=VERTEX_POINT('',#11194);
#3112=VERTEX_POINT('',#11196);
#3113=VERTEX_POINT('',#11199);
#3114=VERTEX_POINT('',#11201);
#3115=VERTEX_POINT('',#11202);
#3116=VERTEX_POINT('',#11204);
#3117=VERTEX_POINT('',#11206);
#3118=VERTEX_POINT('',#11208);
#3119=VERTEX_POINT('',#11210);
#3120=VERTEX_POINT('',#11212);
#3121=VERTEX_POINT('',#11214);
#3122=VERTEX_POINT('',#11217);
#3123=VERTEX_POINT('',#11218);
#3124=VERTEX_POINT('',#11220);
#3125=VERTEX_POINT('',#11222);
#3126=VERTEX_POINT('',#11224);
#3127=VERTEX_POINT('',#11226);
#3128=VERTEX_POINT('',#11228);
#3129=VERTEX_POINT('',#11230);
#3130=VERTEX_POINT('',#11233);
#3131=VERTEX_POINT('',#11236);
#3132=VERTEX_POINT('',#11237);
#3133=VERTEX_POINT('',#11242);
#3134=VERTEX_POINT('',#11248);
#3135=VERTEX_POINT('',#11249);
#3136=VERTEX_POINT('',#11256);
#3137=VERTEX_POINT('',#11260);
#3138=VERTEX_POINT('',#11262);
#3139=VERTEX_POINT('',#11266);
#3140=VERTEX_POINT('',#11270);
#3141=VERTEX_POINT('',#11274);
#3142=VERTEX_POINT('',#11278);
#3143=VERTEX_POINT('',#11282);
#3144=VERTEX_POINT('',#11286);
#3145=VERTEX_POINT('',#11292);
#3146=VERTEX_POINT('',#11294);
#3147=VERTEX_POINT('',#11298);
#3148=VERTEX_POINT('',#11302);
#3149=VERTEX_POINT('',#11306);
#3150=VERTEX_POINT('',#11310);
#3151=VERTEX_POINT('',#11314);
#3152=VERTEX_POINT('',#11318);
#3153=VERTEX_POINT('',#11324);
#3154=VERTEX_POINT('',#11328);
#3155=VERTEX_POINT('',#11330);
#3156=VERTEX_POINT('',#11334);
#3157=VERTEX_POINT('',#11338);
#3158=VERTEX_POINT('',#11342);
#3159=VERTEX_POINT('',#11346);
#3160=VERTEX_POINT('',#11350);
#3161=VERTEX_POINT('',#11354);
#3162=VERTEX_POINT('',#11360);
#3163=VERTEX_POINT('',#11364);
#3164=VERTEX_POINT('',#11368);
#3165=VERTEX_POINT('',#11370);
#3166=VERTEX_POINT('',#11374);
#3167=VERTEX_POINT('',#11378);
#3168=VERTEX_POINT('',#11382);
#3169=VERTEX_POINT('',#11386);
#3170=VERTEX_POINT('',#11390);
#3171=VERTEX_POINT('',#11394);
#3172=VERTEX_POINT('',#11400);
#3173=VERTEX_POINT('',#11404);
#3174=VERTEX_POINT('',#11408);
#3175=VERTEX_POINT('',#11412);
#3176=EDGE_CURVE('',#2556,#2557,#1092,.T.);
#3177=EDGE_CURVE('',#2556,#2558,#1093,.T.);
#3178=EDGE_CURVE('',#2558,#2559,#1094,.T.);
#3179=EDGE_CURVE('',#2557,#2559,#1095,.T.);
#3180=EDGE_CURVE('',#2560,#2556,#1096,.T.);
#3181=EDGE_CURVE('',#2560,#2561,#1097,.T.);
#3182=EDGE_CURVE('',#2561,#2558,#1098,.T.);
#3183=EDGE_CURVE('',#2562,#2560,#1099,.T.);
#3184=EDGE_CURVE('',#2562,#2563,#1100,.T.);
#3185=EDGE_CURVE('',#2563,#2561,#1101,.T.);
#3186=EDGE_CURVE('',#2564,#2562,#1102,.T.);
#3187=EDGE_CURVE('',#2564,#2565,#1103,.T.);
#3188=EDGE_CURVE('',#2565,#2563,#1104,.T.);
#3189=EDGE_CURVE('',#2566,#2564,#1105,.T.);
#3190=EDGE_CURVE('',#2566,#2567,#1106,.T.);
#3191=EDGE_CURVE('',#2567,#2565,#1107,.T.);
#3192=EDGE_CURVE('',#2557,#2566,#1108,.T.);
#3193=EDGE_CURVE('',#2559,#2567,#1109,.T.);
#3194=EDGE_CURVE('',#2568,#2569,#1110,.T.);
#3195=EDGE_CURVE('',#2568,#2570,#1111,.T.);
#3196=EDGE_CURVE('',#2570,#2571,#1112,.T.);
#3197=EDGE_CURVE('',#2569,#2571,#1113,.T.);
#3198=EDGE_CURVE('',#2572,#2568,#1114,.T.);
#3199=EDGE_CURVE('',#2572,#2573,#1115,.T.);
#3200=EDGE_CURVE('',#2573,#2570,#1116,.T.);
#3201=EDGE_CURVE('',#2574,#2572,#1117,.T.);
#3202=EDGE_CURVE('',#2574,#2575,#1118,.T.);
#3203=EDGE_CURVE('',#2575,#2573,#1119,.T.);
#3204=EDGE_CURVE('',#2576,#2574,#1120,.T.);
#3205=EDGE_CURVE('',#2576,#2577,#1121,.T.);
#3206=EDGE_CURVE('',#2577,#2575,#1122,.T.);
#3207=EDGE_CURVE('',#2578,#2576,#1123,.T.);
#3208=EDGE_CURVE('',#2578,#2579,#1124,.T.);
#3209=EDGE_CURVE('',#2579,#2577,#1125,.T.);
#3210=EDGE_CURVE('',#2580,#2578,#1126,.T.);
#3211=EDGE_CURVE('',#2580,#2581,#1127,.T.);
#3212=EDGE_CURVE('',#2581,#2579,#1128,.T.);
#3213=EDGE_CURVE('',#2582,#2580,#1129,.T.);
#3214=EDGE_CURVE('',#2582,#2583,#1130,.T.);
#3215=EDGE_CURVE('',#2583,#2581,#1131,.T.);
#3216=EDGE_CURVE('',#2584,#2582,#1132,.T.);
#3217=EDGE_CURVE('',#2584,#2585,#1133,.T.);
#3218=EDGE_CURVE('',#2585,#2583,#1134,.T.);
#3219=EDGE_CURVE('',#2586,#2584,#1135,.T.);
#3220=EDGE_CURVE('',#2586,#2587,#1136,.T.);
#3221=EDGE_CURVE('',#2587,#2585,#1137,.T.);
#3222=EDGE_CURVE('',#2588,#2586,#1138,.T.);
#3223=EDGE_CURVE('',#2588,#2589,#1139,.T.);
#3224=EDGE_CURVE('',#2589,#2587,#1140,.T.);
#3225=EDGE_CURVE('',#2590,#2588,#1141,.T.);
#3226=EDGE_CURVE('',#2590,#2591,#1142,.T.);
#3227=EDGE_CURVE('',#2591,#2589,#1143,.T.);
#3228=EDGE_CURVE('',#2592,#2590,#1144,.T.);
#3229=EDGE_CURVE('',#2592,#2593,#1145,.T.);
#3230=EDGE_CURVE('',#2593,#2591,#1146,.T.);
#3231=EDGE_CURVE('',#2569,#2592,#1147,.T.);
#3232=EDGE_CURVE('',#2571,#2593,#1148,.T.);
#3233=EDGE_CURVE('',#2594,#2595,#134,.T.);
#3234=EDGE_CURVE('',#2594,#2596,#1149,.T.);
#3235=EDGE_CURVE('',#2596,#2597,#135,.T.);
#3236=EDGE_CURVE('',#2595,#2597,#1150,.T.);
#3237=EDGE_CURVE('',#2598,#2594,#136,.T.);
#3238=EDGE_CURVE('',#2598,#2599,#1151,.T.);
#3239=EDGE_CURVE('',#2599,#2596,#137,.T.);
#3240=EDGE_CURVE('',#2600,#2598,#138,.T.);
#3241=EDGE_CURVE('',#2600,#2601,#1152,.T.);
#3242=EDGE_CURVE('',#2601,#2599,#139,.T.);
#3243=EDGE_CURVE('',#2602,#2600,#140,.T.);
#3244=EDGE_CURVE('',#2602,#2603,#1153,.T.);
#3245=EDGE_CURVE('',#2603,#2601,#141,.T.);
#3246=EDGE_CURVE('',#2604,#2602,#142,.T.);
#3247=EDGE_CURVE('',#2604,#2605,#1154,.T.);
#3248=EDGE_CURVE('',#2605,#2603,#143,.T.);
#3249=EDGE_CURVE('',#2606,#2604,#144,.T.);
#3250=EDGE_CURVE('',#2606,#2607,#1155,.T.);
#3251=EDGE_CURVE('',#2607,#2605,#145,.T.);
#3252=EDGE_CURVE('',#2608,#2606,#146,.T.);
#3253=EDGE_CURVE('',#2608,#2609,#1156,.T.);
#3254=EDGE_CURVE('',#2609,#2607,#147,.T.);
#3255=EDGE_CURVE('',#2610,#2608,#148,.T.);
#3256=EDGE_CURVE('',#2610,#2611,#1157,.T.);
#3257=EDGE_CURVE('',#2611,#2609,#149,.T.);
#3258=EDGE_CURVE('',#2612,#2610,#150,.T.);
#3259=EDGE_CURVE('',#2612,#2613,#1158,.T.);
#3260=EDGE_CURVE('',#2613,#2611,#151,.T.);
#3261=EDGE_CURVE('',#2614,#2612,#152,.T.);
#3262=EDGE_CURVE('',#2614,#2615,#1159,.T.);
#3263=EDGE_CURVE('',#2615,#2613,#153,.T.);
#3264=EDGE_CURVE('',#2616,#2614,#154,.T.);
#3265=EDGE_CURVE('',#2616,#2617,#1160,.T.);
#3266=EDGE_CURVE('',#2617,#2615,#155,.T.);
#3267=EDGE_CURVE('',#2618,#2616,#156,.T.);
#3268=EDGE_CURVE('',#2618,#2619,#1161,.T.);
#3269=EDGE_CURVE('',#2619,#2617,#157,.T.);
#3270=EDGE_CURVE('',#2620,#2618,#1162,.T.);
#3271=EDGE_CURVE('',#2620,#2621,#1163,.T.);
#3272=EDGE_CURVE('',#2621,#2619,#1164,.T.);
#3273=EDGE_CURVE('',#2622,#2620,#158,.T.);
#3274=EDGE_CURVE('',#2622,#2623,#1165,.T.);
#3275=EDGE_CURVE('',#2623,#2621,#159,.T.);
#3276=EDGE_CURVE('',#2624,#2622,#160,.T.);
#3277=EDGE_CURVE('',#2624,#2625,#1166,.T.);
#3278=EDGE_CURVE('',#2625,#2623,#161,.T.);
#3279=EDGE_CURVE('',#2626,#2624,#162,.T.);
#3280=EDGE_CURVE('',#2626,#2627,#1167,.T.);
#3281=EDGE_CURVE('',#2627,#2625,#163,.T.);
#3282=EDGE_CURVE('',#2628,#2626,#164,.T.);
#3283=EDGE_CURVE('',#2628,#2629,#1168,.T.);
#3284=EDGE_CURVE('',#2629,#2627,#165,.T.);
#3285=EDGE_CURVE('',#2630,#2628,#166,.T.);
#3286=EDGE_CURVE('',#2630,#2631,#1169,.T.);
#3287=EDGE_CURVE('',#2631,#2629,#167,.T.);
#3288=EDGE_CURVE('',#2632,#2630,#168,.T.);
#3289=EDGE_CURVE('',#2632,#2633,#1170,.T.);
#3290=EDGE_CURVE('',#2633,#2631,#169,.T.);
#3291=EDGE_CURVE('',#2634,#2632,#170,.T.);
#3292=EDGE_CURVE('',#2634,#2635,#1171,.T.);
#3293=EDGE_CURVE('',#2635,#2633,#171,.T.);
#3294=EDGE_CURVE('',#2636,#2634,#172,.T.);
#3295=EDGE_CURVE('',#2636,#2637,#1172,.T.);
#3296=EDGE_CURVE('',#2637,#2635,#173,.T.);
#3297=EDGE_CURVE('',#2638,#2636,#174,.T.);
#3298=EDGE_CURVE('',#2638,#2639,#1173,.T.);
#3299=EDGE_CURVE('',#2639,#2637,#175,.T.);
#3300=EDGE_CURVE('',#2640,#2638,#176,.T.);
#3301=EDGE_CURVE('',#2640,#2641,#1174,.T.);
#3302=EDGE_CURVE('',#2641,#2639,#177,.T.);
#3303=EDGE_CURVE('',#2642,#2640,#178,.T.);
#3304=EDGE_CURVE('',#2642,#2643,#1175,.T.);
#3305=EDGE_CURVE('',#2643,#2641,#179,.T.);
#3306=EDGE_CURVE('',#2644,#2642,#180,.T.);
#3307=EDGE_CURVE('',#2644,#2645,#1176,.T.);
#3308=EDGE_CURVE('',#2645,#2643,#181,.T.);
#3309=EDGE_CURVE('',#2646,#2644,#182,.T.);
#3310=EDGE_CURVE('',#2646,#2647,#1177,.T.);
#3311=EDGE_CURVE('',#2647,#2645,#183,.T.);
#3312=EDGE_CURVE('',#2648,#2646,#1178,.T.);
#3313=EDGE_CURVE('',#2648,#2649,#1179,.T.);
#3314=EDGE_CURVE('',#2649,#2647,#1180,.T.);
#3315=EDGE_CURVE('',#2595,#2648,#184,.T.);
#3316=EDGE_CURVE('',#2597,#2649,#185,.T.);
#3317=EDGE_CURVE('',#2650,#2651,#1181,.T.);
#3318=EDGE_CURVE('',#2650,#2652,#1182,.T.);
#3319=EDGE_CURVE('',#2652,#2653,#1183,.T.);
#3320=EDGE_CURVE('',#2651,#2653,#1184,.T.);
#3321=EDGE_CURVE('',#2654,#2650,#1185,.T.);
#3322=EDGE_CURVE('',#2654,#2655,#1186,.T.);
#3323=EDGE_CURVE('',#2655,#2652,#1187,.T.);
#3324=EDGE_CURVE('',#2651,#2654,#1188,.T.);
#3325=EDGE_CURVE('',#2653,#2655,#1189,.T.);
#3326=EDGE_CURVE('',#2656,#2657,#1190,.T.);
#3327=EDGE_CURVE('',#2656,#2658,#1191,.T.);
#3328=EDGE_CURVE('',#2658,#2659,#1192,.T.);
#3329=EDGE_CURVE('',#2657,#2659,#1193,.T.);
#3330=EDGE_CURVE('',#2660,#2656,#1194,.T.);
#3331=EDGE_CURVE('',#2660,#2661,#1195,.T.);
#3332=EDGE_CURVE('',#2661,#2658,#1196,.T.);
#3333=EDGE_CURVE('',#2662,#2660,#1197,.T.);
#3334=EDGE_CURVE('',#2662,#2663,#1198,.T.);
#3335=EDGE_CURVE('',#2663,#2661,#1199,.T.);
#3336=EDGE_CURVE('',#2664,#2662,#1200,.T.);
#3337=EDGE_CURVE('',#2664,#2665,#1201,.T.);
#3338=EDGE_CURVE('',#2665,#2663,#1202,.T.);
#3339=EDGE_CURVE('',#2666,#2664,#1203,.T.);
#3340=EDGE_CURVE('',#2666,#2667,#1204,.T.);
#3341=EDGE_CURVE('',#2667,#2665,#1205,.T.);
#3342=EDGE_CURVE('',#2668,#2666,#1206,.T.);
#3343=EDGE_CURVE('',#2668,#2669,#1207,.T.);
#3344=EDGE_CURVE('',#2669,#2667,#1208,.T.);
#3345=EDGE_CURVE('',#2670,#2668,#1209,.T.);
#3346=EDGE_CURVE('',#2670,#2671,#1210,.T.);
#3347=EDGE_CURVE('',#2671,#2669,#1211,.T.);
#3348=EDGE_CURVE('',#2657,#2670,#1212,.T.);
#3349=EDGE_CURVE('',#2659,#2671,#1213,.T.);
#3350=EDGE_CURVE('',#2672,#2673,#1214,.T.);
#3351=EDGE_CURVE('',#2672,#2674,#1215,.T.);
#3352=EDGE_CURVE('',#2674,#2675,#1216,.T.);
#3353=EDGE_CURVE('',#2673,#2675,#1217,.T.);
#3354=EDGE_CURVE('',#2676,#2672,#1218,.T.);
#3355=EDGE_CURVE('',#2676,#2677,#1219,.T.);
#3356=EDGE_CURVE('',#2677,#2674,#1220,.T.);
#3357=EDGE_CURVE('',#2678,#2676,#1221,.T.);
#3358=EDGE_CURVE('',#2678,#2679,#1222,.T.);
#3359=EDGE_CURVE('',#2679,#2677,#1223,.T.);
#3360=EDGE_CURVE('',#2680,#2678,#1224,.T.);
#3361=EDGE_CURVE('',#2680,#2681,#1225,.T.);
#3362=EDGE_CURVE('',#2681,#2679,#1226,.T.);
#3363=EDGE_CURVE('',#2682,#2680,#1227,.T.);
#3364=EDGE_CURVE('',#2682,#2683,#1228,.T.);
#3365=EDGE_CURVE('',#2683,#2681,#1229,.T.);
#3366=EDGE_CURVE('',#2684,#2682,#1230,.T.);
#3367=EDGE_CURVE('',#2684,#2685,#1231,.T.);
#3368=EDGE_CURVE('',#2685,#2683,#1232,.T.);
#3369=EDGE_CURVE('',#2686,#2684,#1233,.T.);
#3370=EDGE_CURVE('',#2686,#2687,#1234,.T.);
#3371=EDGE_CURVE('',#2687,#2685,#1235,.T.);
#3372=EDGE_CURVE('',#2688,#2686,#1236,.T.);
#3373=EDGE_CURVE('',#2688,#2689,#1237,.T.);
#3374=EDGE_CURVE('',#2689,#2687,#1238,.T.);
#3375=EDGE_CURVE('',#2690,#2688,#1239,.T.);
#3376=EDGE_CURVE('',#2690,#2691,#1240,.T.);
#3377=EDGE_CURVE('',#2691,#2689,#1241,.T.);
#3378=EDGE_CURVE('',#2692,#2690,#1242,.T.);
#3379=EDGE_CURVE('',#2692,#2693,#1243,.T.);
#3380=EDGE_CURVE('',#2693,#2691,#1244,.T.);
#3381=EDGE_CURVE('',#2694,#2692,#1245,.T.);
#3382=EDGE_CURVE('',#2694,#2695,#1246,.T.);
#3383=EDGE_CURVE('',#2695,#2693,#1247,.T.);
#3384=EDGE_CURVE('',#2673,#2694,#1248,.T.);
#3385=EDGE_CURVE('',#2675,#2695,#1249,.T.);
#3386=EDGE_CURVE('',#2696,#2697,#1250,.T.);
#3387=EDGE_CURVE('',#2696,#2698,#1251,.T.);
#3388=EDGE_CURVE('',#2698,#2699,#1252,.T.);
#3389=EDGE_CURVE('',#2697,#2699,#1253,.T.);
#3390=EDGE_CURVE('',#2700,#2696,#1254,.T.);
#3391=EDGE_CURVE('',#2700,#2701,#1255,.T.);
#3392=EDGE_CURVE('',#2701,#2698,#1256,.T.);
#3393=EDGE_CURVE('',#2702,#2700,#1257,.T.);
#3394=EDGE_CURVE('',#2702,#2703,#1258,.T.);
#3395=EDGE_CURVE('',#2703,#2701,#1259,.T.);
#3396=EDGE_CURVE('',#2697,#2702,#1260,.T.);
#3397=EDGE_CURVE('',#2699,#2703,#1261,.T.);
#3398=EDGE_CURVE('',#2704,#2705,#1262,.T.);
#3399=EDGE_CURVE('',#2704,#2706,#1263,.T.);
#3400=EDGE_CURVE('',#2706,#2707,#1264,.T.);
#3401=EDGE_CURVE('',#2705,#2707,#1265,.T.);
#3402=EDGE_CURVE('',#2708,#2704,#186,.T.);
#3403=EDGE_CURVE('',#2708,#2709,#1266,.T.);
#3404=EDGE_CURVE('',#2709,#2706,#187,.T.);
#3405=EDGE_CURVE('',#2710,#2708,#188,.T.);
#3406=EDGE_CURVE('',#2710,#2711,#1267,.T.);
#3407=EDGE_CURVE('',#2711,#2709,#189,.T.);
#3408=EDGE_CURVE('',#2712,#2710,#190,.T.);
#3409=EDGE_CURVE('',#2712,#2713,#1268,.T.);
#3410=EDGE_CURVE('',#2713,#2711,#191,.T.);
#3411=EDGE_CURVE('',#2714,#2712,#192,.T.);
#3412=EDGE_CURVE('',#2714,#2715,#1269,.T.);
#3413=EDGE_CURVE('',#2715,#2713,#193,.T.);
#3414=EDGE_CURVE('',#2716,#2714,#194,.T.);
#3415=EDGE_CURVE('',#2716,#2717,#1270,.T.);
#3416=EDGE_CURVE('',#2717,#2715,#195,.T.);
#3417=EDGE_CURVE('',#2718,#2716,#196,.T.);
#3418=EDGE_CURVE('',#2718,#2719,#1271,.T.);
#3419=EDGE_CURVE('',#2719,#2717,#197,.T.);
#3420=EDGE_CURVE('',#2720,#2718,#198,.T.);
#3421=EDGE_CURVE('',#2720,#2721,#1272,.T.);
#3422=EDGE_CURVE('',#2721,#2719,#199,.T.);
#3423=EDGE_CURVE('',#2722,#2720,#1273,.T.);
#3424=EDGE_CURVE('',#2722,#2723,#1274,.T.);
#3425=EDGE_CURVE('',#2723,#2721,#1275,.T.);
#3426=EDGE_CURVE('',#2705,#2722,#1276,.T.);
#3427=EDGE_CURVE('',#2707,#2723,#1277,.T.);
#3428=EDGE_CURVE('',#2724,#2725,#200,.T.);
#3429=EDGE_CURVE('',#2724,#2726,#1278,.T.);
#3430=EDGE_CURVE('',#2726,#2727,#201,.T.);
#3431=EDGE_CURVE('',#2725,#2727,#1279,.T.);
#3432=EDGE_CURVE('',#2728,#2724,#202,.T.);
#3433=EDGE_CURVE('',#2728,#2729,#1280,.T.);
#3434=EDGE_CURVE('',#2729,#2726,#203,.T.);
#3435=EDGE_CURVE('',#2730,#2728,#204,.T.);
#3436=EDGE_CURVE('',#2730,#2731,#1281,.T.);
#3437=EDGE_CURVE('',#2731,#2729,#205,.T.);
#3438=EDGE_CURVE('',#2732,#2730,#206,.T.);
#3439=EDGE_CURVE('',#2732,#2733,#1282,.T.);
#3440=EDGE_CURVE('',#2733,#2731,#207,.T.);
#3441=EDGE_CURVE('',#2734,#2732,#208,.T.);
#3442=EDGE_CURVE('',#2734,#2735,#1283,.T.);
#3443=EDGE_CURVE('',#2735,#2733,#209,.T.);
#3444=EDGE_CURVE('',#2736,#2734,#210,.T.);
#3445=EDGE_CURVE('',#2736,#2737,#1284,.T.);
#3446=EDGE_CURVE('',#2737,#2735,#211,.T.);
#3447=EDGE_CURVE('',#2738,#2736,#212,.T.);
#3448=EDGE_CURVE('',#2738,#2739,#1285,.T.);
#3449=EDGE_CURVE('',#2739,#2737,#213,.T.);
#3450=EDGE_CURVE('',#2740,#2738,#214,.T.);
#3451=EDGE_CURVE('',#2740,#2741,#1286,.T.);
#3452=EDGE_CURVE('',#2741,#2739,#215,.T.);
#3453=EDGE_CURVE('',#2742,#2740,#216,.T.);
#3454=EDGE_CURVE('',#2742,#2743,#1287,.T.);
#3455=EDGE_CURVE('',#2743,#2741,#217,.T.);
#3456=EDGE_CURVE('',#2744,#2742,#218,.T.);
#3457=EDGE_CURVE('',#2744,#2745,#1288,.T.);
#3458=EDGE_CURVE('',#2745,#2743,#219,.T.);
#3459=EDGE_CURVE('',#2746,#2744,#1289,.T.);
#3460=EDGE_CURVE('',#2746,#2747,#1290,.T.);
#3461=EDGE_CURVE('',#2747,#2745,#1291,.T.);
#3462=EDGE_CURVE('',#2748,#2746,#1292,.T.);
#3463=EDGE_CURVE('',#2748,#2749,#1293,.T.);
#3464=EDGE_CURVE('',#2749,#2747,#1294,.T.);
#3465=EDGE_CURVE('',#2725,#2748,#1295,.T.);
#3466=EDGE_CURVE('',#2727,#2749,#1296,.T.);
#3467=EDGE_CURVE('',#2750,#2751,#1297,.T.);
#3468=EDGE_CURVE('',#2750,#2752,#1298,.T.);
#3469=EDGE_CURVE('',#2752,#2753,#1299,.T.);
#3470=EDGE_CURVE('',#2751,#2753,#1300,.T.);
#3471=EDGE_CURVE('',#2754,#2750,#1301,.T.);
#3472=EDGE_CURVE('',#2754,#2755,#1302,.T.);
#3473=EDGE_CURVE('',#2755,#2752,#1303,.T.);
#3474=EDGE_CURVE('',#2751,#2754,#1304,.T.);
#3475=EDGE_CURVE('',#2753,#2755,#1305,.T.);
#3476=EDGE_CURVE('',#2756,#2757,#1306,.T.);
#3477=EDGE_CURVE('',#2756,#2758,#1307,.T.);
#3478=EDGE_CURVE('',#2758,#2759,#1308,.T.);
#3479=EDGE_CURVE('',#2757,#2759,#1309,.T.);
#3480=EDGE_CURVE('',#2760,#2756,#1310,.T.);
#3481=EDGE_CURVE('',#2760,#2761,#1311,.T.);
#3482=EDGE_CURVE('',#2761,#2758,#1312,.T.);
#3483=EDGE_CURVE('',#2762,#2760,#1313,.T.);
#3484=EDGE_CURVE('',#2762,#2763,#1314,.T.);
#3485=EDGE_CURVE('',#2763,#2761,#1315,.T.);
#3486=EDGE_CURVE('',#2764,#2762,#1316,.T.);
#3487=EDGE_CURVE('',#2764,#2765,#1317,.T.);
#3488=EDGE_CURVE('',#2765,#2763,#1318,.T.);
#3489=EDGE_CURVE('',#2766,#2764,#1319,.T.);
#3490=EDGE_CURVE('',#2766,#2767,#1320,.T.);
#3491=EDGE_CURVE('',#2767,#2765,#1321,.T.);
#3492=EDGE_CURVE('',#2768,#2766,#1322,.T.);
#3493=EDGE_CURVE('',#2768,#2769,#1323,.T.);
#3494=EDGE_CURVE('',#2769,#2767,#1324,.T.);
#3495=EDGE_CURVE('',#2770,#2768,#1325,.T.);
#3496=EDGE_CURVE('',#2770,#2771,#1326,.T.);
#3497=EDGE_CURVE('',#2771,#2769,#1327,.T.);
#3498=EDGE_CURVE('',#2757,#2770,#1328,.T.);
#3499=EDGE_CURVE('',#2759,#2771,#1329,.T.);
#3500=EDGE_CURVE('',#2772,#2773,#1330,.T.);
#3501=EDGE_CURVE('',#2772,#2774,#1331,.T.);
#3502=EDGE_CURVE('',#2774,#2775,#1332,.T.);
#3503=EDGE_CURVE('',#2773,#2775,#1333,.T.);
#3504=EDGE_CURVE('',#2776,#2772,#1334,.T.);
#3505=EDGE_CURVE('',#2776,#2777,#1335,.T.);
#3506=EDGE_CURVE('',#2777,#2774,#1336,.T.);
#3507=EDGE_CURVE('',#2773,#2776,#1337,.T.);
#3508=EDGE_CURVE('',#2775,#2777,#1338,.T.);
#3509=EDGE_CURVE('',#2778,#2779,#1339,.T.);
#3510=EDGE_CURVE('',#2778,#2780,#1340,.T.);
#3511=EDGE_CURVE('',#2780,#2781,#1341,.T.);
#3512=EDGE_CURVE('',#2779,#2781,#1342,.T.);
#3513=EDGE_CURVE('',#2782,#2778,#1343,.T.);
#3514=EDGE_CURVE('',#2782,#2783,#1344,.T.);
#3515=EDGE_CURVE('',#2783,#2780,#1345,.T.);
#3516=EDGE_CURVE('',#2784,#2782,#1346,.T.);
#3517=EDGE_CURVE('',#2784,#2785,#1347,.T.);
#3518=EDGE_CURVE('',#2785,#2783,#1348,.T.);
#3519=EDGE_CURVE('',#2786,#2784,#1349,.T.);
#3520=EDGE_CURVE('',#2786,#2787,#1350,.T.);
#3521=EDGE_CURVE('',#2787,#2785,#1351,.T.);
#3522=EDGE_CURVE('',#2788,#2786,#1352,.T.);
#3523=EDGE_CURVE('',#2788,#2789,#1353,.T.);
#3524=EDGE_CURVE('',#2789,#2787,#1354,.T.);
#3525=EDGE_CURVE('',#2790,#2788,#1355,.T.);
#3526=EDGE_CURVE('',#2790,#2791,#1356,.T.);
#3527=EDGE_CURVE('',#2791,#2789,#1357,.T.);
#3528=EDGE_CURVE('',#2792,#2790,#1358,.T.);
#3529=EDGE_CURVE('',#2792,#2793,#1359,.T.);
#3530=EDGE_CURVE('',#2793,#2791,#1360,.T.);
#3531=EDGE_CURVE('',#2779,#2792,#1361,.T.);
#3532=EDGE_CURVE('',#2781,#2793,#1362,.T.);
#3533=EDGE_CURVE('',#2794,#2795,#1363,.T.);
#3534=EDGE_CURVE('',#2794,#2796,#1364,.T.);
#3535=EDGE_CURVE('',#2796,#2797,#1365,.T.);
#3536=EDGE_CURVE('',#2795,#2797,#1366,.T.);
#3537=EDGE_CURVE('',#2798,#2794,#1367,.T.);
#3538=EDGE_CURVE('',#2798,#2799,#1368,.T.);
#3539=EDGE_CURVE('',#2799,#2796,#1369,.T.);
#3540=EDGE_CURVE('',#2800,#2798,#1370,.T.);
#3541=EDGE_CURVE('',#2800,#2801,#1371,.T.);
#3542=EDGE_CURVE('',#2801,#2799,#1372,.T.);
#3543=EDGE_CURVE('',#2795,#2800,#1373,.T.);
#3544=EDGE_CURVE('',#2797,#2801,#1374,.T.);
#3545=EDGE_CURVE('',#2802,#2803,#1375,.T.);
#3546=EDGE_CURVE('',#2802,#2804,#1376,.T.);
#3547=EDGE_CURVE('',#2804,#2805,#1377,.T.);
#3548=EDGE_CURVE('',#2803,#2805,#1378,.T.);
#3549=EDGE_CURVE('',#2806,#2802,#1379,.T.);
#3550=EDGE_CURVE('',#2806,#2807,#1380,.T.);
#3551=EDGE_CURVE('',#2807,#2804,#1381,.T.);
#3552=EDGE_CURVE('',#2808,#2806,#1382,.T.);
#3553=EDGE_CURVE('',#2808,#2809,#1383,.T.);
#3554=EDGE_CURVE('',#2809,#2807,#1384,.T.);
#3555=EDGE_CURVE('',#2803,#2808,#1385,.T.);
#3556=EDGE_CURVE('',#2805,#2809,#1386,.T.);
#3557=EDGE_CURVE('',#2810,#2811,#1387,.T.);
#3558=EDGE_CURVE('',#2810,#2812,#1388,.T.);
#3559=EDGE_CURVE('',#2812,#2813,#1389,.T.);
#3560=EDGE_CURVE('',#2811,#2813,#1390,.T.);
#3561=EDGE_CURVE('',#2814,#2810,#1391,.T.);
#3562=EDGE_CURVE('',#2814,#2815,#1392,.T.);
#3563=EDGE_CURVE('',#2815,#2812,#1393,.T.);
#3564=EDGE_CURVE('',#2816,#2814,#1394,.T.);
#3565=EDGE_CURVE('',#2816,#2817,#1395,.T.);
#3566=EDGE_CURVE('',#2817,#2815,#1396,.T.);
#3567=EDGE_CURVE('',#2818,#2816,#1397,.T.);
#3568=EDGE_CURVE('',#2818,#2819,#1398,.T.);
#3569=EDGE_CURVE('',#2819,#2817,#1399,.T.);
#3570=EDGE_CURVE('',#2820,#2818,#1400,.T.);
#3571=EDGE_CURVE('',#2820,#2821,#1401,.T.);
#3572=EDGE_CURVE('',#2821,#2819,#1402,.T.);
#3573=EDGE_CURVE('',#2811,#2820,#1403,.T.);
#3574=EDGE_CURVE('',#2813,#2821,#1404,.T.);
#3575=EDGE_CURVE('',#2822,#2823,#1405,.T.);
#3576=EDGE_CURVE('',#2822,#2824,#1406,.T.);
#3577=EDGE_CURVE('',#2824,#2825,#1407,.T.);
#3578=EDGE_CURVE('',#2823,#2825,#1408,.T.);
#3579=EDGE_CURVE('',#2826,#2822,#1409,.T.);
#3580=EDGE_CURVE('',#2826,#2827,#1410,.T.);
#3581=EDGE_CURVE('',#2827,#2824,#1411,.T.);
#3582=EDGE_CURVE('',#2828,#2826,#1412,.T.);
#3583=EDGE_CURVE('',#2828,#2829,#1413,.T.);
#3584=EDGE_CURVE('',#2829,#2827,#1414,.T.);
#3585=EDGE_CURVE('',#2830,#2828,#1415,.T.);
#3586=EDGE_CURVE('',#2830,#2831,#1416,.T.);
#3587=EDGE_CURVE('',#2831,#2829,#1417,.T.);
#3588=EDGE_CURVE('',#2832,#2830,#1418,.T.);
#3589=EDGE_CURVE('',#2832,#2833,#1419,.T.);
#3590=EDGE_CURVE('',#2833,#2831,#1420,.T.);
#3591=EDGE_CURVE('',#2823,#2832,#1421,.T.);
#3592=EDGE_CURVE('',#2825,#2833,#1422,.T.);
#3593=EDGE_CURVE('',#2834,#2835,#1423,.T.);
#3594=EDGE_CURVE('',#2834,#2836,#1424,.T.);
#3595=EDGE_CURVE('',#2836,#2837,#1425,.T.);
#3596=EDGE_CURVE('',#2835,#2837,#1426,.T.);
#3597=EDGE_CURVE('',#2838,#2834,#1427,.T.);
#3598=EDGE_CURVE('',#2838,#2839,#1428,.T.);
#3599=EDGE_CURVE('',#2839,#2836,#1429,.T.);
#3600=EDGE_CURVE('',#2840,#2838,#1430,.T.);
#3601=EDGE_CURVE('',#2840,#2841,#1431,.T.);
#3602=EDGE_CURVE('',#2841,#2839,#1432,.T.);
#3603=EDGE_CURVE('',#2842,#2840,#1433,.T.);
#3604=EDGE_CURVE('',#2842,#2843,#1434,.T.);
#3605=EDGE_CURVE('',#2843,#2841,#1435,.T.);
#3606=EDGE_CURVE('',#2844,#2842,#1436,.T.);
#3607=EDGE_CURVE('',#2844,#2845,#1437,.T.);
#3608=EDGE_CURVE('',#2845,#2843,#1438,.T.);
#3609=EDGE_CURVE('',#2835,#2844,#1439,.T.);
#3610=EDGE_CURVE('',#2837,#2845,#1440,.T.);
#3611=EDGE_CURVE('',#2846,#2847,#1441,.T.);
#3612=EDGE_CURVE('',#2846,#2848,#1442,.T.);
#3613=EDGE_CURVE('',#2848,#2849,#1443,.T.);
#3614=EDGE_CURVE('',#2847,#2849,#1444,.T.);
#3615=EDGE_CURVE('',#2850,#2846,#1445,.T.);
#3616=EDGE_CURVE('',#2850,#2851,#1446,.T.);
#3617=EDGE_CURVE('',#2851,#2848,#1447,.T.);
#3618=EDGE_CURVE('',#2852,#2850,#1448,.T.);
#3619=EDGE_CURVE('',#2852,#2853,#1449,.T.);
#3620=EDGE_CURVE('',#2853,#2851,#1450,.T.);
#3621=EDGE_CURVE('',#2854,#2852,#1451,.T.);
#3622=EDGE_CURVE('',#2854,#2855,#1452,.T.);
#3623=EDGE_CURVE('',#2855,#2853,#1453,.T.);
#3624=EDGE_CURVE('',#2856,#2854,#1454,.T.);
#3625=EDGE_CURVE('',#2856,#2857,#1455,.T.);
#3626=EDGE_CURVE('',#2857,#2855,#1456,.T.);
#3627=EDGE_CURVE('',#2858,#2856,#1457,.T.);
#3628=EDGE_CURVE('',#2858,#2859,#1458,.T.);
#3629=EDGE_CURVE('',#2859,#2857,#1459,.T.);
#3630=EDGE_CURVE('',#2860,#2858,#1460,.T.);
#3631=EDGE_CURVE('',#2860,#2861,#1461,.T.);
#3632=EDGE_CURVE('',#2861,#2859,#1462,.T.);
#3633=EDGE_CURVE('',#2862,#2860,#1463,.T.);
#3634=EDGE_CURVE('',#2862,#2863,#1464,.T.);
#3635=EDGE_CURVE('',#2863,#2861,#1465,.T.);
#3636=EDGE_CURVE('',#2864,#2862,#1466,.T.);
#3637=EDGE_CURVE('',#2864,#2865,#1467,.T.);
#3638=EDGE_CURVE('',#2865,#2863,#1468,.T.);
#3639=EDGE_CURVE('',#2866,#2864,#1469,.T.);
#3640=EDGE_CURVE('',#2866,#2867,#1470,.T.);
#3641=EDGE_CURVE('',#2867,#2865,#1471,.T.);
#3642=EDGE_CURVE('',#2868,#2866,#1472,.T.);
#3643=EDGE_CURVE('',#2868,#2869,#1473,.T.);
#3644=EDGE_CURVE('',#2869,#2867,#1474,.T.);
#3645=EDGE_CURVE('',#2847,#2868,#1475,.T.);
#3646=EDGE_CURVE('',#2849,#2869,#1476,.T.);
#3647=EDGE_CURVE('',#2870,#2871,#1477,.T.);
#3648=EDGE_CURVE('',#2870,#2872,#1478,.T.);
#3649=EDGE_CURVE('',#2872,#2873,#1479,.T.);
#3650=EDGE_CURVE('',#2871,#2873,#1480,.T.);
#3651=EDGE_CURVE('',#2874,#2870,#1481,.T.);
#3652=EDGE_CURVE('',#2874,#2875,#1482,.T.);
#3653=EDGE_CURVE('',#2875,#2872,#1483,.T.);
#3654=EDGE_CURVE('',#2876,#2874,#1484,.T.);
#3655=EDGE_CURVE('',#2876,#2877,#1485,.T.);
#3656=EDGE_CURVE('',#2877,#2875,#1486,.T.);
#3657=EDGE_CURVE('',#2878,#2876,#1487,.T.);
#3658=EDGE_CURVE('',#2878,#2879,#1488,.T.);
#3659=EDGE_CURVE('',#2879,#2877,#1489,.T.);
#3660=EDGE_CURVE('',#2880,#2878,#1490,.T.);
#3661=EDGE_CURVE('',#2880,#2881,#1491,.T.);
#3662=EDGE_CURVE('',#2881,#2879,#1492,.T.);
#3663=EDGE_CURVE('',#2882,#2880,#1493,.T.);
#3664=EDGE_CURVE('',#2882,#2883,#1494,.T.);
#3665=EDGE_CURVE('',#2883,#2881,#1495,.T.);
#3666=EDGE_CURVE('',#2884,#2882,#1496,.T.);
#3667=EDGE_CURVE('',#2884,#2885,#1497,.T.);
#3668=EDGE_CURVE('',#2885,#2883,#1498,.T.);
#3669=EDGE_CURVE('',#2886,#2884,#1499,.T.);
#3670=EDGE_CURVE('',#2886,#2887,#1500,.T.);
#3671=EDGE_CURVE('',#2887,#2885,#1501,.T.);
#3672=EDGE_CURVE('',#2888,#2886,#1502,.T.);
#3673=EDGE_CURVE('',#2888,#2889,#1503,.T.);
#3674=EDGE_CURVE('',#2889,#2887,#1504,.T.);
#3675=EDGE_CURVE('',#2890,#2888,#1505,.T.);
#3676=EDGE_CURVE('',#2890,#2891,#1506,.T.);
#3677=EDGE_CURVE('',#2891,#2889,#1507,.T.);
#3678=EDGE_CURVE('',#2892,#2890,#1508,.T.);
#3679=EDGE_CURVE('',#2892,#2893,#1509,.T.);
#3680=EDGE_CURVE('',#2893,#2891,#1510,.T.);
#3681=EDGE_CURVE('',#2871,#2892,#1511,.T.);
#3682=EDGE_CURVE('',#2873,#2893,#1512,.T.);
#3683=EDGE_CURVE('',#2894,#2895,#1513,.T.);
#3684=EDGE_CURVE('',#2894,#2896,#1514,.T.);
#3685=EDGE_CURVE('',#2896,#2897,#1515,.T.);
#3686=EDGE_CURVE('',#2895,#2897,#1516,.T.);
#3687=EDGE_CURVE('',#2898,#2894,#1517,.T.);
#3688=EDGE_CURVE('',#2898,#2899,#1518,.T.);
#3689=EDGE_CURVE('',#2899,#2896,#1519,.T.);
#3690=EDGE_CURVE('',#2895,#2898,#1520,.T.);
#3691=EDGE_CURVE('',#2897,#2899,#1521,.T.);
#3692=EDGE_CURVE('',#2900,#2901,#1522,.T.);
#3693=EDGE_CURVE('',#2900,#2902,#1523,.T.);
#3694=EDGE_CURVE('',#2902,#2903,#1524,.T.);
#3695=EDGE_CURVE('',#2901,#2903,#1525,.T.);
#3696=EDGE_CURVE('',#2904,#2900,#1526,.T.);
#3697=EDGE_CURVE('',#2904,#2905,#1527,.T.);
#3698=EDGE_CURVE('',#2905,#2902,#1528,.T.);
#3699=EDGE_CURVE('',#2906,#2904,#1529,.T.);
#3700=EDGE_CURVE('',#2906,#2907,#1530,.T.);
#3701=EDGE_CURVE('',#2907,#2905,#1531,.T.);
#3702=EDGE_CURVE('',#2908,#2906,#1532,.T.);
#3703=EDGE_CURVE('',#2908,#2909,#1533,.T.);
#3704=EDGE_CURVE('',#2909,#2907,#1534,.T.);
#3705=EDGE_CURVE('',#2910,#2908,#1535,.T.);
#3706=EDGE_CURVE('',#2910,#2911,#1536,.T.);
#3707=EDGE_CURVE('',#2911,#2909,#1537,.T.);
#3708=EDGE_CURVE('',#2912,#2910,#1538,.T.);
#3709=EDGE_CURVE('',#2912,#2913,#1539,.T.);
#3710=EDGE_CURVE('',#2913,#2911,#1540,.T.);
#3711=EDGE_CURVE('',#2914,#2912,#1541,.T.);
#3712=EDGE_CURVE('',#2914,#2915,#1542,.T.);
#3713=EDGE_CURVE('',#2915,#2913,#1543,.T.);
#3714=EDGE_CURVE('',#2901,#2914,#1544,.T.);
#3715=EDGE_CURVE('',#2903,#2915,#1545,.T.);
#3716=EDGE_CURVE('',#2916,#2917,#1546,.T.);
#3717=EDGE_CURVE('',#2916,#2918,#1547,.T.);
#3718=EDGE_CURVE('',#2918,#2919,#1548,.T.);
#3719=EDGE_CURVE('',#2917,#2919,#1549,.T.);
#3720=EDGE_CURVE('',#2920,#2916,#220,.T.);
#3721=EDGE_CURVE('',#2920,#2921,#1550,.T.);
#3722=EDGE_CURVE('',#2921,#2918,#221,.T.);
#3723=EDGE_CURVE('',#2922,#2920,#222,.T.);
#3724=EDGE_CURVE('',#2922,#2923,#1551,.T.);
#3725=EDGE_CURVE('',#2923,#2921,#223,.T.);
#3726=EDGE_CURVE('',#2924,#2922,#224,.T.);
#3727=EDGE_CURVE('',#2924,#2925,#1552,.T.);
#3728=EDGE_CURVE('',#2925,#2923,#225,.T.);
#3729=EDGE_CURVE('',#2926,#2924,#226,.T.);
#3730=EDGE_CURVE('',#2926,#2927,#1553,.T.);
#3731=EDGE_CURVE('',#2927,#2925,#227,.T.);
#3732=EDGE_CURVE('',#2928,#2926,#228,.T.);
#3733=EDGE_CURVE('',#2928,#2929,#1554,.T.);
#3734=EDGE_CURVE('',#2929,#2927,#229,.T.);
#3735=EDGE_CURVE('',#2930,#2928,#230,.T.);
#3736=EDGE_CURVE('',#2930,#2931,#1555,.T.);
#3737=EDGE_CURVE('',#2931,#2929,#231,.T.);
#3738=EDGE_CURVE('',#2932,#2930,#1556,.T.);
#3739=EDGE_CURVE('',#2932,#2933,#1557,.T.);
#3740=EDGE_CURVE('',#2933,#2931,#1558,.T.);
#3741=EDGE_CURVE('',#2917,#2932,#1559,.T.);
#3742=EDGE_CURVE('',#2919,#2933,#1560,.T.);
#3743=EDGE_CURVE('',#2934,#2935,#1561,.T.);
#3744=EDGE_CURVE('',#2934,#2936,#1562,.T.);
#3745=EDGE_CURVE('',#2936,#2937,#1563,.T.);
#3746=EDGE_CURVE('',#2935,#2937,#1564,.T.);
#3747=EDGE_CURVE('',#2938,#2934,#232,.T.);
#3748=EDGE_CURVE('',#2938,#2939,#1565,.T.);
#3749=EDGE_CURVE('',#2939,#2936,#233,.T.);
#3750=EDGE_CURVE('',#2940,#2938,#234,.T.);
#3751=EDGE_CURVE('',#2940,#2941,#1566,.T.);
#3752=EDGE_CURVE('',#2941,#2939,#235,.T.);
#3753=EDGE_CURVE('',#2942,#2940,#236,.T.);
#3754=EDGE_CURVE('',#2942,#2943,#1567,.T.);
#3755=EDGE_CURVE('',#2943,#2941,#237,.T.);
#3756=EDGE_CURVE('',#2944,#2942,#238,.T.);
#3757=EDGE_CURVE('',#2944,#2945,#1568,.T.);
#3758=EDGE_CURVE('',#2945,#2943,#239,.T.);
#3759=EDGE_CURVE('',#2946,#2944,#240,.T.);
#3760=EDGE_CURVE('',#2946,#2947,#1569,.T.);
#3761=EDGE_CURVE('',#2947,#2945,#241,.T.);
#3762=EDGE_CURVE('',#2948,#2946,#242,.T.);
#3763=EDGE_CURVE('',#2948,#2949,#1570,.T.);
#3764=EDGE_CURVE('',#2949,#2947,#243,.T.);
#3765=EDGE_CURVE('',#2950,#2948,#244,.T.);
#3766=EDGE_CURVE('',#2950,#2951,#1571,.T.);
#3767=EDGE_CURVE('',#2951,#2949,#245,.T.);
#3768=EDGE_CURVE('',#2952,#2950,#246,.T.);
#3769=EDGE_CURVE('',#2952,#2953,#1572,.T.);
#3770=EDGE_CURVE('',#2953,#2951,#247,.T.);
#3771=EDGE_CURVE('',#2954,#2952,#1573,.T.);
#3772=EDGE_CURVE('',#2954,#2955,#1574,.T.);
#3773=EDGE_CURVE('',#2955,#2953,#1575,.T.);
#3774=EDGE_CURVE('',#2956,#2954,#1576,.T.);
#3775=EDGE_CURVE('',#2956,#2957,#1577,.T.);
#3776=EDGE_CURVE('',#2957,#2955,#1578,.T.);
#3777=EDGE_CURVE('',#2958,#2956,#1579,.T.);
#3778=EDGE_CURVE('',#2958,#2959,#1580,.T.);
#3779=EDGE_CURVE('',#2959,#2957,#1581,.T.);
#3780=EDGE_CURVE('',#2935,#2958,#1582,.T.);
#3781=EDGE_CURVE('',#2937,#2959,#1583,.T.);
#3782=EDGE_CURVE('',#2960,#2961,#248,.T.);
#3783=EDGE_CURVE('',#2960,#2962,#1584,.T.);
#3784=EDGE_CURVE('',#2962,#2963,#249,.T.);
#3785=EDGE_CURVE('',#2961,#2963,#1585,.T.);
#3786=EDGE_CURVE('',#2964,#2960,#250,.T.);
#3787=EDGE_CURVE('',#2964,#2965,#1586,.T.);
#3788=EDGE_CURVE('',#2965,#2962,#251,.T.);
#3789=EDGE_CURVE('',#2966,#2964,#252,.T.);
#3790=EDGE_CURVE('',#2966,#2967,#1587,.T.);
#3791=EDGE_CURVE('',#2967,#2965,#253,.T.);
#3792=EDGE_CURVE('',#2968,#2966,#254,.T.);
#3793=EDGE_CURVE('',#2968,#2969,#1588,.T.);
#3794=EDGE_CURVE('',#2969,#2967,#255,.T.);
#3795=EDGE_CURVE('',#2970,#2968,#256,.T.);
#3796=EDGE_CURVE('',#2970,#2971,#1589,.T.);
#3797=EDGE_CURVE('',#2971,#2969,#257,.T.);
#3798=EDGE_CURVE('',#2972,#2970,#258,.T.);
#3799=EDGE_CURVE('',#2972,#2973,#1590,.T.);
#3800=EDGE_CURVE('',#2973,#2971,#259,.T.);
#3801=EDGE_CURVE('',#2974,#2972,#260,.T.);
#3802=EDGE_CURVE('',#2974,#2975,#1591,.T.);
#3803=EDGE_CURVE('',#2975,#2973,#261,.T.);
#3804=EDGE_CURVE('',#2976,#2974,#262,.T.);
#3805=EDGE_CURVE('',#2976,#2977,#1592,.T.);
#3806=EDGE_CURVE('',#2977,#2975,#263,.T.);
#3807=EDGE_CURVE('',#2978,#2976,#1593,.T.);
#3808=EDGE_CURVE('',#2978,#2979,#1594,.T.);
#3809=EDGE_CURVE('',#2979,#2977,#1595,.T.);
#3810=EDGE_CURVE('',#2980,#2978,#264,.T.);
#3811=EDGE_CURVE('',#2980,#2981,#1596,.T.);
#3812=EDGE_CURVE('',#2981,#2979,#265,.T.);
#3813=EDGE_CURVE('',#2982,#2980,#266,.T.);
#3814=EDGE_CURVE('',#2982,#2983,#1597,.T.);
#3815=EDGE_CURVE('',#2983,#2981,#267,.T.);
#3816=EDGE_CURVE('',#2984,#2982,#268,.T.);
#3817=EDGE_CURVE('',#2984,#2985,#1598,.T.);
#3818=EDGE_CURVE('',#2985,#2983,#269,.T.);
#3819=EDGE_CURVE('',#2986,#2984,#270,.T.);
#3820=EDGE_CURVE('',#2986,#2987,#1599,.T.);
#3821=EDGE_CURVE('',#2987,#2985,#271,.T.);
#3822=EDGE_CURVE('',#2988,#2986,#272,.T.);
#3823=EDGE_CURVE('',#2988,#2989,#1600,.T.);
#3824=EDGE_CURVE('',#2989,#2987,#273,.T.);
#3825=EDGE_CURVE('',#2990,#2988,#274,.T.);
#3826=EDGE_CURVE('',#2990,#2991,#1601,.T.);
#3827=EDGE_CURVE('',#2991,#2989,#275,.T.);
#3828=EDGE_CURVE('',#2992,#2990,#276,.T.);
#3829=EDGE_CURVE('',#2992,#2993,#1602,.T.);
#3830=EDGE_CURVE('',#2993,#2991,#277,.T.);
#3831=EDGE_CURVE('',#2994,#2992,#278,.T.);
#3832=EDGE_CURVE('',#2994,#2995,#1603,.T.);
#3833=EDGE_CURVE('',#2995,#2993,#279,.T.);
#3834=EDGE_CURVE('',#2996,#2994,#280,.T.);
#3835=EDGE_CURVE('',#2996,#2997,#1604,.T.);
#3836=EDGE_CURVE('',#2997,#2995,#281,.T.);
#3837=EDGE_CURVE('',#2998,#2996,#1605,.T.);
#3838=EDGE_CURVE('',#2998,#2999,#1606,.T.);
#3839=EDGE_CURVE('',#2999,#2997,#1607,.T.);
#3840=EDGE_CURVE('',#2961,#2998,#282,.T.);
#3841=EDGE_CURVE('',#2963,#2999,#283,.T.);
#3842=EDGE_CURVE('',#3000,#3001,#1608,.T.);
#3843=EDGE_CURVE('',#3000,#3002,#1609,.T.);
#3844=EDGE_CURVE('',#3002,#3003,#1610,.T.);
#3845=EDGE_CURVE('',#3001,#3003,#1611,.T.);
#3846=EDGE_CURVE('',#3004,#3000,#1612,.T.);
#3847=EDGE_CURVE('',#3004,#3005,#1613,.T.);
#3848=EDGE_CURVE('',#3005,#3002,#1614,.T.);
#3849=EDGE_CURVE('',#3006,#3004,#1615,.T.);
#3850=EDGE_CURVE('',#3006,#3007,#1616,.T.);
#3851=EDGE_CURVE('',#3007,#3005,#1617,.T.);
#3852=EDGE_CURVE('',#3008,#3006,#1618,.T.);
#3853=EDGE_CURVE('',#3008,#3009,#1619,.T.);
#3854=EDGE_CURVE('',#3009,#3007,#1620,.T.);
#3855=EDGE_CURVE('',#3010,#3008,#1621,.T.);
#3856=EDGE_CURVE('',#3010,#3011,#1622,.T.);
#3857=EDGE_CURVE('',#3011,#3009,#1623,.T.);
#3858=EDGE_CURVE('',#3012,#3010,#1624,.T.);
#3859=EDGE_CURVE('',#3012,#3013,#1625,.T.);
#3860=EDGE_CURVE('',#3013,#3011,#1626,.T.);
#3861=EDGE_CURVE('',#3014,#3012,#1627,.T.);
#3862=EDGE_CURVE('',#3014,#3015,#1628,.T.);
#3863=EDGE_CURVE('',#3015,#3013,#1629,.T.);
#3864=EDGE_CURVE('',#3016,#3014,#1630,.T.);
#3865=EDGE_CURVE('',#3016,#3017,#1631,.T.);
#3866=EDGE_CURVE('',#3017,#3015,#1632,.T.);
#3867=EDGE_CURVE('',#3018,#3016,#1633,.T.);
#3868=EDGE_CURVE('',#3018,#3019,#1634,.T.);
#3869=EDGE_CURVE('',#3019,#3017,#1635,.T.);
#3870=EDGE_CURVE('',#3020,#3018,#1636,.T.);
#3871=EDGE_CURVE('',#3020,#3021,#1637,.T.);
#3872=EDGE_CURVE('',#3021,#3019,#1638,.T.);
#3873=EDGE_CURVE('',#3022,#3020,#1639,.T.);
#3874=EDGE_CURVE('',#3022,#3023,#1640,.T.);
#3875=EDGE_CURVE('',#3023,#3021,#1641,.T.);
#3876=EDGE_CURVE('',#3001,#3022,#1642,.T.);
#3877=EDGE_CURVE('',#3003,#3023,#1643,.T.);
#3878=EDGE_CURVE('',#3024,#3025,#1644,.T.);
#3879=EDGE_CURVE('',#3024,#3026,#1645,.T.);
#3880=EDGE_CURVE('',#3026,#3027,#1646,.T.);
#3881=EDGE_CURVE('',#3025,#3027,#1647,.T.);
#3882=EDGE_CURVE('',#3028,#3024,#1648,.T.);
#3883=EDGE_CURVE('',#3028,#3029,#1649,.T.);
#3884=EDGE_CURVE('',#3029,#3026,#1650,.T.);
#3885=EDGE_CURVE('',#3025,#3028,#1651,.T.);
#3886=EDGE_CURVE('',#3027,#3029,#1652,.T.);
#3887=EDGE_CURVE('',#3030,#3031,#1653,.T.);
#3888=EDGE_CURVE('',#3030,#3032,#1654,.T.);
#3889=EDGE_CURVE('',#3032,#3033,#1655,.T.);
#3890=EDGE_CURVE('',#3031,#3033,#1656,.T.);
#3891=EDGE_CURVE('',#3034,#3030,#1657,.T.);
#3892=EDGE_CURVE('',#3034,#3035,#1658,.T.);
#3893=EDGE_CURVE('',#3035,#3032,#1659,.T.);
#3894=EDGE_CURVE('',#3036,#3034,#1660,.T.);
#3895=EDGE_CURVE('',#3036,#3037,#1661,.T.);
#3896=EDGE_CURVE('',#3037,#3035,#1662,.T.);
#3897=EDGE_CURVE('',#3038,#3036,#1663,.T.);
#3898=EDGE_CURVE('',#3038,#3039,#1664,.T.);
#3899=EDGE_CURVE('',#3039,#3037,#1665,.T.);
#3900=EDGE_CURVE('',#3040,#3038,#1666,.T.);
#3901=EDGE_CURVE('',#3040,#3041,#1667,.T.);
#3902=EDGE_CURVE('',#3041,#3039,#1668,.T.);
#3903=EDGE_CURVE('',#3042,#3040,#1669,.T.);
#3904=EDGE_CURVE('',#3042,#3043,#1670,.T.);
#3905=EDGE_CURVE('',#3043,#3041,#1671,.T.);
#3906=EDGE_CURVE('',#3044,#3042,#1672,.T.);
#3907=EDGE_CURVE('',#3044,#3045,#1673,.T.);
#3908=EDGE_CURVE('',#3045,#3043,#1674,.T.);
#3909=EDGE_CURVE('',#3031,#3044,#1675,.T.);
#3910=EDGE_CURVE('',#3033,#3045,#1676,.T.);
#3911=EDGE_CURVE('',#3046,#3047,#1677,.T.);
#3912=EDGE_CURVE('',#3046,#3048,#1678,.T.);
#3913=EDGE_CURVE('',#3048,#3049,#1679,.T.);
#3914=EDGE_CURVE('',#3047,#3049,#1680,.T.);
#3915=EDGE_CURVE('',#3050,#3046,#1681,.T.);
#3916=EDGE_CURVE('',#3050,#3051,#1682,.T.);
#3917=EDGE_CURVE('',#3051,#3048,#1683,.T.);
#3918=EDGE_CURVE('',#3047,#3050,#1684,.T.);
#3919=EDGE_CURVE('',#3049,#3051,#1685,.T.);
#3920=EDGE_CURVE('',#3052,#3053,#1686,.T.);
#3921=EDGE_CURVE('',#3052,#3054,#1687,.T.);
#3922=EDGE_CURVE('',#3054,#3055,#1688,.T.);
#3923=EDGE_CURVE('',#3053,#3055,#1689,.T.);
#3924=EDGE_CURVE('',#3056,#3052,#1690,.T.);
#3925=EDGE_CURVE('',#3056,#3057,#1691,.T.);
#3926=EDGE_CURVE('',#3057,#3054,#1692,.T.);
#3927=EDGE_CURVE('',#3058,#3056,#1693,.T.);
#3928=EDGE_CURVE('',#3058,#3059,#1694,.T.);
#3929=EDGE_CURVE('',#3059,#3057,#1695,.T.);
#3930=EDGE_CURVE('',#3060,#3058,#1696,.T.);
#3931=EDGE_CURVE('',#3060,#3061,#1697,.T.);
#3932=EDGE_CURVE('',#3061,#3059,#1698,.T.);
#3933=EDGE_CURVE('',#3062,#3060,#1699,.T.);
#3934=EDGE_CURVE('',#3062,#3063,#1700,.T.);
#3935=EDGE_CURVE('',#3063,#3061,#1701,.T.);
#3936=EDGE_CURVE('',#3064,#3062,#1702,.T.);
#3937=EDGE_CURVE('',#3064,#3065,#1703,.T.);
#3938=EDGE_CURVE('',#3065,#3063,#1704,.T.);
#3939=EDGE_CURVE('',#3066,#3064,#1705,.T.);
#3940=EDGE_CURVE('',#3066,#3067,#1706,.T.);
#3941=EDGE_CURVE('',#3067,#3065,#1707,.T.);
#3942=EDGE_CURVE('',#3053,#3066,#1708,.T.);
#3943=EDGE_CURVE('',#3055,#3067,#1709,.T.);
#3944=EDGE_CURVE('',#3068,#3069,#1710,.T.);
#3945=EDGE_CURVE('',#3068,#3070,#1711,.T.);
#3946=EDGE_CURVE('',#3070,#3071,#1712,.T.);
#3947=EDGE_CURVE('',#3069,#3071,#1713,.T.);
#3948=EDGE_CURVE('',#3072,#3068,#1714,.T.);
#3949=EDGE_CURVE('',#3072,#3073,#1715,.T.);
#3950=EDGE_CURVE('',#3073,#3070,#1716,.T.);
#3951=EDGE_CURVE('',#3074,#3072,#1717,.T.);
#3952=EDGE_CURVE('',#3074,#3075,#1718,.T.);
#3953=EDGE_CURVE('',#3075,#3073,#1719,.T.);
#3954=EDGE_CURVE('',#3076,#3074,#1720,.T.);
#3955=EDGE_CURVE('',#3076,#3077,#1721,.T.);
#3956=EDGE_CURVE('',#3077,#3075,#1722,.T.);
#3957=EDGE_CURVE('',#3078,#3076,#1723,.T.);
#3958=EDGE_CURVE('',#3078,#3079,#1724,.T.);
#3959=EDGE_CURVE('',#3079,#3077,#1725,.T.);
#3960=EDGE_CURVE('',#3069,#3078,#1726,.T.);
#3961=EDGE_CURVE('',#3071,#3079,#1727,.T.);
#3962=EDGE_CURVE('',#3080,#3081,#15,.T.);
#3963=EDGE_CURVE('',#3081,#3082,#1728,.T.);
#3964=EDGE_CURVE('',#3082,#3083,#16,.T.);
#3965=EDGE_CURVE('',#3083,#3080,#1729,.T.);
#3966=EDGE_CURVE('',#3084,#3083,#1730,.T.);
#3967=EDGE_CURVE('',#3085,#3084,#1731,.T.);
#3968=EDGE_CURVE('',#3080,#3085,#1732,.T.);
#3969=EDGE_CURVE('',#3082,#3086,#1733,.T.);
#3970=EDGE_CURVE('',#3087,#3086,#1734,.T.);
#3971=EDGE_CURVE('',#3088,#3087,#1735,.T.);
#3972=EDGE_CURVE('',#3089,#3088,#1736,.T.);
#3973=EDGE_CURVE('',#3089,#3090,#1737,.T.);
#3974=EDGE_CURVE('',#3091,#3090,#17,.T.);
#3975=EDGE_CURVE('',#3091,#3092,#1738,.T.);
#3976=EDGE_CURVE('',#3093,#3092,#18,.T.);
#3977=EDGE_CURVE('',#3093,#3094,#1739,.T.);
#3978=EDGE_CURVE('',#3084,#3094,#19,.T.);
#3979=EDGE_CURVE('',#3095,#3096,#20,.T.);
#3980=EDGE_CURVE('',#3097,#3095,#1740,.T.);
#3981=EDGE_CURVE('',#3098,#3097,#21,.T.);
#3982=EDGE_CURVE('',#3099,#3098,#1741,.T.);
#3983=EDGE_CURVE('',#3100,#3099,#22,.T.);
#3984=EDGE_CURVE('',#3101,#3100,#1742,.T.);
#3985=EDGE_CURVE('',#3102,#3101,#23,.T.);
#3986=EDGE_CURVE('',#3096,#3102,#1743,.T.);
#3987=EDGE_CURVE('',#3103,#3103,#24,.T.);
#3988=EDGE_CURVE('',#3104,#3104,#25,.T.);
#3989=EDGE_CURVE('',#3105,#3106,#26,.T.);
#3990=EDGE_CURVE('',#3107,#3105,#1744,.T.);
#3991=EDGE_CURVE('',#3108,#3107,#27,.T.);
#3992=EDGE_CURVE('',#3109,#3108,#1745,.T.);
#3993=EDGE_CURVE('',#3110,#3109,#28,.T.);
#3994=EDGE_CURVE('',#3111,#3110,#1746,.T.);
#3995=EDGE_CURVE('',#3112,#3111,#29,.T.);
#3996=EDGE_CURVE('',#3106,#3112,#1747,.T.);
#3997=EDGE_CURVE('',#3113,#3113,#30,.T.);
#3998=EDGE_CURVE('',#3114,#3115,#31,.T.);
#3999=EDGE_CURVE('',#3116,#3114,#1748,.T.);
#4000=EDGE_CURVE('',#3117,#3116,#32,.T.);
#4001=EDGE_CURVE('',#3118,#3117,#1749,.T.);
#4002=EDGE_CURVE('',#3119,#3118,#33,.T.);
#4003=EDGE_CURVE('',#3120,#3119,#1750,.T.);
#4004=EDGE_CURVE('',#3121,#3120,#34,.T.);
#4005=EDGE_CURVE('',#3115,#3121,#1751,.T.);
#4006=EDGE_CURVE('',#3122,#3123,#35,.T.);
#4007=EDGE_CURVE('',#3124,#3122,#1752,.T.);
#4008=EDGE_CURVE('',#3125,#3124,#36,.T.);
#4009=EDGE_CURVE('',#3126,#3125,#1753,.T.);
#4010=EDGE_CURVE('',#3127,#3126,#37,.T.);
#4011=EDGE_CURVE('',#3128,#3127,#1754,.T.);
#4012=EDGE_CURVE('',#3129,#3128,#38,.T.);
#4013=EDGE_CURVE('',#3123,#3129,#1755,.T.);
#4014=EDGE_CURVE('',#3130,#3130,#39,.T.);
#4015=EDGE_CURVE('',#3131,#3132,#40,.T.);
#4016=EDGE_CURVE('',#3132,#3093,#1756,.T.);
#4017=EDGE_CURVE('',#3092,#3131,#1757,.T.);
#4018=EDGE_CURVE('',#3133,#3132,#1758,.T.);
#4019=EDGE_CURVE('',#3094,#3133,#1759,.T.);
#4020=EDGE_CURVE('',#3133,#3085,#41,.T.);
#4021=EDGE_CURVE('',#3134,#3135,#42,.T.);
#4022=EDGE_CURVE('',#3135,#3091,#1760,.T.);
#4023=EDGE_CURVE('',#3090,#3134,#1761,.T.);
#4024=EDGE_CURVE('',#3131,#3135,#1762,.T.);
#4025=EDGE_CURVE('',#3136,#3136,#43,.T.);
#4026=EDGE_CURVE('',#3136,#3130,#1763,.T.);
#4027=EDGE_CURVE('',#3122,#3137,#1764,.T.);
#4028=EDGE_CURVE('',#3138,#3137,#1765,.T.);
#4029=EDGE_CURVE('',#3124,#3138,#1766,.T.);
#4030=EDGE_CURVE('',#3139,#3138,#44,.T.);
#4031=EDGE_CURVE('',#3125,#3139,#1767,.T.);
#4032=EDGE_CURVE('',#3140,#3139,#1768,.T.);
#4033=EDGE_CURVE('',#3126,#3140,#1769,.T.);
#4034=EDGE_CURVE('',#3141,#3140,#45,.T.);
#4035=EDGE_CURVE('',#3127,#3141,#1770,.T.);
#4036=EDGE_CURVE('',#3142,#3141,#1771,.T.);
#4037=EDGE_CURVE('',#3128,#3142,#1772,.T.);
#4038=EDGE_CURVE('',#3143,#3142,#46,.T.);
#4039=EDGE_CURVE('',#3129,#3143,#1773,.T.);
#4040=EDGE_CURVE('',#3144,#3143,#1774,.T.);
#4041=EDGE_CURVE('',#3123,#3144,#1775,.T.);
#4042=EDGE_CURVE('',#3137,#3144,#47,.T.);
#4043=EDGE_CURVE('',#3114,#3145,#1776,.T.);
#4044=EDGE_CURVE('',#3146,#3145,#1777,.T.);
#4045=EDGE_CURVE('',#3116,#3146,#1778,.T.);
#4046=EDGE_CURVE('',#3147,#3146,#48,.T.);
#4047=EDGE_CURVE('',#3117,#3147,#1779,.T.);
#4048=EDGE_CURVE('',#3148,#3147,#1780,.T.);
#4049=EDGE_CURVE('',#3118,#3148,#1781,.T.);
#4050=EDGE_CURVE('',#3149,#3148,#49,.T.);
#4051=EDGE_CURVE('',#3119,#3149,#1782,.T.);
#4052=EDGE_CURVE('',#3150,#3149,#1783,.T.);
#4053=EDGE_CURVE('',#3120,#3150,#1784,.T.);
#4054=EDGE_CURVE('',#3151,#3150,#50,.T.);
#4055=EDGE_CURVE('',#3121,#3151,#1785,.T.);
#4056=EDGE_CURVE('',#3152,#3151,#1786,.T.);
#4057=EDGE_CURVE('',#3115,#3152,#1787,.T.);
#4058=EDGE_CURVE('',#3145,#3152,#51,.T.);
#4059=EDGE_CURVE('',#3153,#3153,#52,.T.);
#4060=EDGE_CURVE('',#3153,#3113,#1788,.T.);
#4061=EDGE_CURVE('',#3105,#3154,#1789,.T.);
#4062=EDGE_CURVE('',#3155,#3154,#1790,.T.);
#4063=EDGE_CURVE('',#3107,#3155,#1791,.T.);
#4064=EDGE_CURVE('',#3156,#3155,#53,.T.);
#4065=EDGE_CURVE('',#3108,#3156,#1792,.T.);
#4066=EDGE_CURVE('',#3157,#3156,#1793,.T.);
#4067=EDGE_CURVE('',#3109,#3157,#1794,.T.);
#4068=EDGE_CURVE('',#3158,#3157,#54,.T.);
#4069=EDGE_CURVE('',#3110,#3158,#1795,.T.);
#4070=EDGE_CURVE('',#3159,#3158,#1796,.T.);
#4071=EDGE_CURVE('',#3111,#3159,#1797,.T.);
#4072=EDGE_CURVE('',#3160,#3159,#55,.T.);
#4073=EDGE_CURVE('',#3112,#3160,#1798,.T.);
#4074=EDGE_CURVE('',#3161,#3160,#1799,.T.);
#4075=EDGE_CURVE('',#3106,#3161,#1800,.T.);
#4076=EDGE_CURVE('',#3154,#3161,#56,.T.);
#4077=EDGE_CURVE('',#3162,#3162,#57,.T.);
#4078=EDGE_CURVE('',#3162,#3104,#1801,.T.);
#4079=EDGE_CURVE('',#3163,#3163,#58,.T.);
#4080=EDGE_CURVE('',#3163,#3103,#1802,.T.);
#4081=EDGE_CURVE('',#3095,#3164,#1803,.T.);
#4082=EDGE_CURVE('',#3165,#3164,#1804,.T.);
#4083=EDGE_CURVE('',#3097,#3165,#1805,.T.);
#4084=EDGE_CURVE('',#3166,#3165,#59,.T.);
#4085=EDGE_CURVE('',#3098,#3166,#1806,.T.);
#4086=EDGE_CURVE('',#3167,#3166,#1807,.T.);
#4087=EDGE_CURVE('',#3099,#3167,#1808,.T.);
#4088=EDGE_CURVE('',#3168,#3167,#60,.T.);
#4089=EDGE_CURVE('',#3100,#3168,#1809,.T.);
#4090=EDGE_CURVE('',#3169,#3168,#1810,.T.);
#4091=EDGE_CURVE('',#3101,#3169,#1811,.T.);
#4092=EDGE_CURVE('',#3170,#3169,#61,.T.);
#4093=EDGE_CURVE('',#3102,#3170,#1812,.T.);
#4094=EDGE_CURVE('',#3171,#3170,#1813,.T.);
#4095=EDGE_CURVE('',#3096,#3171,#1814,.T.);
#4096=EDGE_CURVE('',#3164,#3171,#62,.T.);
#4097=EDGE_CURVE('',#3089,#3172,#1815,.T.);
#4098=EDGE_CURVE('',#3134,#3172,#1816,.T.);
#4099=EDGE_CURVE('',#3173,#3081,#1817,.T.);
#4100=EDGE_CURVE('',#3086,#3173,#1818,.T.);
#4101=EDGE_CURVE('',#3174,#3173,#1819,.T.);
#4102=EDGE_CURVE('',#3087,#3174,#1820,.T.);
#4103=EDGE_CURVE('',#3175,#3174,#1821,.T.);
#4104=EDGE_CURVE('',#3088,#3175,#1822,.T.);
#4105=EDGE_CURVE('',#3172,#3175,#1823,.T.);
#4106=ORIENTED_EDGE('',*,*,#3176,.F.);
#4107=ORIENTED_EDGE('',*,*,#3177,.T.);
#4108=ORIENTED_EDGE('',*,*,#3178,.T.);
#4109=ORIENTED_EDGE('',*,*,#3179,.F.);
#4110=ORIENTED_EDGE('',*,*,#3180,.F.);
#4111=ORIENTED_EDGE('',*,*,#3181,.T.);
#4112=ORIENTED_EDGE('',*,*,#3182,.T.);
#4113=ORIENTED_EDGE('',*,*,#3177,.F.);
#4114=ORIENTED_EDGE('',*,*,#3183,.F.);
#4115=ORIENTED_EDGE('',*,*,#3184,.T.);
#4116=ORIENTED_EDGE('',*,*,#3185,.T.);
#4117=ORIENTED_EDGE('',*,*,#3181,.F.);
#4118=ORIENTED_EDGE('',*,*,#3186,.F.);
#4119=ORIENTED_EDGE('',*,*,#3187,.T.);
#4120=ORIENTED_EDGE('',*,*,#3188,.T.);
#4121=ORIENTED_EDGE('',*,*,#3184,.F.);
#4122=ORIENTED_EDGE('',*,*,#3189,.F.);
#4123=ORIENTED_EDGE('',*,*,#3190,.T.);
#4124=ORIENTED_EDGE('',*,*,#3191,.T.);
#4125=ORIENTED_EDGE('',*,*,#3187,.F.);
#4126=ORIENTED_EDGE('',*,*,#3192,.F.);
#4127=ORIENTED_EDGE('',*,*,#3179,.T.);
#4128=ORIENTED_EDGE('',*,*,#3193,.T.);
#4129=ORIENTED_EDGE('',*,*,#3190,.F.);
#4130=ORIENTED_EDGE('',*,*,#3193,.F.);
#4131=ORIENTED_EDGE('',*,*,#3178,.F.);
#4132=ORIENTED_EDGE('',*,*,#3182,.F.);
#4133=ORIENTED_EDGE('',*,*,#3185,.F.);
#4134=ORIENTED_EDGE('',*,*,#3188,.F.);
#4135=ORIENTED_EDGE('',*,*,#3191,.F.);
#4136=ORIENTED_EDGE('',*,*,#3194,.F.);
#4137=ORIENTED_EDGE('',*,*,#3195,.T.);
#4138=ORIENTED_EDGE('',*,*,#3196,.T.);
#4139=ORIENTED_EDGE('',*,*,#3197,.F.);
#4140=ORIENTED_EDGE('',*,*,#3198,.F.);
#4141=ORIENTED_EDGE('',*,*,#3199,.T.);
#4142=ORIENTED_EDGE('',*,*,#3200,.T.);
#4143=ORIENTED_EDGE('',*,*,#3195,.F.);
#4144=ORIENTED_EDGE('',*,*,#3201,.F.);
#4145=ORIENTED_EDGE('',*,*,#3202,.T.);
#4146=ORIENTED_EDGE('',*,*,#3203,.T.);
#4147=ORIENTED_EDGE('',*,*,#3199,.F.);
#4148=ORIENTED_EDGE('',*,*,#3204,.F.);
#4149=ORIENTED_EDGE('',*,*,#3205,.T.);
#4150=ORIENTED_EDGE('',*,*,#3206,.T.);
#4151=ORIENTED_EDGE('',*,*,#3202,.F.);
#4152=ORIENTED_EDGE('',*,*,#3207,.F.);
#4153=ORIENTED_EDGE('',*,*,#3208,.T.);
#4154=ORIENTED_EDGE('',*,*,#3209,.T.);
#4155=ORIENTED_EDGE('',*,*,#3205,.F.);
#4156=ORIENTED_EDGE('',*,*,#3210,.F.);
#4157=ORIENTED_EDGE('',*,*,#3211,.T.);
#4158=ORIENTED_EDGE('',*,*,#3212,.T.);
#4159=ORIENTED_EDGE('',*,*,#3208,.F.);
#4160=ORIENTED_EDGE('',*,*,#3213,.F.);
#4161=ORIENTED_EDGE('',*,*,#3214,.T.);
#4162=ORIENTED_EDGE('',*,*,#3215,.T.);
#4163=ORIENTED_EDGE('',*,*,#3211,.F.);
#4164=ORIENTED_EDGE('',*,*,#3216,.F.);
#4165=ORIENTED_EDGE('',*,*,#3217,.T.);
#4166=ORIENTED_EDGE('',*,*,#3218,.T.);
#4167=ORIENTED_EDGE('',*,*,#3214,.F.);
#4168=ORIENTED_EDGE('',*,*,#3219,.F.);
#4169=ORIENTED_EDGE('',*,*,#3220,.T.);
#4170=ORIENTED_EDGE('',*,*,#3221,.T.);
#4171=ORIENTED_EDGE('',*,*,#3217,.F.);
#4172=ORIENTED_EDGE('',*,*,#3222,.F.);
#4173=ORIENTED_EDGE('',*,*,#3223,.T.);
#4174=ORIENTED_EDGE('',*,*,#3224,.T.);
#4175=ORIENTED_EDGE('',*,*,#3220,.F.);
#4176=ORIENTED_EDGE('',*,*,#3225,.F.);
#4177=ORIENTED_EDGE('',*,*,#3226,.T.);
#4178=ORIENTED_EDGE('',*,*,#3227,.T.);
#4179=ORIENTED_EDGE('',*,*,#3223,.F.);
#4180=ORIENTED_EDGE('',*,*,#3228,.F.);
#4181=ORIENTED_EDGE('',*,*,#3229,.T.);
#4182=ORIENTED_EDGE('',*,*,#3230,.T.);
#4183=ORIENTED_EDGE('',*,*,#3226,.F.);
#4184=ORIENTED_EDGE('',*,*,#3231,.F.);
#4185=ORIENTED_EDGE('',*,*,#3197,.T.);
#4186=ORIENTED_EDGE('',*,*,#3232,.T.);
#4187=ORIENTED_EDGE('',*,*,#3229,.F.);
#4188=ORIENTED_EDGE('',*,*,#3232,.F.);
#4189=ORIENTED_EDGE('',*,*,#3196,.F.);
#4190=ORIENTED_EDGE('',*,*,#3200,.F.);
#4191=ORIENTED_EDGE('',*,*,#3203,.F.);
#4192=ORIENTED_EDGE('',*,*,#3206,.F.);
#4193=ORIENTED_EDGE('',*,*,#3209,.F.);
#4194=ORIENTED_EDGE('',*,*,#3212,.F.);
#4195=ORIENTED_EDGE('',*,*,#3215,.F.);
#4196=ORIENTED_EDGE('',*,*,#3218,.F.);
#4197=ORIENTED_EDGE('',*,*,#3221,.F.);
#4198=ORIENTED_EDGE('',*,*,#3224,.F.);
#4199=ORIENTED_EDGE('',*,*,#3227,.F.);
#4200=ORIENTED_EDGE('',*,*,#3230,.F.);
#4201=ORIENTED_EDGE('',*,*,#3233,.F.);
#4202=ORIENTED_EDGE('',*,*,#3234,.T.);
#4203=ORIENTED_EDGE('',*,*,#3235,.T.);
#4204=ORIENTED_EDGE('',*,*,#3236,.F.);
#4205=ORIENTED_EDGE('',*,*,#3237,.F.);
#4206=ORIENTED_EDGE('',*,*,#3238,.T.);
#4207=ORIENTED_EDGE('',*,*,#3239,.T.);
#4208=ORIENTED_EDGE('',*,*,#3234,.F.);
#4209=ORIENTED_EDGE('',*,*,#3240,.F.);
#4210=ORIENTED_EDGE('',*,*,#3241,.T.);
#4211=ORIENTED_EDGE('',*,*,#3242,.T.);
#4212=ORIENTED_EDGE('',*,*,#3238,.F.);
#4213=ORIENTED_EDGE('',*,*,#3243,.F.);
#4214=ORIENTED_EDGE('',*,*,#3244,.T.);
#4215=ORIENTED_EDGE('',*,*,#3245,.T.);
#4216=ORIENTED_EDGE('',*,*,#3241,.F.);
#4217=ORIENTED_EDGE('',*,*,#3246,.F.);
#4218=ORIENTED_EDGE('',*,*,#3247,.T.);
#4219=ORIENTED_EDGE('',*,*,#3248,.T.);
#4220=ORIENTED_EDGE('',*,*,#3244,.F.);
#4221=ORIENTED_EDGE('',*,*,#3249,.F.);
#4222=ORIENTED_EDGE('',*,*,#3250,.T.);
#4223=ORIENTED_EDGE('',*,*,#3251,.T.);
#4224=ORIENTED_EDGE('',*,*,#3247,.F.);
#4225=ORIENTED_EDGE('',*,*,#3252,.F.);
#4226=ORIENTED_EDGE('',*,*,#3253,.T.);
#4227=ORIENTED_EDGE('',*,*,#3254,.T.);
#4228=ORIENTED_EDGE('',*,*,#3250,.F.);
#4229=ORIENTED_EDGE('',*,*,#3255,.F.);
#4230=ORIENTED_EDGE('',*,*,#3256,.T.);
#4231=ORIENTED_EDGE('',*,*,#3257,.T.);
#4232=ORIENTED_EDGE('',*,*,#3253,.F.);
#4233=ORIENTED_EDGE('',*,*,#3258,.F.);
#4234=ORIENTED_EDGE('',*,*,#3259,.T.);
#4235=ORIENTED_EDGE('',*,*,#3260,.T.);
#4236=ORIENTED_EDGE('',*,*,#3256,.F.);
#4237=ORIENTED_EDGE('',*,*,#3261,.F.);
#4238=ORIENTED_EDGE('',*,*,#3262,.T.);
#4239=ORIENTED_EDGE('',*,*,#3263,.T.);
#4240=ORIENTED_EDGE('',*,*,#3259,.F.);
#4241=ORIENTED_EDGE('',*,*,#3264,.F.);
#4242=ORIENTED_EDGE('',*,*,#3265,.T.);
#4243=ORIENTED_EDGE('',*,*,#3266,.T.);
#4244=ORIENTED_EDGE('',*,*,#3262,.F.);
#4245=ORIENTED_EDGE('',*,*,#3267,.F.);
#4246=ORIENTED_EDGE('',*,*,#3268,.T.);
#4247=ORIENTED_EDGE('',*,*,#3269,.T.);
#4248=ORIENTED_EDGE('',*,*,#3265,.F.);
#4249=ORIENTED_EDGE('',*,*,#3270,.F.);
#4250=ORIENTED_EDGE('',*,*,#3271,.T.);
#4251=ORIENTED_EDGE('',*,*,#3272,.T.);
#4252=ORIENTED_EDGE('',*,*,#3268,.F.);
#4253=ORIENTED_EDGE('',*,*,#3273,.F.);
#4254=ORIENTED_EDGE('',*,*,#3274,.T.);
#4255=ORIENTED_EDGE('',*,*,#3275,.T.);
#4256=ORIENTED_EDGE('',*,*,#3271,.F.);
#4257=ORIENTED_EDGE('',*,*,#3276,.F.);
#4258=ORIENTED_EDGE('',*,*,#3277,.T.);
#4259=ORIENTED_EDGE('',*,*,#3278,.T.);
#4260=ORIENTED_EDGE('',*,*,#3274,.F.);
#4261=ORIENTED_EDGE('',*,*,#3279,.F.);
#4262=ORIENTED_EDGE('',*,*,#3280,.T.);
#4263=ORIENTED_EDGE('',*,*,#3281,.T.);
#4264=ORIENTED_EDGE('',*,*,#3277,.F.);
#4265=ORIENTED_EDGE('',*,*,#3282,.F.);
#4266=ORIENTED_EDGE('',*,*,#3283,.T.);
#4267=ORIENTED_EDGE('',*,*,#3284,.T.);
#4268=ORIENTED_EDGE('',*,*,#3280,.F.);
#4269=ORIENTED_EDGE('',*,*,#3285,.F.);
#4270=ORIENTED_EDGE('',*,*,#3286,.T.);
#4271=ORIENTED_EDGE('',*,*,#3287,.T.);
#4272=ORIENTED_EDGE('',*,*,#3283,.F.);
#4273=ORIENTED_EDGE('',*,*,#3288,.F.);
#4274=ORIENTED_EDGE('',*,*,#3289,.T.);
#4275=ORIENTED_EDGE('',*,*,#3290,.T.);
#4276=ORIENTED_EDGE('',*,*,#3286,.F.);
#4277=ORIENTED_EDGE('',*,*,#3291,.F.);
#4278=ORIENTED_EDGE('',*,*,#3292,.T.);
#4279=ORIENTED_EDGE('',*,*,#3293,.T.);
#4280=ORIENTED_EDGE('',*,*,#3289,.F.);
#4281=ORIENTED_EDGE('',*,*,#3294,.F.);
#4282=ORIENTED_EDGE('',*,*,#3295,.T.);
#4283=ORIENTED_EDGE('',*,*,#3296,.T.);
#4284=ORIENTED_EDGE('',*,*,#3292,.F.);
#4285=ORIENTED_EDGE('',*,*,#3297,.F.);
#4286=ORIENTED_EDGE('',*,*,#3298,.T.);
#4287=ORIENTED_EDGE('',*,*,#3299,.T.);
#4288=ORIENTED_EDGE('',*,*,#3295,.F.);
#4289=ORIENTED_EDGE('',*,*,#3300,.F.);
#4290=ORIENTED_EDGE('',*,*,#3301,.T.);
#4291=ORIENTED_EDGE('',*,*,#3302,.T.);
#4292=ORIENTED_EDGE('',*,*,#3298,.F.);
#4293=ORIENTED_EDGE('',*,*,#3303,.F.);
#4294=ORIENTED_EDGE('',*,*,#3304,.T.);
#4295=ORIENTED_EDGE('',*,*,#3305,.T.);
#4296=ORIENTED_EDGE('',*,*,#3301,.F.);
#4297=ORIENTED_EDGE('',*,*,#3306,.F.);
#4298=ORIENTED_EDGE('',*,*,#3307,.T.);
#4299=ORIENTED_EDGE('',*,*,#3308,.T.);
#4300=ORIENTED_EDGE('',*,*,#3304,.F.);
#4301=ORIENTED_EDGE('',*,*,#3309,.F.);
#4302=ORIENTED_EDGE('',*,*,#3310,.T.);
#4303=ORIENTED_EDGE('',*,*,#3311,.T.);
#4304=ORIENTED_EDGE('',*,*,#3307,.F.);
#4305=ORIENTED_EDGE('',*,*,#3312,.F.);
#4306=ORIENTED_EDGE('',*,*,#3313,.T.);
#4307=ORIENTED_EDGE('',*,*,#3314,.T.);
#4308=ORIENTED_EDGE('',*,*,#3310,.F.);
#4309=ORIENTED_EDGE('',*,*,#3315,.F.);
#4310=ORIENTED_EDGE('',*,*,#3236,.T.);
#4311=ORIENTED_EDGE('',*,*,#3316,.T.);
#4312=ORIENTED_EDGE('',*,*,#3313,.F.);
#4313=ORIENTED_EDGE('',*,*,#3316,.F.);
#4314=ORIENTED_EDGE('',*,*,#3235,.F.);
#4315=ORIENTED_EDGE('',*,*,#3239,.F.);
#4316=ORIENTED_EDGE('',*,*,#3242,.F.);
#4317=ORIENTED_EDGE('',*,*,#3245,.F.);
#4318=ORIENTED_EDGE('',*,*,#3248,.F.);
#4319=ORIENTED_EDGE('',*,*,#3251,.F.);
#4320=ORIENTED_EDGE('',*,*,#3254,.F.);
#4321=ORIENTED_EDGE('',*,*,#3257,.F.);
#4322=ORIENTED_EDGE('',*,*,#3260,.F.);
#4323=ORIENTED_EDGE('',*,*,#3263,.F.);
#4324=ORIENTED_EDGE('',*,*,#3266,.F.);
#4325=ORIENTED_EDGE('',*,*,#3269,.F.);
#4326=ORIENTED_EDGE('',*,*,#3272,.F.);
#4327=ORIENTED_EDGE('',*,*,#3275,.F.);
#4328=ORIENTED_EDGE('',*,*,#3278,.F.);
#4329=ORIENTED_EDGE('',*,*,#3281,.F.);
#4330=ORIENTED_EDGE('',*,*,#3284,.F.);
#4331=ORIENTED_EDGE('',*,*,#3287,.F.);
#4332=ORIENTED_EDGE('',*,*,#3290,.F.);
#4333=ORIENTED_EDGE('',*,*,#3293,.F.);
#4334=ORIENTED_EDGE('',*,*,#3296,.F.);
#4335=ORIENTED_EDGE('',*,*,#3299,.F.);
#4336=ORIENTED_EDGE('',*,*,#3302,.F.);
#4337=ORIENTED_EDGE('',*,*,#3305,.F.);
#4338=ORIENTED_EDGE('',*,*,#3308,.F.);
#4339=ORIENTED_EDGE('',*,*,#3311,.F.);
#4340=ORIENTED_EDGE('',*,*,#3314,.F.);
#4341=ORIENTED_EDGE('',*,*,#3317,.F.);
#4342=ORIENTED_EDGE('',*,*,#3318,.T.);
#4343=ORIENTED_EDGE('',*,*,#3319,.T.);
#4344=ORIENTED_EDGE('',*,*,#3320,.F.);
#4345=ORIENTED_EDGE('',*,*,#3321,.F.);
#4346=ORIENTED_EDGE('',*,*,#3322,.T.);
#4347=ORIENTED_EDGE('',*,*,#3323,.T.);
#4348=ORIENTED_EDGE('',*,*,#3318,.F.);
#4349=ORIENTED_EDGE('',*,*,#3324,.F.);
#4350=ORIENTED_EDGE('',*,*,#3320,.T.);
#4351=ORIENTED_EDGE('',*,*,#3325,.T.);
#4352=ORIENTED_EDGE('',*,*,#3322,.F.);
#4353=ORIENTED_EDGE('',*,*,#3326,.F.);
#4354=ORIENTED_EDGE('',*,*,#3327,.T.);
#4355=ORIENTED_EDGE('',*,*,#3328,.T.);
#4356=ORIENTED_EDGE('',*,*,#3329,.F.);
#4357=ORIENTED_EDGE('',*,*,#3330,.F.);
#4358=ORIENTED_EDGE('',*,*,#3331,.T.);
#4359=ORIENTED_EDGE('',*,*,#3332,.T.);
#4360=ORIENTED_EDGE('',*,*,#3327,.F.);
#4361=ORIENTED_EDGE('',*,*,#3333,.F.);
#4362=ORIENTED_EDGE('',*,*,#3334,.T.);
#4363=ORIENTED_EDGE('',*,*,#3335,.T.);
#4364=ORIENTED_EDGE('',*,*,#3331,.F.);
#4365=ORIENTED_EDGE('',*,*,#3336,.F.);
#4366=ORIENTED_EDGE('',*,*,#3337,.T.);
#4367=ORIENTED_EDGE('',*,*,#3338,.T.);
#4368=ORIENTED_EDGE('',*,*,#3334,.F.);
#4369=ORIENTED_EDGE('',*,*,#3339,.F.);
#4370=ORIENTED_EDGE('',*,*,#3340,.T.);
#4371=ORIENTED_EDGE('',*,*,#3341,.T.);
#4372=ORIENTED_EDGE('',*,*,#3337,.F.);
#4373=ORIENTED_EDGE('',*,*,#3342,.F.);
#4374=ORIENTED_EDGE('',*,*,#3343,.T.);
#4375=ORIENTED_EDGE('',*,*,#3344,.T.);
#4376=ORIENTED_EDGE('',*,*,#3340,.F.);
#4377=ORIENTED_EDGE('',*,*,#3345,.F.);
#4378=ORIENTED_EDGE('',*,*,#3346,.T.);
#4379=ORIENTED_EDGE('',*,*,#3347,.T.);
#4380=ORIENTED_EDGE('',*,*,#3343,.F.);
#4381=ORIENTED_EDGE('',*,*,#3348,.F.);
#4382=ORIENTED_EDGE('',*,*,#3329,.T.);
#4383=ORIENTED_EDGE('',*,*,#3349,.T.);
#4384=ORIENTED_EDGE('',*,*,#3346,.F.);
#4385=ORIENTED_EDGE('',*,*,#3349,.F.);
#4386=ORIENTED_EDGE('',*,*,#3328,.F.);
#4387=ORIENTED_EDGE('',*,*,#3332,.F.);
#4388=ORIENTED_EDGE('',*,*,#3335,.F.);
#4389=ORIENTED_EDGE('',*,*,#3338,.F.);
#4390=ORIENTED_EDGE('',*,*,#3341,.F.);
#4391=ORIENTED_EDGE('',*,*,#3344,.F.);
#4392=ORIENTED_EDGE('',*,*,#3347,.F.);
#4393=ORIENTED_EDGE('',*,*,#3325,.F.);
#4394=ORIENTED_EDGE('',*,*,#3319,.F.);
#4395=ORIENTED_EDGE('',*,*,#3323,.F.);
#4396=ORIENTED_EDGE('',*,*,#3350,.F.);
#4397=ORIENTED_EDGE('',*,*,#3351,.T.);
#4398=ORIENTED_EDGE('',*,*,#3352,.T.);
#4399=ORIENTED_EDGE('',*,*,#3353,.F.);
#4400=ORIENTED_EDGE('',*,*,#3354,.F.);
#4401=ORIENTED_EDGE('',*,*,#3355,.T.);
#4402=ORIENTED_EDGE('',*,*,#3356,.T.);
#4403=ORIENTED_EDGE('',*,*,#3351,.F.);
#4404=ORIENTED_EDGE('',*,*,#3357,.F.);
#4405=ORIENTED_EDGE('',*,*,#3358,.T.);
#4406=ORIENTED_EDGE('',*,*,#3359,.T.);
#4407=ORIENTED_EDGE('',*,*,#3355,.F.);
#4408=ORIENTED_EDGE('',*,*,#3360,.F.);
#4409=ORIENTED_EDGE('',*,*,#3361,.T.);
#4410=ORIENTED_EDGE('',*,*,#3362,.T.);
#4411=ORIENTED_EDGE('',*,*,#3358,.F.);
#4412=ORIENTED_EDGE('',*,*,#3363,.F.);
#4413=ORIENTED_EDGE('',*,*,#3364,.T.);
#4414=ORIENTED_EDGE('',*,*,#3365,.T.);
#4415=ORIENTED_EDGE('',*,*,#3361,.F.);
#4416=ORIENTED_EDGE('',*,*,#3366,.F.);
#4417=ORIENTED_EDGE('',*,*,#3367,.T.);
#4418=ORIENTED_EDGE('',*,*,#3368,.T.);
#4419=ORIENTED_EDGE('',*,*,#3364,.F.);
#4420=ORIENTED_EDGE('',*,*,#3369,.F.);
#4421=ORIENTED_EDGE('',*,*,#3370,.T.);
#4422=ORIENTED_EDGE('',*,*,#3371,.T.);
#4423=ORIENTED_EDGE('',*,*,#3367,.F.);
#4424=ORIENTED_EDGE('',*,*,#3372,.F.);
#4425=ORIENTED_EDGE('',*,*,#3373,.T.);
#4426=ORIENTED_EDGE('',*,*,#3374,.T.);
#4427=ORIENTED_EDGE('',*,*,#3370,.F.);
#4428=ORIENTED_EDGE('',*,*,#3375,.F.);
#4429=ORIENTED_EDGE('',*,*,#3376,.T.);
#4430=ORIENTED_EDGE('',*,*,#3377,.T.);
#4431=ORIENTED_EDGE('',*,*,#3373,.F.);
#4432=ORIENTED_EDGE('',*,*,#3378,.F.);
#4433=ORIENTED_EDGE('',*,*,#3379,.T.);
#4434=ORIENTED_EDGE('',*,*,#3380,.T.);
#4435=ORIENTED_EDGE('',*,*,#3376,.F.);
#4436=ORIENTED_EDGE('',*,*,#3381,.F.);
#4437=ORIENTED_EDGE('',*,*,#3382,.T.);
#4438=ORIENTED_EDGE('',*,*,#3383,.T.);
#4439=ORIENTED_EDGE('',*,*,#3379,.F.);
#4440=ORIENTED_EDGE('',*,*,#3384,.F.);
#4441=ORIENTED_EDGE('',*,*,#3353,.T.);
#4442=ORIENTED_EDGE('',*,*,#3385,.T.);
#4443=ORIENTED_EDGE('',*,*,#3382,.F.);
#4444=ORIENTED_EDGE('',*,*,#3385,.F.);
#4445=ORIENTED_EDGE('',*,*,#3352,.F.);
#4446=ORIENTED_EDGE('',*,*,#3356,.F.);
#4447=ORIENTED_EDGE('',*,*,#3359,.F.);
#4448=ORIENTED_EDGE('',*,*,#3362,.F.);
#4449=ORIENTED_EDGE('',*,*,#3365,.F.);
#4450=ORIENTED_EDGE('',*,*,#3368,.F.);
#4451=ORIENTED_EDGE('',*,*,#3371,.F.);
#4452=ORIENTED_EDGE('',*,*,#3374,.F.);
#4453=ORIENTED_EDGE('',*,*,#3377,.F.);
#4454=ORIENTED_EDGE('',*,*,#3380,.F.);
#4455=ORIENTED_EDGE('',*,*,#3383,.F.);
#4456=ORIENTED_EDGE('',*,*,#3386,.F.);
#4457=ORIENTED_EDGE('',*,*,#3387,.T.);
#4458=ORIENTED_EDGE('',*,*,#3388,.T.);
#4459=ORIENTED_EDGE('',*,*,#3389,.F.);
#4460=ORIENTED_EDGE('',*,*,#3390,.F.);
#4461=ORIENTED_EDGE('',*,*,#3391,.T.);
#4462=ORIENTED_EDGE('',*,*,#3392,.T.);
#4463=ORIENTED_EDGE('',*,*,#3387,.F.);
#4464=ORIENTED_EDGE('',*,*,#3393,.F.);
#4465=ORIENTED_EDGE('',*,*,#3394,.T.);
#4466=ORIENTED_EDGE('',*,*,#3395,.T.);
#4467=ORIENTED_EDGE('',*,*,#3391,.F.);
#4468=ORIENTED_EDGE('',*,*,#3396,.F.);
#4469=ORIENTED_EDGE('',*,*,#3389,.T.);
#4470=ORIENTED_EDGE('',*,*,#3397,.T.);
#4471=ORIENTED_EDGE('',*,*,#3394,.F.);
#4472=ORIENTED_EDGE('',*,*,#3397,.F.);
#4473=ORIENTED_EDGE('',*,*,#3388,.F.);
#4474=ORIENTED_EDGE('',*,*,#3392,.F.);
#4475=ORIENTED_EDGE('',*,*,#3395,.F.);
#4476=ORIENTED_EDGE('',*,*,#3398,.F.);
#4477=ORIENTED_EDGE('',*,*,#3399,.T.);
#4478=ORIENTED_EDGE('',*,*,#3400,.T.);
#4479=ORIENTED_EDGE('',*,*,#3401,.F.);
#4480=ORIENTED_EDGE('',*,*,#3402,.F.);
#4481=ORIENTED_EDGE('',*,*,#3403,.T.);
#4482=ORIENTED_EDGE('',*,*,#3404,.T.);
#4483=ORIENTED_EDGE('',*,*,#3399,.F.);
#4484=ORIENTED_EDGE('',*,*,#3405,.F.);
#4485=ORIENTED_EDGE('',*,*,#3406,.T.);
#4486=ORIENTED_EDGE('',*,*,#3407,.T.);
#4487=ORIENTED_EDGE('',*,*,#3403,.F.);
#4488=ORIENTED_EDGE('',*,*,#3408,.F.);
#4489=ORIENTED_EDGE('',*,*,#3409,.T.);
#4490=ORIENTED_EDGE('',*,*,#3410,.T.);
#4491=ORIENTED_EDGE('',*,*,#3406,.F.);
#4492=ORIENTED_EDGE('',*,*,#3411,.F.);
#4493=ORIENTED_EDGE('',*,*,#3412,.T.);
#4494=ORIENTED_EDGE('',*,*,#3413,.T.);
#4495=ORIENTED_EDGE('',*,*,#3409,.F.);
#4496=ORIENTED_EDGE('',*,*,#3414,.F.);
#4497=ORIENTED_EDGE('',*,*,#3415,.T.);
#4498=ORIENTED_EDGE('',*,*,#3416,.T.);
#4499=ORIENTED_EDGE('',*,*,#3412,.F.);
#4500=ORIENTED_EDGE('',*,*,#3417,.F.);
#4501=ORIENTED_EDGE('',*,*,#3418,.T.);
#4502=ORIENTED_EDGE('',*,*,#3419,.T.);
#4503=ORIENTED_EDGE('',*,*,#3415,.F.);
#4504=ORIENTED_EDGE('',*,*,#3420,.F.);
#4505=ORIENTED_EDGE('',*,*,#3421,.T.);
#4506=ORIENTED_EDGE('',*,*,#3422,.T.);
#4507=ORIENTED_EDGE('',*,*,#3418,.F.);
#4508=ORIENTED_EDGE('',*,*,#3423,.F.);
#4509=ORIENTED_EDGE('',*,*,#3424,.T.);
#4510=ORIENTED_EDGE('',*,*,#3425,.T.);
#4511=ORIENTED_EDGE('',*,*,#3421,.F.);
#4512=ORIENTED_EDGE('',*,*,#3426,.F.);
#4513=ORIENTED_EDGE('',*,*,#3401,.T.);
#4514=ORIENTED_EDGE('',*,*,#3427,.T.);
#4515=ORIENTED_EDGE('',*,*,#3424,.F.);
#4516=ORIENTED_EDGE('',*,*,#3428,.F.);
#4517=ORIENTED_EDGE('',*,*,#3429,.T.);
#4518=ORIENTED_EDGE('',*,*,#3430,.T.);
#4519=ORIENTED_EDGE('',*,*,#3431,.F.);
#4520=ORIENTED_EDGE('',*,*,#3432,.F.);
#4521=ORIENTED_EDGE('',*,*,#3433,.T.);
#4522=ORIENTED_EDGE('',*,*,#3434,.T.);
#4523=ORIENTED_EDGE('',*,*,#3429,.F.);
#4524=ORIENTED_EDGE('',*,*,#3435,.F.);
#4525=ORIENTED_EDGE('',*,*,#3436,.T.);
#4526=ORIENTED_EDGE('',*,*,#3437,.T.);
#4527=ORIENTED_EDGE('',*,*,#3433,.F.);
#4528=ORIENTED_EDGE('',*,*,#3438,.F.);
#4529=ORIENTED_EDGE('',*,*,#3439,.T.);
#4530=ORIENTED_EDGE('',*,*,#3440,.T.);
#4531=ORIENTED_EDGE('',*,*,#3436,.F.);
#4532=ORIENTED_EDGE('',*,*,#3441,.F.);
#4533=ORIENTED_EDGE('',*,*,#3442,.T.);
#4534=ORIENTED_EDGE('',*,*,#3443,.T.);
#4535=ORIENTED_EDGE('',*,*,#3439,.F.);
#4536=ORIENTED_EDGE('',*,*,#3444,.F.);
#4537=ORIENTED_EDGE('',*,*,#3445,.T.);
#4538=ORIENTED_EDGE('',*,*,#3446,.T.);
#4539=ORIENTED_EDGE('',*,*,#3442,.F.);
#4540=ORIENTED_EDGE('',*,*,#3447,.F.);
#4541=ORIENTED_EDGE('',*,*,#3448,.T.);
#4542=ORIENTED_EDGE('',*,*,#3449,.T.);
#4543=ORIENTED_EDGE('',*,*,#3445,.F.);
#4544=ORIENTED_EDGE('',*,*,#3450,.F.);
#4545=ORIENTED_EDGE('',*,*,#3451,.T.);
#4546=ORIENTED_EDGE('',*,*,#3452,.T.);
#4547=ORIENTED_EDGE('',*,*,#3448,.F.);
#4548=ORIENTED_EDGE('',*,*,#3453,.F.);
#4549=ORIENTED_EDGE('',*,*,#3454,.T.);
#4550=ORIENTED_EDGE('',*,*,#3455,.T.);
#4551=ORIENTED_EDGE('',*,*,#3451,.F.);
#4552=ORIENTED_EDGE('',*,*,#3456,.F.);
#4553=ORIENTED_EDGE('',*,*,#3457,.T.);
#4554=ORIENTED_EDGE('',*,*,#3458,.T.);
#4555=ORIENTED_EDGE('',*,*,#3454,.F.);
#4556=ORIENTED_EDGE('',*,*,#3459,.F.);
#4557=ORIENTED_EDGE('',*,*,#3460,.T.);
#4558=ORIENTED_EDGE('',*,*,#3461,.T.);
#4559=ORIENTED_EDGE('',*,*,#3457,.F.);
#4560=ORIENTED_EDGE('',*,*,#3462,.F.);
#4561=ORIENTED_EDGE('',*,*,#3463,.T.);
#4562=ORIENTED_EDGE('',*,*,#3464,.T.);
#4563=ORIENTED_EDGE('',*,*,#3460,.F.);
#4564=ORIENTED_EDGE('',*,*,#3465,.F.);
#4565=ORIENTED_EDGE('',*,*,#3431,.T.);
#4566=ORIENTED_EDGE('',*,*,#3466,.T.);
#4567=ORIENTED_EDGE('',*,*,#3463,.F.);
#4568=ORIENTED_EDGE('',*,*,#3466,.F.);
#4569=ORIENTED_EDGE('',*,*,#3430,.F.);
#4570=ORIENTED_EDGE('',*,*,#3434,.F.);
#4571=ORIENTED_EDGE('',*,*,#3437,.F.);
#4572=ORIENTED_EDGE('',*,*,#3440,.F.);
#4573=ORIENTED_EDGE('',*,*,#3443,.F.);
#4574=ORIENTED_EDGE('',*,*,#3446,.F.);
#4575=ORIENTED_EDGE('',*,*,#3449,.F.);
#4576=ORIENTED_EDGE('',*,*,#3452,.F.);
#4577=ORIENTED_EDGE('',*,*,#3455,.F.);
#4578=ORIENTED_EDGE('',*,*,#3458,.F.);
#4579=ORIENTED_EDGE('',*,*,#3461,.F.);
#4580=ORIENTED_EDGE('',*,*,#3464,.F.);
#4581=ORIENTED_EDGE('',*,*,#3427,.F.);
#4582=ORIENTED_EDGE('',*,*,#3400,.F.);
#4583=ORIENTED_EDGE('',*,*,#3404,.F.);
#4584=ORIENTED_EDGE('',*,*,#3407,.F.);
#4585=ORIENTED_EDGE('',*,*,#3410,.F.);
#4586=ORIENTED_EDGE('',*,*,#3413,.F.);
#4587=ORIENTED_EDGE('',*,*,#3416,.F.);
#4588=ORIENTED_EDGE('',*,*,#3419,.F.);
#4589=ORIENTED_EDGE('',*,*,#3422,.F.);
#4590=ORIENTED_EDGE('',*,*,#3425,.F.);
#4591=ORIENTED_EDGE('',*,*,#3467,.F.);
#4592=ORIENTED_EDGE('',*,*,#3468,.T.);
#4593=ORIENTED_EDGE('',*,*,#3469,.T.);
#4594=ORIENTED_EDGE('',*,*,#3470,.F.);
#4595=ORIENTED_EDGE('',*,*,#3471,.F.);
#4596=ORIENTED_EDGE('',*,*,#3472,.T.);
#4597=ORIENTED_EDGE('',*,*,#3473,.T.);
#4598=ORIENTED_EDGE('',*,*,#3468,.F.);
#4599=ORIENTED_EDGE('',*,*,#3474,.F.);
#4600=ORIENTED_EDGE('',*,*,#3470,.T.);
#4601=ORIENTED_EDGE('',*,*,#3475,.T.);
#4602=ORIENTED_EDGE('',*,*,#3472,.F.);
#4603=ORIENTED_EDGE('',*,*,#3476,.F.);
#4604=ORIENTED_EDGE('',*,*,#3477,.T.);
#4605=ORIENTED_EDGE('',*,*,#3478,.T.);
#4606=ORIENTED_EDGE('',*,*,#3479,.F.);
#4607=ORIENTED_EDGE('',*,*,#3480,.F.);
#4608=ORIENTED_EDGE('',*,*,#3481,.T.);
#4609=ORIENTED_EDGE('',*,*,#3482,.T.);
#4610=ORIENTED_EDGE('',*,*,#3477,.F.);
#4611=ORIENTED_EDGE('',*,*,#3483,.F.);
#4612=ORIENTED_EDGE('',*,*,#3484,.T.);
#4613=ORIENTED_EDGE('',*,*,#3485,.T.);
#4614=ORIENTED_EDGE('',*,*,#3481,.F.);
#4615=ORIENTED_EDGE('',*,*,#3486,.F.);
#4616=ORIENTED_EDGE('',*,*,#3487,.T.);
#4617=ORIENTED_EDGE('',*,*,#3488,.T.);
#4618=ORIENTED_EDGE('',*,*,#3484,.F.);
#4619=ORIENTED_EDGE('',*,*,#3489,.F.);
#4620=ORIENTED_EDGE('',*,*,#3490,.T.);
#4621=ORIENTED_EDGE('',*,*,#3491,.T.);
#4622=ORIENTED_EDGE('',*,*,#3487,.F.);
#4623=ORIENTED_EDGE('',*,*,#3492,.F.);
#4624=ORIENTED_EDGE('',*,*,#3493,.T.);
#4625=ORIENTED_EDGE('',*,*,#3494,.T.);
#4626=ORIENTED_EDGE('',*,*,#3490,.F.);
#4627=ORIENTED_EDGE('',*,*,#3495,.F.);
#4628=ORIENTED_EDGE('',*,*,#3496,.T.);
#4629=ORIENTED_EDGE('',*,*,#3497,.T.);
#4630=ORIENTED_EDGE('',*,*,#3493,.F.);
#4631=ORIENTED_EDGE('',*,*,#3498,.F.);
#4632=ORIENTED_EDGE('',*,*,#3479,.T.);
#4633=ORIENTED_EDGE('',*,*,#3499,.T.);
#4634=ORIENTED_EDGE('',*,*,#3496,.F.);
#4635=ORIENTED_EDGE('',*,*,#3499,.F.);
#4636=ORIENTED_EDGE('',*,*,#3478,.F.);
#4637=ORIENTED_EDGE('',*,*,#3482,.F.);
#4638=ORIENTED_EDGE('',*,*,#3485,.F.);
#4639=ORIENTED_EDGE('',*,*,#3488,.F.);
#4640=ORIENTED_EDGE('',*,*,#3491,.F.);
#4641=ORIENTED_EDGE('',*,*,#3494,.F.);
#4642=ORIENTED_EDGE('',*,*,#3497,.F.);
#4643=ORIENTED_EDGE('',*,*,#3475,.F.);
#4644=ORIENTED_EDGE('',*,*,#3469,.F.);
#4645=ORIENTED_EDGE('',*,*,#3473,.F.);
#4646=ORIENTED_EDGE('',*,*,#3500,.F.);
#4647=ORIENTED_EDGE('',*,*,#3501,.T.);
#4648=ORIENTED_EDGE('',*,*,#3502,.T.);
#4649=ORIENTED_EDGE('',*,*,#3503,.F.);
#4650=ORIENTED_EDGE('',*,*,#3504,.F.);
#4651=ORIENTED_EDGE('',*,*,#3505,.T.);
#4652=ORIENTED_EDGE('',*,*,#3506,.T.);
#4653=ORIENTED_EDGE('',*,*,#3501,.F.);
#4654=ORIENTED_EDGE('',*,*,#3507,.F.);
#4655=ORIENTED_EDGE('',*,*,#3503,.T.);
#4656=ORIENTED_EDGE('',*,*,#3508,.T.);
#4657=ORIENTED_EDGE('',*,*,#3505,.F.);
#4658=ORIENTED_EDGE('',*,*,#3509,.F.);
#4659=ORIENTED_EDGE('',*,*,#3510,.T.);
#4660=ORIENTED_EDGE('',*,*,#3511,.T.);
#4661=ORIENTED_EDGE('',*,*,#3512,.F.);
#4662=ORIENTED_EDGE('',*,*,#3513,.F.);
#4663=ORIENTED_EDGE('',*,*,#3514,.T.);
#4664=ORIENTED_EDGE('',*,*,#3515,.T.);
#4665=ORIENTED_EDGE('',*,*,#3510,.F.);
#4666=ORIENTED_EDGE('',*,*,#3516,.F.);
#4667=ORIENTED_EDGE('',*,*,#3517,.T.);
#4668=ORIENTED_EDGE('',*,*,#3518,.T.);
#4669=ORIENTED_EDGE('',*,*,#3514,.F.);
#4670=ORIENTED_EDGE('',*,*,#3519,.F.);
#4671=ORIENTED_EDGE('',*,*,#3520,.T.);
#4672=ORIENTED_EDGE('',*,*,#3521,.T.);
#4673=ORIENTED_EDGE('',*,*,#3517,.F.);
#4674=ORIENTED_EDGE('',*,*,#3522,.F.);
#4675=ORIENTED_EDGE('',*,*,#3523,.T.);
#4676=ORIENTED_EDGE('',*,*,#3524,.T.);
#4677=ORIENTED_EDGE('',*,*,#3520,.F.);
#4678=ORIENTED_EDGE('',*,*,#3525,.F.);
#4679=ORIENTED_EDGE('',*,*,#3526,.T.);
#4680=ORIENTED_EDGE('',*,*,#3527,.T.);
#4681=ORIENTED_EDGE('',*,*,#3523,.F.);
#4682=ORIENTED_EDGE('',*,*,#3528,.F.);
#4683=ORIENTED_EDGE('',*,*,#3529,.T.);
#4684=ORIENTED_EDGE('',*,*,#3530,.T.);
#4685=ORIENTED_EDGE('',*,*,#3526,.F.);
#4686=ORIENTED_EDGE('',*,*,#3531,.F.);
#4687=ORIENTED_EDGE('',*,*,#3512,.T.);
#4688=ORIENTED_EDGE('',*,*,#3532,.T.);
#4689=ORIENTED_EDGE('',*,*,#3529,.F.);
#4690=ORIENTED_EDGE('',*,*,#3532,.F.);
#4691=ORIENTED_EDGE('',*,*,#3511,.F.);
#4692=ORIENTED_EDGE('',*,*,#3515,.F.);
#4693=ORIENTED_EDGE('',*,*,#3518,.F.);
#4694=ORIENTED_EDGE('',*,*,#3521,.F.);
#4695=ORIENTED_EDGE('',*,*,#3524,.F.);
#4696=ORIENTED_EDGE('',*,*,#3527,.F.);
#4697=ORIENTED_EDGE('',*,*,#3530,.F.);
#4698=ORIENTED_EDGE('',*,*,#3508,.F.);
#4699=ORIENTED_EDGE('',*,*,#3502,.F.);
#4700=ORIENTED_EDGE('',*,*,#3506,.F.);
#4701=ORIENTED_EDGE('',*,*,#3533,.F.);
#4702=ORIENTED_EDGE('',*,*,#3534,.T.);
#4703=ORIENTED_EDGE('',*,*,#3535,.T.);
#4704=ORIENTED_EDGE('',*,*,#3536,.F.);
#4705=ORIENTED_EDGE('',*,*,#3537,.F.);
#4706=ORIENTED_EDGE('',*,*,#3538,.T.);
#4707=ORIENTED_EDGE('',*,*,#3539,.T.);
#4708=ORIENTED_EDGE('',*,*,#3534,.F.);
#4709=ORIENTED_EDGE('',*,*,#3540,.F.);
#4710=ORIENTED_EDGE('',*,*,#3541,.T.);
#4711=ORIENTED_EDGE('',*,*,#3542,.T.);
#4712=ORIENTED_EDGE('',*,*,#3538,.F.);
#4713=ORIENTED_EDGE('',*,*,#3543,.F.);
#4714=ORIENTED_EDGE('',*,*,#3536,.T.);
#4715=ORIENTED_EDGE('',*,*,#3544,.T.);
#4716=ORIENTED_EDGE('',*,*,#3541,.F.);
#4717=ORIENTED_EDGE('',*,*,#3544,.F.);
#4718=ORIENTED_EDGE('',*,*,#3535,.F.);
#4719=ORIENTED_EDGE('',*,*,#3539,.F.);
#4720=ORIENTED_EDGE('',*,*,#3542,.F.);
#4721=ORIENTED_EDGE('',*,*,#3545,.F.);
#4722=ORIENTED_EDGE('',*,*,#3546,.T.);
#4723=ORIENTED_EDGE('',*,*,#3547,.T.);
#4724=ORIENTED_EDGE('',*,*,#3548,.F.);
#4725=ORIENTED_EDGE('',*,*,#3549,.F.);
#4726=ORIENTED_EDGE('',*,*,#3550,.T.);
#4727=ORIENTED_EDGE('',*,*,#3551,.T.);
#4728=ORIENTED_EDGE('',*,*,#3546,.F.);
#4729=ORIENTED_EDGE('',*,*,#3552,.F.);
#4730=ORIENTED_EDGE('',*,*,#3553,.T.);
#4731=ORIENTED_EDGE('',*,*,#3554,.T.);
#4732=ORIENTED_EDGE('',*,*,#3550,.F.);
#4733=ORIENTED_EDGE('',*,*,#3555,.F.);
#4734=ORIENTED_EDGE('',*,*,#3548,.T.);
#4735=ORIENTED_EDGE('',*,*,#3556,.T.);
#4736=ORIENTED_EDGE('',*,*,#3553,.F.);
#4737=ORIENTED_EDGE('',*,*,#3556,.F.);
#4738=ORIENTED_EDGE('',*,*,#3547,.F.);
#4739=ORIENTED_EDGE('',*,*,#3551,.F.);
#4740=ORIENTED_EDGE('',*,*,#3554,.F.);
#4741=ORIENTED_EDGE('',*,*,#3557,.F.);
#4742=ORIENTED_EDGE('',*,*,#3558,.T.);
#4743=ORIENTED_EDGE('',*,*,#3559,.T.);
#4744=ORIENTED_EDGE('',*,*,#3560,.F.);
#4745=ORIENTED_EDGE('',*,*,#3561,.F.);
#4746=ORIENTED_EDGE('',*,*,#3562,.T.);
#4747=ORIENTED_EDGE('',*,*,#3563,.T.);
#4748=ORIENTED_EDGE('',*,*,#3558,.F.);
#4749=ORIENTED_EDGE('',*,*,#3564,.F.);
#4750=ORIENTED_EDGE('',*,*,#3565,.T.);
#4751=ORIENTED_EDGE('',*,*,#3566,.T.);
#4752=ORIENTED_EDGE('',*,*,#3562,.F.);
#4753=ORIENTED_EDGE('',*,*,#3567,.F.);
#4754=ORIENTED_EDGE('',*,*,#3568,.T.);
#4755=ORIENTED_EDGE('',*,*,#3569,.T.);
#4756=ORIENTED_EDGE('',*,*,#3565,.F.);
#4757=ORIENTED_EDGE('',*,*,#3570,.F.);
#4758=ORIENTED_EDGE('',*,*,#3571,.T.);
#4759=ORIENTED_EDGE('',*,*,#3572,.T.);
#4760=ORIENTED_EDGE('',*,*,#3568,.F.);
#4761=ORIENTED_EDGE('',*,*,#3573,.F.);
#4762=ORIENTED_EDGE('',*,*,#3560,.T.);
#4763=ORIENTED_EDGE('',*,*,#3574,.T.);
#4764=ORIENTED_EDGE('',*,*,#3571,.F.);
#4765=ORIENTED_EDGE('',*,*,#3574,.F.);
#4766=ORIENTED_EDGE('',*,*,#3559,.F.);
#4767=ORIENTED_EDGE('',*,*,#3563,.F.);
#4768=ORIENTED_EDGE('',*,*,#3566,.F.);
#4769=ORIENTED_EDGE('',*,*,#3569,.F.);
#4770=ORIENTED_EDGE('',*,*,#3572,.F.);
#4771=ORIENTED_EDGE('',*,*,#3575,.F.);
#4772=ORIENTED_EDGE('',*,*,#3576,.T.);
#4773=ORIENTED_EDGE('',*,*,#3577,.T.);
#4774=ORIENTED_EDGE('',*,*,#3578,.F.);
#4775=ORIENTED_EDGE('',*,*,#3579,.F.);
#4776=ORIENTED_EDGE('',*,*,#3580,.T.);
#4777=ORIENTED_EDGE('',*,*,#3581,.T.);
#4778=ORIENTED_EDGE('',*,*,#3576,.F.);
#4779=ORIENTED_EDGE('',*,*,#3582,.F.);
#4780=ORIENTED_EDGE('',*,*,#3583,.T.);
#4781=ORIENTED_EDGE('',*,*,#3584,.T.);
#4782=ORIENTED_EDGE('',*,*,#3580,.F.);
#4783=ORIENTED_EDGE('',*,*,#3585,.F.);
#4784=ORIENTED_EDGE('',*,*,#3586,.T.);
#4785=ORIENTED_EDGE('',*,*,#3587,.T.);
#4786=ORIENTED_EDGE('',*,*,#3583,.F.);
#4787=ORIENTED_EDGE('',*,*,#3588,.F.);
#4788=ORIENTED_EDGE('',*,*,#3589,.T.);
#4789=ORIENTED_EDGE('',*,*,#3590,.T.);
#4790=ORIENTED_EDGE('',*,*,#3586,.F.);
#4791=ORIENTED_EDGE('',*,*,#3591,.F.);
#4792=ORIENTED_EDGE('',*,*,#3578,.T.);
#4793=ORIENTED_EDGE('',*,*,#3592,.T.);
#4794=ORIENTED_EDGE('',*,*,#3589,.F.);
#4795=ORIENTED_EDGE('',*,*,#3592,.F.);
#4796=ORIENTED_EDGE('',*,*,#3577,.F.);
#4797=ORIENTED_EDGE('',*,*,#3581,.F.);
#4798=ORIENTED_EDGE('',*,*,#3584,.F.);
#4799=ORIENTED_EDGE('',*,*,#3587,.F.);
#4800=ORIENTED_EDGE('',*,*,#3590,.F.);
#4801=ORIENTED_EDGE('',*,*,#3593,.F.);
#4802=ORIENTED_EDGE('',*,*,#3594,.T.);
#4803=ORIENTED_EDGE('',*,*,#3595,.T.);
#4804=ORIENTED_EDGE('',*,*,#3596,.F.);
#4805=ORIENTED_EDGE('',*,*,#3597,.F.);
#4806=ORIENTED_EDGE('',*,*,#3598,.T.);
#4807=ORIENTED_EDGE('',*,*,#3599,.T.);
#4808=ORIENTED_EDGE('',*,*,#3594,.F.);
#4809=ORIENTED_EDGE('',*,*,#3600,.F.);
#4810=ORIENTED_EDGE('',*,*,#3601,.T.);
#4811=ORIENTED_EDGE('',*,*,#3602,.T.);
#4812=ORIENTED_EDGE('',*,*,#3598,.F.);
#4813=ORIENTED_EDGE('',*,*,#3603,.F.);
#4814=ORIENTED_EDGE('',*,*,#3604,.T.);
#4815=ORIENTED_EDGE('',*,*,#3605,.T.);
#4816=ORIENTED_EDGE('',*,*,#3601,.F.);
#4817=ORIENTED_EDGE('',*,*,#3606,.F.);
#4818=ORIENTED_EDGE('',*,*,#3607,.T.);
#4819=ORIENTED_EDGE('',*,*,#3608,.T.);
#4820=ORIENTED_EDGE('',*,*,#3604,.F.);
#4821=ORIENTED_EDGE('',*,*,#3609,.F.);
#4822=ORIENTED_EDGE('',*,*,#3596,.T.);
#4823=ORIENTED_EDGE('',*,*,#3610,.T.);
#4824=ORIENTED_EDGE('',*,*,#3607,.F.);
#4825=ORIENTED_EDGE('',*,*,#3610,.F.);
#4826=ORIENTED_EDGE('',*,*,#3595,.F.);
#4827=ORIENTED_EDGE('',*,*,#3599,.F.);
#4828=ORIENTED_EDGE('',*,*,#3602,.F.);
#4829=ORIENTED_EDGE('',*,*,#3605,.F.);
#4830=ORIENTED_EDGE('',*,*,#3608,.F.);
#4831=ORIENTED_EDGE('',*,*,#3611,.F.);
#4832=ORIENTED_EDGE('',*,*,#3612,.T.);
#4833=ORIENTED_EDGE('',*,*,#3613,.T.);
#4834=ORIENTED_EDGE('',*,*,#3614,.F.);
#4835=ORIENTED_EDGE('',*,*,#3615,.F.);
#4836=ORIENTED_EDGE('',*,*,#3616,.T.);
#4837=ORIENTED_EDGE('',*,*,#3617,.T.);
#4838=ORIENTED_EDGE('',*,*,#3612,.F.);
#4839=ORIENTED_EDGE('',*,*,#3618,.F.);
#4840=ORIENTED_EDGE('',*,*,#3619,.T.);
#4841=ORIENTED_EDGE('',*,*,#3620,.T.);
#4842=ORIENTED_EDGE('',*,*,#3616,.F.);
#4843=ORIENTED_EDGE('',*,*,#3621,.F.);
#4844=ORIENTED_EDGE('',*,*,#3622,.T.);
#4845=ORIENTED_EDGE('',*,*,#3623,.T.);
#4846=ORIENTED_EDGE('',*,*,#3619,.F.);
#4847=ORIENTED_EDGE('',*,*,#3624,.F.);
#4848=ORIENTED_EDGE('',*,*,#3625,.T.);
#4849=ORIENTED_EDGE('',*,*,#3626,.T.);
#4850=ORIENTED_EDGE('',*,*,#3622,.F.);
#4851=ORIENTED_EDGE('',*,*,#3627,.F.);
#4852=ORIENTED_EDGE('',*,*,#3628,.T.);
#4853=ORIENTED_EDGE('',*,*,#3629,.T.);
#4854=ORIENTED_EDGE('',*,*,#3625,.F.);
#4855=ORIENTED_EDGE('',*,*,#3630,.F.);
#4856=ORIENTED_EDGE('',*,*,#3631,.T.);
#4857=ORIENTED_EDGE('',*,*,#3632,.T.);
#4858=ORIENTED_EDGE('',*,*,#3628,.F.);
#4859=ORIENTED_EDGE('',*,*,#3633,.F.);
#4860=ORIENTED_EDGE('',*,*,#3634,.T.);
#4861=ORIENTED_EDGE('',*,*,#3635,.T.);
#4862=ORIENTED_EDGE('',*,*,#3631,.F.);
#4863=ORIENTED_EDGE('',*,*,#3636,.F.);
#4864=ORIENTED_EDGE('',*,*,#3637,.T.);
#4865=ORIENTED_EDGE('',*,*,#3638,.T.);
#4866=ORIENTED_EDGE('',*,*,#3634,.F.);
#4867=ORIENTED_EDGE('',*,*,#3639,.F.);
#4868=ORIENTED_EDGE('',*,*,#3640,.T.);
#4869=ORIENTED_EDGE('',*,*,#3641,.T.);
#4870=ORIENTED_EDGE('',*,*,#3637,.F.);
#4871=ORIENTED_EDGE('',*,*,#3642,.F.);
#4872=ORIENTED_EDGE('',*,*,#3643,.T.);
#4873=ORIENTED_EDGE('',*,*,#3644,.T.);
#4874=ORIENTED_EDGE('',*,*,#3640,.F.);
#4875=ORIENTED_EDGE('',*,*,#3645,.F.);
#4876=ORIENTED_EDGE('',*,*,#3614,.T.);
#4877=ORIENTED_EDGE('',*,*,#3646,.T.);
#4878=ORIENTED_EDGE('',*,*,#3643,.F.);
#4879=ORIENTED_EDGE('',*,*,#3646,.F.);
#4880=ORIENTED_EDGE('',*,*,#3613,.F.);
#4881=ORIENTED_EDGE('',*,*,#3617,.F.);
#4882=ORIENTED_EDGE('',*,*,#3620,.F.);
#4883=ORIENTED_EDGE('',*,*,#3623,.F.);
#4884=ORIENTED_EDGE('',*,*,#3626,.F.);
#4885=ORIENTED_EDGE('',*,*,#3629,.F.);
#4886=ORIENTED_EDGE('',*,*,#3632,.F.);
#4887=ORIENTED_EDGE('',*,*,#3635,.F.);
#4888=ORIENTED_EDGE('',*,*,#3638,.F.);
#4889=ORIENTED_EDGE('',*,*,#3641,.F.);
#4890=ORIENTED_EDGE('',*,*,#3644,.F.);
#4891=ORIENTED_EDGE('',*,*,#3647,.F.);
#4892=ORIENTED_EDGE('',*,*,#3648,.T.);
#4893=ORIENTED_EDGE('',*,*,#3649,.T.);
#4894=ORIENTED_EDGE('',*,*,#3650,.F.);
#4895=ORIENTED_EDGE('',*,*,#3651,.F.);
#4896=ORIENTED_EDGE('',*,*,#3652,.T.);
#4897=ORIENTED_EDGE('',*,*,#3653,.T.);
#4898=ORIENTED_EDGE('',*,*,#3648,.F.);
#4899=ORIENTED_EDGE('',*,*,#3654,.F.);
#4900=ORIENTED_EDGE('',*,*,#3655,.T.);
#4901=ORIENTED_EDGE('',*,*,#3656,.T.);
#4902=ORIENTED_EDGE('',*,*,#3652,.F.);
#4903=ORIENTED_EDGE('',*,*,#3657,.F.);
#4904=ORIENTED_EDGE('',*,*,#3658,.T.);
#4905=ORIENTED_EDGE('',*,*,#3659,.T.);
#4906=ORIENTED_EDGE('',*,*,#3655,.F.);
#4907=ORIENTED_EDGE('',*,*,#3660,.F.);
#4908=ORIENTED_EDGE('',*,*,#3661,.T.);
#4909=ORIENTED_EDGE('',*,*,#3662,.T.);
#4910=ORIENTED_EDGE('',*,*,#3658,.F.);
#4911=ORIENTED_EDGE('',*,*,#3663,.F.);
#4912=ORIENTED_EDGE('',*,*,#3664,.T.);
#4913=ORIENTED_EDGE('',*,*,#3665,.T.);
#4914=ORIENTED_EDGE('',*,*,#3661,.F.);
#4915=ORIENTED_EDGE('',*,*,#3666,.F.);
#4916=ORIENTED_EDGE('',*,*,#3667,.T.);
#4917=ORIENTED_EDGE('',*,*,#3668,.T.);
#4918=ORIENTED_EDGE('',*,*,#3664,.F.);
#4919=ORIENTED_EDGE('',*,*,#3669,.F.);
#4920=ORIENTED_EDGE('',*,*,#3670,.T.);
#4921=ORIENTED_EDGE('',*,*,#3671,.T.);
#4922=ORIENTED_EDGE('',*,*,#3667,.F.);
#4923=ORIENTED_EDGE('',*,*,#3672,.F.);
#4924=ORIENTED_EDGE('',*,*,#3673,.T.);
#4925=ORIENTED_EDGE('',*,*,#3674,.T.);
#4926=ORIENTED_EDGE('',*,*,#3670,.F.);
#4927=ORIENTED_EDGE('',*,*,#3675,.F.);
#4928=ORIENTED_EDGE('',*,*,#3676,.T.);
#4929=ORIENTED_EDGE('',*,*,#3677,.T.);
#4930=ORIENTED_EDGE('',*,*,#3673,.F.);
#4931=ORIENTED_EDGE('',*,*,#3678,.F.);
#4932=ORIENTED_EDGE('',*,*,#3679,.T.);
#4933=ORIENTED_EDGE('',*,*,#3680,.T.);
#4934=ORIENTED_EDGE('',*,*,#3676,.F.);
#4935=ORIENTED_EDGE('',*,*,#3681,.F.);
#4936=ORIENTED_EDGE('',*,*,#3650,.T.);
#4937=ORIENTED_EDGE('',*,*,#3682,.T.);
#4938=ORIENTED_EDGE('',*,*,#3679,.F.);
#4939=ORIENTED_EDGE('',*,*,#3682,.F.);
#4940=ORIENTED_EDGE('',*,*,#3649,.F.);
#4941=ORIENTED_EDGE('',*,*,#3653,.F.);
#4942=ORIENTED_EDGE('',*,*,#3656,.F.);
#4943=ORIENTED_EDGE('',*,*,#3659,.F.);
#4944=ORIENTED_EDGE('',*,*,#3662,.F.);
#4945=ORIENTED_EDGE('',*,*,#3665,.F.);
#4946=ORIENTED_EDGE('',*,*,#3668,.F.);
#4947=ORIENTED_EDGE('',*,*,#3671,.F.);
#4948=ORIENTED_EDGE('',*,*,#3674,.F.);
#4949=ORIENTED_EDGE('',*,*,#3677,.F.);
#4950=ORIENTED_EDGE('',*,*,#3680,.F.);
#4951=ORIENTED_EDGE('',*,*,#3683,.F.);
#4952=ORIENTED_EDGE('',*,*,#3684,.T.);
#4953=ORIENTED_EDGE('',*,*,#3685,.T.);
#4954=ORIENTED_EDGE('',*,*,#3686,.F.);
#4955=ORIENTED_EDGE('',*,*,#3687,.F.);
#4956=ORIENTED_EDGE('',*,*,#3688,.T.);
#4957=ORIENTED_EDGE('',*,*,#3689,.T.);
#4958=ORIENTED_EDGE('',*,*,#3684,.F.);
#4959=ORIENTED_EDGE('',*,*,#3690,.F.);
#4960=ORIENTED_EDGE('',*,*,#3686,.T.);
#4961=ORIENTED_EDGE('',*,*,#3691,.T.);
#4962=ORIENTED_EDGE('',*,*,#3688,.F.);
#4963=ORIENTED_EDGE('',*,*,#3692,.F.);
#4964=ORIENTED_EDGE('',*,*,#3693,.T.);
#4965=ORIENTED_EDGE('',*,*,#3694,.T.);
#4966=ORIENTED_EDGE('',*,*,#3695,.F.);
#4967=ORIENTED_EDGE('',*,*,#3696,.F.);
#4968=ORIENTED_EDGE('',*,*,#3697,.T.);
#4969=ORIENTED_EDGE('',*,*,#3698,.T.);
#4970=ORIENTED_EDGE('',*,*,#3693,.F.);
#4971=ORIENTED_EDGE('',*,*,#3699,.F.);
#4972=ORIENTED_EDGE('',*,*,#3700,.T.);
#4973=ORIENTED_EDGE('',*,*,#3701,.T.);
#4974=ORIENTED_EDGE('',*,*,#3697,.F.);
#4975=ORIENTED_EDGE('',*,*,#3702,.F.);
#4976=ORIENTED_EDGE('',*,*,#3703,.T.);
#4977=ORIENTED_EDGE('',*,*,#3704,.T.);
#4978=ORIENTED_EDGE('',*,*,#3700,.F.);
#4979=ORIENTED_EDGE('',*,*,#3705,.F.);
#4980=ORIENTED_EDGE('',*,*,#3706,.T.);
#4981=ORIENTED_EDGE('',*,*,#3707,.T.);
#4982=ORIENTED_EDGE('',*,*,#3703,.F.);
#4983=ORIENTED_EDGE('',*,*,#3708,.F.);
#4984=ORIENTED_EDGE('',*,*,#3709,.T.);
#4985=ORIENTED_EDGE('',*,*,#3710,.T.);
#4986=ORIENTED_EDGE('',*,*,#3706,.F.);
#4987=ORIENTED_EDGE('',*,*,#3711,.F.);
#4988=ORIENTED_EDGE('',*,*,#3712,.T.);
#4989=ORIENTED_EDGE('',*,*,#3713,.T.);
#4990=ORIENTED_EDGE('',*,*,#3709,.F.);
#4991=ORIENTED_EDGE('',*,*,#3714,.F.);
#4992=ORIENTED_EDGE('',*,*,#3695,.T.);
#4993=ORIENTED_EDGE('',*,*,#3715,.T.);
#4994=ORIENTED_EDGE('',*,*,#3712,.F.);
#4995=ORIENTED_EDGE('',*,*,#3715,.F.);
#4996=ORIENTED_EDGE('',*,*,#3694,.F.);
#4997=ORIENTED_EDGE('',*,*,#3698,.F.);
#4998=ORIENTED_EDGE('',*,*,#3701,.F.);
#4999=ORIENTED_EDGE('',*,*,#3704,.F.);
#5000=ORIENTED_EDGE('',*,*,#3707,.F.);
#5001=ORIENTED_EDGE('',*,*,#3710,.F.);
#5002=ORIENTED_EDGE('',*,*,#3713,.F.);
#5003=ORIENTED_EDGE('',*,*,#3691,.F.);
#5004=ORIENTED_EDGE('',*,*,#3685,.F.);
#5005=ORIENTED_EDGE('',*,*,#3689,.F.);
#5006=ORIENTED_EDGE('',*,*,#3716,.F.);
#5007=ORIENTED_EDGE('',*,*,#3717,.T.);
#5008=ORIENTED_EDGE('',*,*,#3718,.T.);
#5009=ORIENTED_EDGE('',*,*,#3719,.F.);
#5010=ORIENTED_EDGE('',*,*,#3720,.F.);
#5011=ORIENTED_EDGE('',*,*,#3721,.T.);
#5012=ORIENTED_EDGE('',*,*,#3722,.T.);
#5013=ORIENTED_EDGE('',*,*,#3717,.F.);
#5014=ORIENTED_EDGE('',*,*,#3723,.F.);
#5015=ORIENTED_EDGE('',*,*,#3724,.T.);
#5016=ORIENTED_EDGE('',*,*,#3725,.T.);
#5017=ORIENTED_EDGE('',*,*,#3721,.F.);
#5018=ORIENTED_EDGE('',*,*,#3726,.F.);
#5019=ORIENTED_EDGE('',*,*,#3727,.T.);
#5020=ORIENTED_EDGE('',*,*,#3728,.T.);
#5021=ORIENTED_EDGE('',*,*,#3724,.F.);
#5022=ORIENTED_EDGE('',*,*,#3729,.F.);
#5023=ORIENTED_EDGE('',*,*,#3730,.T.);
#5024=ORIENTED_EDGE('',*,*,#3731,.T.);
#5025=ORIENTED_EDGE('',*,*,#3727,.F.);
#5026=ORIENTED_EDGE('',*,*,#3732,.F.);
#5027=ORIENTED_EDGE('',*,*,#3733,.T.);
#5028=ORIENTED_EDGE('',*,*,#3734,.T.);
#5029=ORIENTED_EDGE('',*,*,#3730,.F.);
#5030=ORIENTED_EDGE('',*,*,#3735,.F.);
#5031=ORIENTED_EDGE('',*,*,#3736,.T.);
#5032=ORIENTED_EDGE('',*,*,#3737,.T.);
#5033=ORIENTED_EDGE('',*,*,#3733,.F.);
#5034=ORIENTED_EDGE('',*,*,#3738,.F.);
#5035=ORIENTED_EDGE('',*,*,#3739,.T.);
#5036=ORIENTED_EDGE('',*,*,#3740,.T.);
#5037=ORIENTED_EDGE('',*,*,#3736,.F.);
#5038=ORIENTED_EDGE('',*,*,#3741,.F.);
#5039=ORIENTED_EDGE('',*,*,#3719,.T.);
#5040=ORIENTED_EDGE('',*,*,#3742,.T.);
#5041=ORIENTED_EDGE('',*,*,#3739,.F.);
#5042=ORIENTED_EDGE('',*,*,#3743,.F.);
#5043=ORIENTED_EDGE('',*,*,#3744,.T.);
#5044=ORIENTED_EDGE('',*,*,#3745,.T.);
#5045=ORIENTED_EDGE('',*,*,#3746,.F.);
#5046=ORIENTED_EDGE('',*,*,#3747,.F.);
#5047=ORIENTED_EDGE('',*,*,#3748,.T.);
#5048=ORIENTED_EDGE('',*,*,#3749,.T.);
#5049=ORIENTED_EDGE('',*,*,#3744,.F.);
#5050=ORIENTED_EDGE('',*,*,#3750,.F.);
#5051=ORIENTED_EDGE('',*,*,#3751,.T.);
#5052=ORIENTED_EDGE('',*,*,#3752,.T.);
#5053=ORIENTED_EDGE('',*,*,#3748,.F.);
#5054=ORIENTED_EDGE('',*,*,#3753,.F.);
#5055=ORIENTED_EDGE('',*,*,#3754,.T.);
#5056=ORIENTED_EDGE('',*,*,#3755,.T.);
#5057=ORIENTED_EDGE('',*,*,#3751,.F.);
#5058=ORIENTED_EDGE('',*,*,#3756,.F.);
#5059=ORIENTED_EDGE('',*,*,#3757,.T.);
#5060=ORIENTED_EDGE('',*,*,#3758,.T.);
#5061=ORIENTED_EDGE('',*,*,#3754,.F.);
#5062=ORIENTED_EDGE('',*,*,#3759,.F.);
#5063=ORIENTED_EDGE('',*,*,#3760,.T.);
#5064=ORIENTED_EDGE('',*,*,#3761,.T.);
#5065=ORIENTED_EDGE('',*,*,#3757,.F.);
#5066=ORIENTED_EDGE('',*,*,#3762,.F.);
#5067=ORIENTED_EDGE('',*,*,#3763,.T.);
#5068=ORIENTED_EDGE('',*,*,#3764,.T.);
#5069=ORIENTED_EDGE('',*,*,#3760,.F.);
#5070=ORIENTED_EDGE('',*,*,#3765,.F.);
#5071=ORIENTED_EDGE('',*,*,#3766,.T.);
#5072=ORIENTED_EDGE('',*,*,#3767,.T.);
#5073=ORIENTED_EDGE('',*,*,#3763,.F.);
#5074=ORIENTED_EDGE('',*,*,#3768,.F.);
#5075=ORIENTED_EDGE('',*,*,#3769,.T.);
#5076=ORIENTED_EDGE('',*,*,#3770,.T.);
#5077=ORIENTED_EDGE('',*,*,#3766,.F.);
#5078=ORIENTED_EDGE('',*,*,#3771,.F.);
#5079=ORIENTED_EDGE('',*,*,#3772,.T.);
#5080=ORIENTED_EDGE('',*,*,#3773,.T.);
#5081=ORIENTED_EDGE('',*,*,#3769,.F.);
#5082=ORIENTED_EDGE('',*,*,#3774,.F.);
#5083=ORIENTED_EDGE('',*,*,#3775,.T.);
#5084=ORIENTED_EDGE('',*,*,#3776,.T.);
#5085=ORIENTED_EDGE('',*,*,#3772,.F.);
#5086=ORIENTED_EDGE('',*,*,#3777,.F.);
#5087=ORIENTED_EDGE('',*,*,#3778,.T.);
#5088=ORIENTED_EDGE('',*,*,#3779,.T.);
#5089=ORIENTED_EDGE('',*,*,#3775,.F.);
#5090=ORIENTED_EDGE('',*,*,#3780,.F.);
#5091=ORIENTED_EDGE('',*,*,#3746,.T.);
#5092=ORIENTED_EDGE('',*,*,#3781,.T.);
#5093=ORIENTED_EDGE('',*,*,#3778,.F.);
#5094=ORIENTED_EDGE('',*,*,#3781,.F.);
#5095=ORIENTED_EDGE('',*,*,#3745,.F.);
#5096=ORIENTED_EDGE('',*,*,#3749,.F.);
#5097=ORIENTED_EDGE('',*,*,#3752,.F.);
#5098=ORIENTED_EDGE('',*,*,#3755,.F.);
#5099=ORIENTED_EDGE('',*,*,#3758,.F.);
#5100=ORIENTED_EDGE('',*,*,#3761,.F.);
#5101=ORIENTED_EDGE('',*,*,#3764,.F.);
#5102=ORIENTED_EDGE('',*,*,#3767,.F.);
#5103=ORIENTED_EDGE('',*,*,#3770,.F.);
#5104=ORIENTED_EDGE('',*,*,#3773,.F.);
#5105=ORIENTED_EDGE('',*,*,#3776,.F.);
#5106=ORIENTED_EDGE('',*,*,#3779,.F.);
#5107=ORIENTED_EDGE('',*,*,#3742,.F.);
#5108=ORIENTED_EDGE('',*,*,#3718,.F.);
#5109=ORIENTED_EDGE('',*,*,#3722,.F.);
#5110=ORIENTED_EDGE('',*,*,#3725,.F.);
#5111=ORIENTED_EDGE('',*,*,#3728,.F.);
#5112=ORIENTED_EDGE('',*,*,#3731,.F.);
#5113=ORIENTED_EDGE('',*,*,#3734,.F.);
#5114=ORIENTED_EDGE('',*,*,#3737,.F.);
#5115=ORIENTED_EDGE('',*,*,#3740,.F.);
#5116=ORIENTED_EDGE('',*,*,#3782,.F.);
#5117=ORIENTED_EDGE('',*,*,#3783,.T.);
#5118=ORIENTED_EDGE('',*,*,#3784,.T.);
#5119=ORIENTED_EDGE('',*,*,#3785,.F.);
#5120=ORIENTED_EDGE('',*,*,#3786,.F.);
#5121=ORIENTED_EDGE('',*,*,#3787,.T.);
#5122=ORIENTED_EDGE('',*,*,#3788,.T.);
#5123=ORIENTED_EDGE('',*,*,#3783,.F.);
#5124=ORIENTED_EDGE('',*,*,#3789,.F.);
#5125=ORIENTED_EDGE('',*,*,#3790,.T.);
#5126=ORIENTED_EDGE('',*,*,#3791,.T.);
#5127=ORIENTED_EDGE('',*,*,#3787,.F.);
#5128=ORIENTED_EDGE('',*,*,#3792,.F.);
#5129=ORIENTED_EDGE('',*,*,#3793,.T.);
#5130=ORIENTED_EDGE('',*,*,#3794,.T.);
#5131=ORIENTED_EDGE('',*,*,#3790,.F.);
#5132=ORIENTED_EDGE('',*,*,#3795,.F.);
#5133=ORIENTED_EDGE('',*,*,#3796,.T.);
#5134=ORIENTED_EDGE('',*,*,#3797,.T.);
#5135=ORIENTED_EDGE('',*,*,#3793,.F.);
#5136=ORIENTED_EDGE('',*,*,#3798,.F.);
#5137=ORIENTED_EDGE('',*,*,#3799,.T.);
#5138=ORIENTED_EDGE('',*,*,#3800,.T.);
#5139=ORIENTED_EDGE('',*,*,#3796,.F.);
#5140=ORIENTED_EDGE('',*,*,#3801,.F.);
#5141=ORIENTED_EDGE('',*,*,#3802,.T.);
#5142=ORIENTED_EDGE('',*,*,#3803,.T.);
#5143=ORIENTED_EDGE('',*,*,#3799,.F.);
#5144=ORIENTED_EDGE('',*,*,#3804,.F.);
#5145=ORIENTED_EDGE('',*,*,#3805,.T.);
#5146=ORIENTED_EDGE('',*,*,#3806,.T.);
#5147=ORIENTED_EDGE('',*,*,#3802,.F.);
#5148=ORIENTED_EDGE('',*,*,#3807,.F.);
#5149=ORIENTED_EDGE('',*,*,#3808,.T.);
#5150=ORIENTED_EDGE('',*,*,#3809,.T.);
#5151=ORIENTED_EDGE('',*,*,#3805,.F.);
#5152=ORIENTED_EDGE('',*,*,#3810,.F.);
#5153=ORIENTED_EDGE('',*,*,#3811,.T.);
#5154=ORIENTED_EDGE('',*,*,#3812,.T.);
#5155=ORIENTED_EDGE('',*,*,#3808,.F.);
#5156=ORIENTED_EDGE('',*,*,#3813,.F.);
#5157=ORIENTED_EDGE('',*,*,#3814,.T.);
#5158=ORIENTED_EDGE('',*,*,#3815,.T.);
#5159=ORIENTED_EDGE('',*,*,#3811,.F.);
#5160=ORIENTED_EDGE('',*,*,#3816,.F.);
#5161=ORIENTED_EDGE('',*,*,#3817,.T.);
#5162=ORIENTED_EDGE('',*,*,#3818,.T.);
#5163=ORIENTED_EDGE('',*,*,#3814,.F.);
#5164=ORIENTED_EDGE('',*,*,#3819,.F.);
#5165=ORIENTED_EDGE('',*,*,#3820,.T.);
#5166=ORIENTED_EDGE('',*,*,#3821,.T.);
#5167=ORIENTED_EDGE('',*,*,#3817,.F.);
#5168=ORIENTED_EDGE('',*,*,#3822,.F.);
#5169=ORIENTED_EDGE('',*,*,#3823,.T.);
#5170=ORIENTED_EDGE('',*,*,#3824,.T.);
#5171=ORIENTED_EDGE('',*,*,#3820,.F.);
#5172=ORIENTED_EDGE('',*,*,#3825,.F.);
#5173=ORIENTED_EDGE('',*,*,#3826,.T.);
#5174=ORIENTED_EDGE('',*,*,#3827,.T.);
#5175=ORIENTED_EDGE('',*,*,#3823,.F.);
#5176=ORIENTED_EDGE('',*,*,#3828,.F.);
#5177=ORIENTED_EDGE('',*,*,#3829,.T.);
#5178=ORIENTED_EDGE('',*,*,#3830,.T.);
#5179=ORIENTED_EDGE('',*,*,#3826,.F.);
#5180=ORIENTED_EDGE('',*,*,#3831,.F.);
#5181=ORIENTED_EDGE('',*,*,#3832,.T.);
#5182=ORIENTED_EDGE('',*,*,#3833,.T.);
#5183=ORIENTED_EDGE('',*,*,#3829,.F.);
#5184=ORIENTED_EDGE('',*,*,#3834,.F.);
#5185=ORIENTED_EDGE('',*,*,#3835,.T.);
#5186=ORIENTED_EDGE('',*,*,#3836,.T.);
#5187=ORIENTED_EDGE('',*,*,#3832,.F.);
#5188=ORIENTED_EDGE('',*,*,#3837,.F.);
#5189=ORIENTED_EDGE('',*,*,#3838,.T.);
#5190=ORIENTED_EDGE('',*,*,#3839,.T.);
#5191=ORIENTED_EDGE('',*,*,#3835,.F.);
#5192=ORIENTED_EDGE('',*,*,#3840,.F.);
#5193=ORIENTED_EDGE('',*,*,#3785,.T.);
#5194=ORIENTED_EDGE('',*,*,#3841,.T.);
#5195=ORIENTED_EDGE('',*,*,#3838,.F.);
#5196=ORIENTED_EDGE('',*,*,#3841,.F.);
#5197=ORIENTED_EDGE('',*,*,#3784,.F.);
#5198=ORIENTED_EDGE('',*,*,#3788,.F.);
#5199=ORIENTED_EDGE('',*,*,#3791,.F.);
#5200=ORIENTED_EDGE('',*,*,#3794,.F.);
#5201=ORIENTED_EDGE('',*,*,#3797,.F.);
#5202=ORIENTED_EDGE('',*,*,#3800,.F.);
#5203=ORIENTED_EDGE('',*,*,#3803,.F.);
#5204=ORIENTED_EDGE('',*,*,#3806,.F.);
#5205=ORIENTED_EDGE('',*,*,#3809,.F.);
#5206=ORIENTED_EDGE('',*,*,#3812,.F.);
#5207=ORIENTED_EDGE('',*,*,#3815,.F.);
#5208=ORIENTED_EDGE('',*,*,#3818,.F.);
#5209=ORIENTED_EDGE('',*,*,#3821,.F.);
#5210=ORIENTED_EDGE('',*,*,#3824,.F.);
#5211=ORIENTED_EDGE('',*,*,#3827,.F.);
#5212=ORIENTED_EDGE('',*,*,#3830,.F.);
#5213=ORIENTED_EDGE('',*,*,#3833,.F.);
#5214=ORIENTED_EDGE('',*,*,#3836,.F.);
#5215=ORIENTED_EDGE('',*,*,#3839,.F.);
#5216=ORIENTED_EDGE('',*,*,#3842,.F.);
#5217=ORIENTED_EDGE('',*,*,#3843,.T.);
#5218=ORIENTED_EDGE('',*,*,#3844,.T.);
#5219=ORIENTED_EDGE('',*,*,#3845,.F.);
#5220=ORIENTED_EDGE('',*,*,#3846,.F.);
#5221=ORIENTED_EDGE('',*,*,#3847,.T.);
#5222=ORIENTED_EDGE('',*,*,#3848,.T.);
#5223=ORIENTED_EDGE('',*,*,#3843,.F.);
#5224=ORIENTED_EDGE('',*,*,#3849,.F.);
#5225=ORIENTED_EDGE('',*,*,#3850,.T.);
#5226=ORIENTED_EDGE('',*,*,#3851,.T.);
#5227=ORIENTED_EDGE('',*,*,#3847,.F.);
#5228=ORIENTED_EDGE('',*,*,#3852,.F.);
#5229=ORIENTED_EDGE('',*,*,#3853,.T.);
#5230=ORIENTED_EDGE('',*,*,#3854,.T.);
#5231=ORIENTED_EDGE('',*,*,#3850,.F.);
#5232=ORIENTED_EDGE('',*,*,#3855,.F.);
#5233=ORIENTED_EDGE('',*,*,#3856,.T.);
#5234=ORIENTED_EDGE('',*,*,#3857,.T.);
#5235=ORIENTED_EDGE('',*,*,#3853,.F.);
#5236=ORIENTED_EDGE('',*,*,#3858,.F.);
#5237=ORIENTED_EDGE('',*,*,#3859,.T.);
#5238=ORIENTED_EDGE('',*,*,#3860,.T.);
#5239=ORIENTED_EDGE('',*,*,#3856,.F.);
#5240=ORIENTED_EDGE('',*,*,#3861,.F.);
#5241=ORIENTED_EDGE('',*,*,#3862,.T.);
#5242=ORIENTED_EDGE('',*,*,#3863,.T.);
#5243=ORIENTED_EDGE('',*,*,#3859,.F.);
#5244=ORIENTED_EDGE('',*,*,#3864,.F.);
#5245=ORIENTED_EDGE('',*,*,#3865,.T.);
#5246=ORIENTED_EDGE('',*,*,#3866,.T.);
#5247=ORIENTED_EDGE('',*,*,#3862,.F.);
#5248=ORIENTED_EDGE('',*,*,#3867,.F.);
#5249=ORIENTED_EDGE('',*,*,#3868,.T.);
#5250=ORIENTED_EDGE('',*,*,#3869,.T.);
#5251=ORIENTED_EDGE('',*,*,#3865,.F.);
#5252=ORIENTED_EDGE('',*,*,#3870,.F.);
#5253=ORIENTED_EDGE('',*,*,#3871,.T.);
#5254=ORIENTED_EDGE('',*,*,#3872,.T.);
#5255=ORIENTED_EDGE('',*,*,#3868,.F.);
#5256=ORIENTED_EDGE('',*,*,#3873,.F.);
#5257=ORIENTED_EDGE('',*,*,#3874,.T.);
#5258=ORIENTED_EDGE('',*,*,#3875,.T.);
#5259=ORIENTED_EDGE('',*,*,#3871,.F.);
#5260=ORIENTED_EDGE('',*,*,#3876,.F.);
#5261=ORIENTED_EDGE('',*,*,#3845,.T.);
#5262=ORIENTED_EDGE('',*,*,#3877,.T.);
#5263=ORIENTED_EDGE('',*,*,#3874,.F.);
#5264=ORIENTED_EDGE('',*,*,#3877,.F.);
#5265=ORIENTED_EDGE('',*,*,#3844,.F.);
#5266=ORIENTED_EDGE('',*,*,#3848,.F.);
#5267=ORIENTED_EDGE('',*,*,#3851,.F.);
#5268=ORIENTED_EDGE('',*,*,#3854,.F.);
#5269=ORIENTED_EDGE('',*,*,#3857,.F.);
#5270=ORIENTED_EDGE('',*,*,#3860,.F.);
#5271=ORIENTED_EDGE('',*,*,#3863,.F.);
#5272=ORIENTED_EDGE('',*,*,#3866,.F.);
#5273=ORIENTED_EDGE('',*,*,#3869,.F.);
#5274=ORIENTED_EDGE('',*,*,#3872,.F.);
#5275=ORIENTED_EDGE('',*,*,#3875,.F.);
#5276=ORIENTED_EDGE('',*,*,#3878,.F.);
#5277=ORIENTED_EDGE('',*,*,#3879,.T.);
#5278=ORIENTED_EDGE('',*,*,#3880,.T.);
#5279=ORIENTED_EDGE('',*,*,#3881,.F.);
#5280=ORIENTED_EDGE('',*,*,#3882,.F.);
#5281=ORIENTED_EDGE('',*,*,#3883,.T.);
#5282=ORIENTED_EDGE('',*,*,#3884,.T.);
#5283=ORIENTED_EDGE('',*,*,#3879,.F.);
#5284=ORIENTED_EDGE('',*,*,#3885,.F.);
#5285=ORIENTED_EDGE('',*,*,#3881,.T.);
#5286=ORIENTED_EDGE('',*,*,#3886,.T.);
#5287=ORIENTED_EDGE('',*,*,#3883,.F.);
#5288=ORIENTED_EDGE('',*,*,#3887,.F.);
#5289=ORIENTED_EDGE('',*,*,#3888,.T.);
#5290=ORIENTED_EDGE('',*,*,#3889,.T.);
#5291=ORIENTED_EDGE('',*,*,#3890,.F.);
#5292=ORIENTED_EDGE('',*,*,#3891,.F.);
#5293=ORIENTED_EDGE('',*,*,#3892,.T.);
#5294=ORIENTED_EDGE('',*,*,#3893,.T.);
#5295=ORIENTED_EDGE('',*,*,#3888,.F.);
#5296=ORIENTED_EDGE('',*,*,#3894,.F.);
#5297=ORIENTED_EDGE('',*,*,#3895,.T.);
#5298=ORIENTED_EDGE('',*,*,#3896,.T.);
#5299=ORIENTED_EDGE('',*,*,#3892,.F.);
#5300=ORIENTED_EDGE('',*,*,#3897,.F.);
#5301=ORIENTED_EDGE('',*,*,#3898,.T.);
#5302=ORIENTED_EDGE('',*,*,#3899,.T.);
#5303=ORIENTED_EDGE('',*,*,#3895,.F.);
#5304=ORIENTED_EDGE('',*,*,#3900,.F.);
#5305=ORIENTED_EDGE('',*,*,#3901,.T.);
#5306=ORIENTED_EDGE('',*,*,#3902,.T.);
#5307=ORIENTED_EDGE('',*,*,#3898,.F.);
#5308=ORIENTED_EDGE('',*,*,#3903,.F.);
#5309=ORIENTED_EDGE('',*,*,#3904,.T.);
#5310=ORIENTED_EDGE('',*,*,#3905,.T.);
#5311=ORIENTED_EDGE('',*,*,#3901,.F.);
#5312=ORIENTED_EDGE('',*,*,#3906,.F.);
#5313=ORIENTED_EDGE('',*,*,#3907,.T.);
#5314=ORIENTED_EDGE('',*,*,#3908,.T.);
#5315=ORIENTED_EDGE('',*,*,#3904,.F.);
#5316=ORIENTED_EDGE('',*,*,#3909,.F.);
#5317=ORIENTED_EDGE('',*,*,#3890,.T.);
#5318=ORIENTED_EDGE('',*,*,#3910,.T.);
#5319=ORIENTED_EDGE('',*,*,#3907,.F.);
#5320=ORIENTED_EDGE('',*,*,#3910,.F.);
#5321=ORIENTED_EDGE('',*,*,#3889,.F.);
#5322=ORIENTED_EDGE('',*,*,#3893,.F.);
#5323=ORIENTED_EDGE('',*,*,#3896,.F.);
#5324=ORIENTED_EDGE('',*,*,#3899,.F.);
#5325=ORIENTED_EDGE('',*,*,#3902,.F.);
#5326=ORIENTED_EDGE('',*,*,#3905,.F.);
#5327=ORIENTED_EDGE('',*,*,#3908,.F.);
#5328=ORIENTED_EDGE('',*,*,#3886,.F.);
#5329=ORIENTED_EDGE('',*,*,#3880,.F.);
#5330=ORIENTED_EDGE('',*,*,#3884,.F.);
#5331=ORIENTED_EDGE('',*,*,#3911,.F.);
#5332=ORIENTED_EDGE('',*,*,#3912,.T.);
#5333=ORIENTED_EDGE('',*,*,#3913,.T.);
#5334=ORIENTED_EDGE('',*,*,#3914,.F.);
#5335=ORIENTED_EDGE('',*,*,#3915,.F.);
#5336=ORIENTED_EDGE('',*,*,#3916,.T.);
#5337=ORIENTED_EDGE('',*,*,#3917,.T.);
#5338=ORIENTED_EDGE('',*,*,#3912,.F.);
#5339=ORIENTED_EDGE('',*,*,#3918,.F.);
#5340=ORIENTED_EDGE('',*,*,#3914,.T.);
#5341=ORIENTED_EDGE('',*,*,#3919,.T.);
#5342=ORIENTED_EDGE('',*,*,#3916,.F.);
#5343=ORIENTED_EDGE('',*,*,#3920,.F.);
#5344=ORIENTED_EDGE('',*,*,#3921,.T.);
#5345=ORIENTED_EDGE('',*,*,#3922,.T.);
#5346=ORIENTED_EDGE('',*,*,#3923,.F.);
#5347=ORIENTED_EDGE('',*,*,#3924,.F.);
#5348=ORIENTED_EDGE('',*,*,#3925,.T.);
#5349=ORIENTED_EDGE('',*,*,#3926,.T.);
#5350=ORIENTED_EDGE('',*,*,#3921,.F.);
#5351=ORIENTED_EDGE('',*,*,#3927,.F.);
#5352=ORIENTED_EDGE('',*,*,#3928,.T.);
#5353=ORIENTED_EDGE('',*,*,#3929,.T.);
#5354=ORIENTED_EDGE('',*,*,#3925,.F.);
#5355=ORIENTED_EDGE('',*,*,#3930,.F.);
#5356=ORIENTED_EDGE('',*,*,#3931,.T.);
#5357=ORIENTED_EDGE('',*,*,#3932,.T.);
#5358=ORIENTED_EDGE('',*,*,#3928,.F.);
#5359=ORIENTED_EDGE('',*,*,#3933,.F.);
#5360=ORIENTED_EDGE('',*,*,#3934,.T.);
#5361=ORIENTED_EDGE('',*,*,#3935,.T.);
#5362=ORIENTED_EDGE('',*,*,#3931,.F.);
#5363=ORIENTED_EDGE('',*,*,#3936,.F.);
#5364=ORIENTED_EDGE('',*,*,#3937,.T.);
#5365=ORIENTED_EDGE('',*,*,#3938,.T.);
#5366=ORIENTED_EDGE('',*,*,#3934,.F.);
#5367=ORIENTED_EDGE('',*,*,#3939,.F.);
#5368=ORIENTED_EDGE('',*,*,#3940,.T.);
#5369=ORIENTED_EDGE('',*,*,#3941,.T.);
#5370=ORIENTED_EDGE('',*,*,#3937,.F.);
#5371=ORIENTED_EDGE('',*,*,#3942,.F.);
#5372=ORIENTED_EDGE('',*,*,#3923,.T.);
#5373=ORIENTED_EDGE('',*,*,#3943,.T.);
#5374=ORIENTED_EDGE('',*,*,#3940,.F.);
#5375=ORIENTED_EDGE('',*,*,#3943,.F.);
#5376=ORIENTED_EDGE('',*,*,#3922,.F.);
#5377=ORIENTED_EDGE('',*,*,#3926,.F.);
#5378=ORIENTED_EDGE('',*,*,#3929,.F.);
#5379=ORIENTED_EDGE('',*,*,#3932,.F.);
#5380=ORIENTED_EDGE('',*,*,#3935,.F.);
#5381=ORIENTED_EDGE('',*,*,#3938,.F.);
#5382=ORIENTED_EDGE('',*,*,#3941,.F.);
#5383=ORIENTED_EDGE('',*,*,#3919,.F.);
#5384=ORIENTED_EDGE('',*,*,#3913,.F.);
#5385=ORIENTED_EDGE('',*,*,#3917,.F.);
#5386=ORIENTED_EDGE('',*,*,#3944,.F.);
#5387=ORIENTED_EDGE('',*,*,#3945,.T.);
#5388=ORIENTED_EDGE('',*,*,#3946,.T.);
#5389=ORIENTED_EDGE('',*,*,#3947,.F.);
#5390=ORIENTED_EDGE('',*,*,#3948,.F.);
#5391=ORIENTED_EDGE('',*,*,#3949,.T.);
#5392=ORIENTED_EDGE('',*,*,#3950,.T.);
#5393=ORIENTED_EDGE('',*,*,#3945,.F.);
#5394=ORIENTED_EDGE('',*,*,#3951,.F.);
#5395=ORIENTED_EDGE('',*,*,#3952,.T.);
#5396=ORIENTED_EDGE('',*,*,#3953,.T.);
#5397=ORIENTED_EDGE('',*,*,#3949,.F.);
#5398=ORIENTED_EDGE('',*,*,#3954,.F.);
#5399=ORIENTED_EDGE('',*,*,#3955,.T.);
#5400=ORIENTED_EDGE('',*,*,#3956,.T.);
#5401=ORIENTED_EDGE('',*,*,#3952,.F.);
#5402=ORIENTED_EDGE('',*,*,#3957,.F.);
#5403=ORIENTED_EDGE('',*,*,#3958,.T.);
#5404=ORIENTED_EDGE('',*,*,#3959,.T.);
#5405=ORIENTED_EDGE('',*,*,#3955,.F.);
#5406=ORIENTED_EDGE('',*,*,#3960,.F.);
#5407=ORIENTED_EDGE('',*,*,#3947,.T.);
#5408=ORIENTED_EDGE('',*,*,#3961,.T.);
#5409=ORIENTED_EDGE('',*,*,#3958,.F.);
#5410=ORIENTED_EDGE('',*,*,#3961,.F.);
#5411=ORIENTED_EDGE('',*,*,#3946,.F.);
#5412=ORIENTED_EDGE('',*,*,#3950,.F.);
#5413=ORIENTED_EDGE('',*,*,#3953,.F.);
#5414=ORIENTED_EDGE('',*,*,#3956,.F.);
#5415=ORIENTED_EDGE('',*,*,#3959,.F.);
#5416=ORIENTED_EDGE('',*,*,#3911,.T.);
#5417=ORIENTED_EDGE('',*,*,#3918,.T.);
#5418=ORIENTED_EDGE('',*,*,#3915,.T.);
#5419=ORIENTED_EDGE('',*,*,#3878,.T.);
#5420=ORIENTED_EDGE('',*,*,#3885,.T.);
#5421=ORIENTED_EDGE('',*,*,#3882,.T.);
#5422=ORIENTED_EDGE('',*,*,#3716,.T.);
#5423=ORIENTED_EDGE('',*,*,#3741,.T.);
#5424=ORIENTED_EDGE('',*,*,#3738,.T.);
#5425=ORIENTED_EDGE('',*,*,#3735,.T.);
#5426=ORIENTED_EDGE('',*,*,#3732,.T.);
#5427=ORIENTED_EDGE('',*,*,#3729,.T.);
#5428=ORIENTED_EDGE('',*,*,#3726,.T.);
#5429=ORIENTED_EDGE('',*,*,#3723,.T.);
#5430=ORIENTED_EDGE('',*,*,#3720,.T.);
#5431=ORIENTED_EDGE('',*,*,#3683,.T.);
#5432=ORIENTED_EDGE('',*,*,#3690,.T.);
#5433=ORIENTED_EDGE('',*,*,#3687,.T.);
#5434=ORIENTED_EDGE('',*,*,#3500,.T.);
#5435=ORIENTED_EDGE('',*,*,#3507,.T.);
#5436=ORIENTED_EDGE('',*,*,#3504,.T.);
#5437=ORIENTED_EDGE('',*,*,#3467,.T.);
#5438=ORIENTED_EDGE('',*,*,#3474,.T.);
#5439=ORIENTED_EDGE('',*,*,#3471,.T.);
#5440=ORIENTED_EDGE('',*,*,#3398,.T.);
#5441=ORIENTED_EDGE('',*,*,#3426,.T.);
#5442=ORIENTED_EDGE('',*,*,#3423,.T.);
#5443=ORIENTED_EDGE('',*,*,#3420,.T.);
#5444=ORIENTED_EDGE('',*,*,#3417,.T.);
#5445=ORIENTED_EDGE('',*,*,#3414,.T.);
#5446=ORIENTED_EDGE('',*,*,#3411,.T.);
#5447=ORIENTED_EDGE('',*,*,#3408,.T.);
#5448=ORIENTED_EDGE('',*,*,#3405,.T.);
#5449=ORIENTED_EDGE('',*,*,#3402,.T.);
#5450=ORIENTED_EDGE('',*,*,#3317,.T.);
#5451=ORIENTED_EDGE('',*,*,#3324,.T.);
#5452=ORIENTED_EDGE('',*,*,#3321,.T.);
#5453=ORIENTED_EDGE('',*,*,#3962,.T.);
#5454=ORIENTED_EDGE('',*,*,#3963,.T.);
#5455=ORIENTED_EDGE('',*,*,#3964,.T.);
#5456=ORIENTED_EDGE('',*,*,#3965,.T.);
#5457=ORIENTED_EDGE('',*,*,#3965,.F.);
#5458=ORIENTED_EDGE('',*,*,#3966,.F.);
#5459=ORIENTED_EDGE('',*,*,#3967,.F.);
#5460=ORIENTED_EDGE('',*,*,#3968,.F.);
#5461=ORIENTED_EDGE('',*,*,#3964,.F.);
#5462=ORIENTED_EDGE('',*,*,#3969,.T.);
#5463=ORIENTED_EDGE('',*,*,#3970,.F.);
#5464=ORIENTED_EDGE('',*,*,#3971,.F.);
#5465=ORIENTED_EDGE('',*,*,#3972,.F.);
#5466=ORIENTED_EDGE('',*,*,#3973,.T.);
#5467=ORIENTED_EDGE('',*,*,#3974,.F.);
#5468=ORIENTED_EDGE('',*,*,#3975,.T.);
#5469=ORIENTED_EDGE('',*,*,#3976,.F.);
#5470=ORIENTED_EDGE('',*,*,#3977,.T.);
#5471=ORIENTED_EDGE('',*,*,#3978,.F.);
#5472=ORIENTED_EDGE('',*,*,#3966,.T.);
#5473=ORIENTED_EDGE('',*,*,#3979,.F.);
#5474=ORIENTED_EDGE('',*,*,#3980,.F.);
#5475=ORIENTED_EDGE('',*,*,#3981,.F.);
#5476=ORIENTED_EDGE('',*,*,#3982,.F.);
#5477=ORIENTED_EDGE('',*,*,#3983,.F.);
#5478=ORIENTED_EDGE('',*,*,#3984,.F.);
#5479=ORIENTED_EDGE('',*,*,#3985,.F.);
#5480=ORIENTED_EDGE('',*,*,#3986,.F.);
#5481=ORIENTED_EDGE('',*,*,#3987,.F.);
#5482=ORIENTED_EDGE('',*,*,#3988,.F.);
#5483=ORIENTED_EDGE('',*,*,#3989,.F.);
#5484=ORIENTED_EDGE('',*,*,#3990,.F.);
#5485=ORIENTED_EDGE('',*,*,#3991,.F.);
#5486=ORIENTED_EDGE('',*,*,#3992,.F.);
#5487=ORIENTED_EDGE('',*,*,#3993,.F.);
#5488=ORIENTED_EDGE('',*,*,#3994,.F.);
#5489=ORIENTED_EDGE('',*,*,#3995,.F.);
#5490=ORIENTED_EDGE('',*,*,#3996,.F.);
#5491=ORIENTED_EDGE('',*,*,#3997,.F.);
#5492=ORIENTED_EDGE('',*,*,#3998,.F.);
#5493=ORIENTED_EDGE('',*,*,#3999,.F.);
#5494=ORIENTED_EDGE('',*,*,#4000,.F.);
#5495=ORIENTED_EDGE('',*,*,#4001,.F.);
#5496=ORIENTED_EDGE('',*,*,#4002,.F.);
#5497=ORIENTED_EDGE('',*,*,#4003,.F.);
#5498=ORIENTED_EDGE('',*,*,#4004,.F.);
#5499=ORIENTED_EDGE('',*,*,#4005,.F.);
#5500=ORIENTED_EDGE('',*,*,#4006,.F.);
#5501=ORIENTED_EDGE('',*,*,#4007,.F.);
#5502=ORIENTED_EDGE('',*,*,#4008,.F.);
#5503=ORIENTED_EDGE('',*,*,#4009,.F.);
#5504=ORIENTED_EDGE('',*,*,#4010,.F.);
#5505=ORIENTED_EDGE('',*,*,#4011,.F.);
#5506=ORIENTED_EDGE('',*,*,#4012,.F.);
#5507=ORIENTED_EDGE('',*,*,#4013,.F.);
#5508=ORIENTED_EDGE('',*,*,#4014,.F.);
#5509=ORIENTED_EDGE('',*,*,#4015,.T.);
#5510=ORIENTED_EDGE('',*,*,#4016,.T.);
#5511=ORIENTED_EDGE('',*,*,#3976,.T.);
#5512=ORIENTED_EDGE('',*,*,#4017,.T.);
#5513=ORIENTED_EDGE('',*,*,#4016,.F.);
#5514=ORIENTED_EDGE('',*,*,#4018,.F.);
#5515=ORIENTED_EDGE('',*,*,#4019,.F.);
#5516=ORIENTED_EDGE('',*,*,#3977,.F.);
#5517=ORIENTED_EDGE('',*,*,#4020,.T.);
#5518=ORIENTED_EDGE('',*,*,#3967,.T.);
#5519=ORIENTED_EDGE('',*,*,#3978,.T.);
#5520=ORIENTED_EDGE('',*,*,#4019,.T.);
#5521=ORIENTED_EDGE('',*,*,#4021,.T.);
#5522=ORIENTED_EDGE('',*,*,#4022,.T.);
#5523=ORIENTED_EDGE('',*,*,#3974,.T.);
#5524=ORIENTED_EDGE('',*,*,#4023,.T.);
#5525=ORIENTED_EDGE('',*,*,#4017,.F.);
#5526=ORIENTED_EDGE('',*,*,#3975,.F.);
#5527=ORIENTED_EDGE('',*,*,#4022,.F.);
#5528=ORIENTED_EDGE('',*,*,#4024,.F.);
#5529=ORIENTED_EDGE('',*,*,#4025,.F.);
#5530=ORIENTED_EDGE('',*,*,#4026,.T.);
#5531=ORIENTED_EDGE('',*,*,#4014,.T.);
#5532=ORIENTED_EDGE('',*,*,#4026,.F.);
#5533=ORIENTED_EDGE('',*,*,#4007,.T.);
#5534=ORIENTED_EDGE('',*,*,#4027,.T.);
#5535=ORIENTED_EDGE('',*,*,#4028,.F.);
#5536=ORIENTED_EDGE('',*,*,#4029,.F.);
#5537=ORIENTED_EDGE('',*,*,#4008,.T.);
#5538=ORIENTED_EDGE('',*,*,#4029,.T.);
#5539=ORIENTED_EDGE('',*,*,#4030,.F.);
#5540=ORIENTED_EDGE('',*,*,#4031,.F.);
#5541=ORIENTED_EDGE('',*,*,#4009,.T.);
#5542=ORIENTED_EDGE('',*,*,#4031,.T.);
#5543=ORIENTED_EDGE('',*,*,#4032,.F.);
#5544=ORIENTED_EDGE('',*,*,#4033,.F.);
#5545=ORIENTED_EDGE('',*,*,#4010,.T.);
#5546=ORIENTED_EDGE('',*,*,#4033,.T.);
#5547=ORIENTED_EDGE('',*,*,#4034,.F.);
#5548=ORIENTED_EDGE('',*,*,#4035,.F.);
#5549=ORIENTED_EDGE('',*,*,#4011,.T.);
#5550=ORIENTED_EDGE('',*,*,#4035,.T.);
#5551=ORIENTED_EDGE('',*,*,#4036,.F.);
#5552=ORIENTED_EDGE('',*,*,#4037,.F.);
#5553=ORIENTED_EDGE('',*,*,#4012,.T.);
#5554=ORIENTED_EDGE('',*,*,#4037,.T.);
#5555=ORIENTED_EDGE('',*,*,#4038,.F.);
#5556=ORIENTED_EDGE('',*,*,#4039,.F.);
#5557=ORIENTED_EDGE('',*,*,#4013,.T.);
#5558=ORIENTED_EDGE('',*,*,#4039,.T.);
#5559=ORIENTED_EDGE('',*,*,#4040,.F.);
#5560=ORIENTED_EDGE('',*,*,#4041,.F.);
#5561=ORIENTED_EDGE('',*,*,#4006,.T.);
#5562=ORIENTED_EDGE('',*,*,#4041,.T.);
#5563=ORIENTED_EDGE('',*,*,#4042,.F.);
#5564=ORIENTED_EDGE('',*,*,#4027,.F.);
#5565=ORIENTED_EDGE('',*,*,#3999,.T.);
#5566=ORIENTED_EDGE('',*,*,#4043,.T.);
#5567=ORIENTED_EDGE('',*,*,#4044,.F.);
#5568=ORIENTED_EDGE('',*,*,#4045,.F.);
#5569=ORIENTED_EDGE('',*,*,#4000,.T.);
#5570=ORIENTED_EDGE('',*,*,#4045,.T.);
#5571=ORIENTED_EDGE('',*,*,#4046,.F.);
#5572=ORIENTED_EDGE('',*,*,#4047,.F.);
#5573=ORIENTED_EDGE('',*,*,#4001,.T.);
#5574=ORIENTED_EDGE('',*,*,#4047,.T.);
#5575=ORIENTED_EDGE('',*,*,#4048,.F.);
#5576=ORIENTED_EDGE('',*,*,#4049,.F.);
#5577=ORIENTED_EDGE('',*,*,#4002,.T.);
#5578=ORIENTED_EDGE('',*,*,#4049,.T.);
#5579=ORIENTED_EDGE('',*,*,#4050,.F.);
#5580=ORIENTED_EDGE('',*,*,#4051,.F.);
#5581=ORIENTED_EDGE('',*,*,#4003,.T.);
#5582=ORIENTED_EDGE('',*,*,#4051,.T.);
#5583=ORIENTED_EDGE('',*,*,#4052,.F.);
#5584=ORIENTED_EDGE('',*,*,#4053,.F.);
#5585=ORIENTED_EDGE('',*,*,#4004,.T.);
#5586=ORIENTED_EDGE('',*,*,#4053,.T.);
#5587=ORIENTED_EDGE('',*,*,#4054,.F.);
#5588=ORIENTED_EDGE('',*,*,#4055,.F.);
#5589=ORIENTED_EDGE('',*,*,#4005,.T.);
#5590=ORIENTED_EDGE('',*,*,#4055,.T.);
#5591=ORIENTED_EDGE('',*,*,#4056,.F.);
#5592=ORIENTED_EDGE('',*,*,#4057,.F.);
#5593=ORIENTED_EDGE('',*,*,#3998,.T.);
#5594=ORIENTED_EDGE('',*,*,#4057,.T.);
#5595=ORIENTED_EDGE('',*,*,#4058,.F.);
#5596=ORIENTED_EDGE('',*,*,#4043,.F.);
#5597=ORIENTED_EDGE('',*,*,#4059,.F.);
#5598=ORIENTED_EDGE('',*,*,#4060,.T.);
#5599=ORIENTED_EDGE('',*,*,#3997,.T.);
#5600=ORIENTED_EDGE('',*,*,#4060,.F.);
#5601=ORIENTED_EDGE('',*,*,#3990,.T.);
#5602=ORIENTED_EDGE('',*,*,#4061,.T.);
#5603=ORIENTED_EDGE('',*,*,#4062,.F.);
#5604=ORIENTED_EDGE('',*,*,#4063,.F.);
#5605=ORIENTED_EDGE('',*,*,#3991,.T.);
#5606=ORIENTED_EDGE('',*,*,#4063,.T.);
#5607=ORIENTED_EDGE('',*,*,#4064,.F.);
#5608=ORIENTED_EDGE('',*,*,#4065,.F.);
#5609=ORIENTED_EDGE('',*,*,#3992,.T.);
#5610=ORIENTED_EDGE('',*,*,#4065,.T.);
#5611=ORIENTED_EDGE('',*,*,#4066,.F.);
#5612=ORIENTED_EDGE('',*,*,#4067,.F.);
#5613=ORIENTED_EDGE('',*,*,#3993,.T.);
#5614=ORIENTED_EDGE('',*,*,#4067,.T.);
#5615=ORIENTED_EDGE('',*,*,#4068,.F.);
#5616=ORIENTED_EDGE('',*,*,#4069,.F.);
#5617=ORIENTED_EDGE('',*,*,#3994,.T.);
#5618=ORIENTED_EDGE('',*,*,#4069,.T.);
#5619=ORIENTED_EDGE('',*,*,#4070,.F.);
#5620=ORIENTED_EDGE('',*,*,#4071,.F.);
#5621=ORIENTED_EDGE('',*,*,#3995,.T.);
#5622=ORIENTED_EDGE('',*,*,#4071,.T.);
#5623=ORIENTED_EDGE('',*,*,#4072,.F.);
#5624=ORIENTED_EDGE('',*,*,#4073,.F.);
#5625=ORIENTED_EDGE('',*,*,#3996,.T.);
#5626=ORIENTED_EDGE('',*,*,#4073,.T.);
#5627=ORIENTED_EDGE('',*,*,#4074,.F.);
#5628=ORIENTED_EDGE('',*,*,#4075,.F.);
#5629=ORIENTED_EDGE('',*,*,#3989,.T.);
#5630=ORIENTED_EDGE('',*,*,#4075,.T.);
#5631=ORIENTED_EDGE('',*,*,#4076,.F.);
#5632=ORIENTED_EDGE('',*,*,#4061,.F.);
#5633=ORIENTED_EDGE('',*,*,#4077,.F.);
#5634=ORIENTED_EDGE('',*,*,#4078,.T.);
#5635=ORIENTED_EDGE('',*,*,#3988,.T.);
#5636=ORIENTED_EDGE('',*,*,#4078,.F.);
#5637=ORIENTED_EDGE('',*,*,#4079,.F.);
#5638=ORIENTED_EDGE('',*,*,#4080,.T.);
#5639=ORIENTED_EDGE('',*,*,#3987,.T.);
#5640=ORIENTED_EDGE('',*,*,#4080,.F.);
#5641=ORIENTED_EDGE('',*,*,#3980,.T.);
#5642=ORIENTED_EDGE('',*,*,#4081,.T.);
#5643=ORIENTED_EDGE('',*,*,#4082,.F.);
#5644=ORIENTED_EDGE('',*,*,#4083,.F.);
#5645=ORIENTED_EDGE('',*,*,#3981,.T.);
#5646=ORIENTED_EDGE('',*,*,#4083,.T.);
#5647=ORIENTED_EDGE('',*,*,#4084,.F.);
#5648=ORIENTED_EDGE('',*,*,#4085,.F.);
#5649=ORIENTED_EDGE('',*,*,#3982,.T.);
#5650=ORIENTED_EDGE('',*,*,#4085,.T.);
#5651=ORIENTED_EDGE('',*,*,#4086,.F.);
#5652=ORIENTED_EDGE('',*,*,#4087,.F.);
#5653=ORIENTED_EDGE('',*,*,#3983,.T.);
#5654=ORIENTED_EDGE('',*,*,#4087,.T.);
#5655=ORIENTED_EDGE('',*,*,#4088,.F.);
#5656=ORIENTED_EDGE('',*,*,#4089,.F.);
#5657=ORIENTED_EDGE('',*,*,#3984,.T.);
#5658=ORIENTED_EDGE('',*,*,#4089,.T.);
#5659=ORIENTED_EDGE('',*,*,#4090,.F.);
#5660=ORIENTED_EDGE('',*,*,#4091,.F.);
#5661=ORIENTED_EDGE('',*,*,#3985,.T.);
#5662=ORIENTED_EDGE('',*,*,#4091,.T.);
#5663=ORIENTED_EDGE('',*,*,#4092,.F.);
#5664=ORIENTED_EDGE('',*,*,#4093,.F.);
#5665=ORIENTED_EDGE('',*,*,#3986,.T.);
#5666=ORIENTED_EDGE('',*,*,#4093,.T.);
#5667=ORIENTED_EDGE('',*,*,#4094,.F.);
#5668=ORIENTED_EDGE('',*,*,#4095,.F.);
#5669=ORIENTED_EDGE('',*,*,#3979,.T.);
#5670=ORIENTED_EDGE('',*,*,#4095,.T.);
#5671=ORIENTED_EDGE('',*,*,#4096,.F.);
#5672=ORIENTED_EDGE('',*,*,#4081,.F.);
#5673=ORIENTED_EDGE('',*,*,#4023,.F.);
#5674=ORIENTED_EDGE('',*,*,#3973,.F.);
#5675=ORIENTED_EDGE('',*,*,#4097,.T.);
#5676=ORIENTED_EDGE('',*,*,#4098,.F.);
#5677=ORIENTED_EDGE('',*,*,#3963,.F.);
#5678=ORIENTED_EDGE('',*,*,#4099,.F.);
#5679=ORIENTED_EDGE('',*,*,#4100,.F.);
#5680=ORIENTED_EDGE('',*,*,#3969,.F.);
#5681=ORIENTED_EDGE('',*,*,#3970,.T.);
#5682=ORIENTED_EDGE('',*,*,#4100,.T.);
#5683=ORIENTED_EDGE('',*,*,#4101,.F.);
#5684=ORIENTED_EDGE('',*,*,#4102,.F.);
#5685=ORIENTED_EDGE('',*,*,#3971,.T.);
#5686=ORIENTED_EDGE('',*,*,#4102,.T.);
#5687=ORIENTED_EDGE('',*,*,#4103,.F.);
#5688=ORIENTED_EDGE('',*,*,#4104,.F.);
#5689=ORIENTED_EDGE('',*,*,#3972,.T.);
#5690=ORIENTED_EDGE('',*,*,#4104,.T.);
#5691=ORIENTED_EDGE('',*,*,#4105,.F.);
#5692=ORIENTED_EDGE('',*,*,#4097,.F.);
#5693=ORIENTED_EDGE('',*,*,#3962,.F.);
#5694=ORIENTED_EDGE('',*,*,#3968,.T.);
#5695=ORIENTED_EDGE('',*,*,#4020,.F.);
#5696=ORIENTED_EDGE('',*,*,#4018,.T.);
#5697=ORIENTED_EDGE('',*,*,#4015,.F.);
#5698=ORIENTED_EDGE('',*,*,#4024,.T.);
#5699=ORIENTED_EDGE('',*,*,#4021,.F.);
#5700=ORIENTED_EDGE('',*,*,#4098,.T.);
#5701=ORIENTED_EDGE('',*,*,#4105,.T.);
#5702=ORIENTED_EDGE('',*,*,#4103,.T.);
#5703=ORIENTED_EDGE('',*,*,#4101,.T.);
#5704=ORIENTED_EDGE('',*,*,#4099,.T.);
#5705=ORIENTED_EDGE('',*,*,#4025,.T.);
#5706=ORIENTED_EDGE('',*,*,#4042,.T.);
#5707=ORIENTED_EDGE('',*,*,#4040,.T.);
#5708=ORIENTED_EDGE('',*,*,#4038,.T.);
#5709=ORIENTED_EDGE('',*,*,#4036,.T.);
#5710=ORIENTED_EDGE('',*,*,#4034,.T.);
#5711=ORIENTED_EDGE('',*,*,#4032,.T.);
#5712=ORIENTED_EDGE('',*,*,#4030,.T.);
#5713=ORIENTED_EDGE('',*,*,#4028,.T.);
#5714=ORIENTED_EDGE('',*,*,#4058,.T.);
#5715=ORIENTED_EDGE('',*,*,#4056,.T.);
#5716=ORIENTED_EDGE('',*,*,#4054,.T.);
#5717=ORIENTED_EDGE('',*,*,#4052,.T.);
#5718=ORIENTED_EDGE('',*,*,#4050,.T.);
#5719=ORIENTED_EDGE('',*,*,#4048,.T.);
#5720=ORIENTED_EDGE('',*,*,#4046,.T.);
#5721=ORIENTED_EDGE('',*,*,#4044,.T.);
#5722=ORIENTED_EDGE('',*,*,#4059,.T.);
#5723=ORIENTED_EDGE('',*,*,#4076,.T.);
#5724=ORIENTED_EDGE('',*,*,#4074,.T.);
#5725=ORIENTED_EDGE('',*,*,#4072,.T.);
#5726=ORIENTED_EDGE('',*,*,#4070,.T.);
#5727=ORIENTED_EDGE('',*,*,#4068,.T.);
#5728=ORIENTED_EDGE('',*,*,#4066,.T.);
#5729=ORIENTED_EDGE('',*,*,#4064,.T.);
#5730=ORIENTED_EDGE('',*,*,#4062,.T.);
#5731=ORIENTED_EDGE('',*,*,#4077,.T.);
#5732=ORIENTED_EDGE('',*,*,#4079,.T.);
#5733=ORIENTED_EDGE('',*,*,#4096,.T.);
#5734=ORIENTED_EDGE('',*,*,#4094,.T.);
#5735=ORIENTED_EDGE('',*,*,#4092,.T.);
#5736=ORIENTED_EDGE('',*,*,#4090,.T.);
#5737=ORIENTED_EDGE('',*,*,#4088,.T.);
#5738=ORIENTED_EDGE('',*,*,#4086,.T.);
#5739=ORIENTED_EDGE('',*,*,#4084,.T.);
#5740=ORIENTED_EDGE('',*,*,#4082,.T.);
#5741=ORIENTED_EDGE('',*,*,#3944,.T.);
#5742=ORIENTED_EDGE('',*,*,#3960,.T.);
#5743=ORIENTED_EDGE('',*,*,#3957,.T.);
#5744=ORIENTED_EDGE('',*,*,#3954,.T.);
#5745=ORIENTED_EDGE('',*,*,#3951,.T.);
#5746=ORIENTED_EDGE('',*,*,#3948,.T.);
#5747=ORIENTED_EDGE('',*,*,#3920,.T.);
#5748=ORIENTED_EDGE('',*,*,#3942,.T.);
#5749=ORIENTED_EDGE('',*,*,#3939,.T.);
#5750=ORIENTED_EDGE('',*,*,#3936,.T.);
#5751=ORIENTED_EDGE('',*,*,#3933,.T.);
#5752=ORIENTED_EDGE('',*,*,#3930,.T.);
#5753=ORIENTED_EDGE('',*,*,#3927,.T.);
#5754=ORIENTED_EDGE('',*,*,#3924,.T.);
#5755=ORIENTED_EDGE('',*,*,#3887,.T.);
#5756=ORIENTED_EDGE('',*,*,#3909,.T.);
#5757=ORIENTED_EDGE('',*,*,#3906,.T.);
#5758=ORIENTED_EDGE('',*,*,#3903,.T.);
#5759=ORIENTED_EDGE('',*,*,#3900,.T.);
#5760=ORIENTED_EDGE('',*,*,#3897,.T.);
#5761=ORIENTED_EDGE('',*,*,#3894,.T.);
#5762=ORIENTED_EDGE('',*,*,#3891,.T.);
#5763=ORIENTED_EDGE('',*,*,#3842,.T.);
#5764=ORIENTED_EDGE('',*,*,#3876,.T.);
#5765=ORIENTED_EDGE('',*,*,#3873,.T.);
#5766=ORIENTED_EDGE('',*,*,#3870,.T.);
#5767=ORIENTED_EDGE('',*,*,#3867,.T.);
#5768=ORIENTED_EDGE('',*,*,#3864,.T.);
#5769=ORIENTED_EDGE('',*,*,#3861,.T.);
#5770=ORIENTED_EDGE('',*,*,#3858,.T.);
#5771=ORIENTED_EDGE('',*,*,#3855,.T.);
#5772=ORIENTED_EDGE('',*,*,#3852,.T.);
#5773=ORIENTED_EDGE('',*,*,#3849,.T.);
#5774=ORIENTED_EDGE('',*,*,#3846,.T.);
#5775=ORIENTED_EDGE('',*,*,#3782,.T.);
#5776=ORIENTED_EDGE('',*,*,#3840,.T.);
#5777=ORIENTED_EDGE('',*,*,#3837,.T.);
#5778=ORIENTED_EDGE('',*,*,#3834,.T.);
#5779=ORIENTED_EDGE('',*,*,#3831,.T.);
#5780=ORIENTED_EDGE('',*,*,#3828,.T.);
#5781=ORIENTED_EDGE('',*,*,#3825,.T.);
#5782=ORIENTED_EDGE('',*,*,#3822,.T.);
#5783=ORIENTED_EDGE('',*,*,#3819,.T.);
#5784=ORIENTED_EDGE('',*,*,#3816,.T.);
#5785=ORIENTED_EDGE('',*,*,#3813,.T.);
#5786=ORIENTED_EDGE('',*,*,#3810,.T.);
#5787=ORIENTED_EDGE('',*,*,#3807,.T.);
#5788=ORIENTED_EDGE('',*,*,#3804,.T.);
#5789=ORIENTED_EDGE('',*,*,#3801,.T.);
#5790=ORIENTED_EDGE('',*,*,#3798,.T.);
#5791=ORIENTED_EDGE('',*,*,#3795,.T.);
#5792=ORIENTED_EDGE('',*,*,#3792,.T.);
#5793=ORIENTED_EDGE('',*,*,#3789,.T.);
#5794=ORIENTED_EDGE('',*,*,#3786,.T.);
#5795=ORIENTED_EDGE('',*,*,#3743,.T.);
#5796=ORIENTED_EDGE('',*,*,#3780,.T.);
#5797=ORIENTED_EDGE('',*,*,#3777,.T.);
#5798=ORIENTED_EDGE('',*,*,#3774,.T.);
#5799=ORIENTED_EDGE('',*,*,#3771,.T.);
#5800=ORIENTED_EDGE('',*,*,#3768,.T.);
#5801=ORIENTED_EDGE('',*,*,#3765,.T.);
#5802=ORIENTED_EDGE('',*,*,#3762,.T.);
#5803=ORIENTED_EDGE('',*,*,#3759,.T.);
#5804=ORIENTED_EDGE('',*,*,#3756,.T.);
#5805=ORIENTED_EDGE('',*,*,#3753,.T.);
#5806=ORIENTED_EDGE('',*,*,#3750,.T.);
#5807=ORIENTED_EDGE('',*,*,#3747,.T.);
#5808=ORIENTED_EDGE('',*,*,#3692,.T.);
#5809=ORIENTED_EDGE('',*,*,#3714,.T.);
#5810=ORIENTED_EDGE('',*,*,#3711,.T.);
#5811=ORIENTED_EDGE('',*,*,#3708,.T.);
#5812=ORIENTED_EDGE('',*,*,#3705,.T.);
#5813=ORIENTED_EDGE('',*,*,#3702,.T.);
#5814=ORIENTED_EDGE('',*,*,#3699,.T.);
#5815=ORIENTED_EDGE('',*,*,#3696,.T.);
#5816=ORIENTED_EDGE('',*,*,#3647,.T.);
#5817=ORIENTED_EDGE('',*,*,#3681,.T.);
#5818=ORIENTED_EDGE('',*,*,#3678,.T.);
#5819=ORIENTED_EDGE('',*,*,#3675,.T.);
#5820=ORIENTED_EDGE('',*,*,#3672,.T.);
#5821=ORIENTED_EDGE('',*,*,#3669,.T.);
#5822=ORIENTED_EDGE('',*,*,#3666,.T.);
#5823=ORIENTED_EDGE('',*,*,#3663,.T.);
#5824=ORIENTED_EDGE('',*,*,#3660,.T.);
#5825=ORIENTED_EDGE('',*,*,#3657,.T.);
#5826=ORIENTED_EDGE('',*,*,#3654,.T.);
#5827=ORIENTED_EDGE('',*,*,#3651,.T.);
#5828=ORIENTED_EDGE('',*,*,#3611,.T.);
#5829=ORIENTED_EDGE('',*,*,#3645,.T.);
#5830=ORIENTED_EDGE('',*,*,#3642,.T.);
#5831=ORIENTED_EDGE('',*,*,#3639,.T.);
#5832=ORIENTED_EDGE('',*,*,#3636,.T.);
#5833=ORIENTED_EDGE('',*,*,#3633,.T.);
#5834=ORIENTED_EDGE('',*,*,#3630,.T.);
#5835=ORIENTED_EDGE('',*,*,#3627,.T.);
#5836=ORIENTED_EDGE('',*,*,#3624,.T.);
#5837=ORIENTED_EDGE('',*,*,#3621,.T.);
#5838=ORIENTED_EDGE('',*,*,#3618,.T.);
#5839=ORIENTED_EDGE('',*,*,#3615,.T.);
#5840=ORIENTED_EDGE('',*,*,#3593,.T.);
#5841=ORIENTED_EDGE('',*,*,#3609,.T.);
#5842=ORIENTED_EDGE('',*,*,#3606,.T.);
#5843=ORIENTED_EDGE('',*,*,#3603,.T.);
#5844=ORIENTED_EDGE('',*,*,#3600,.T.);
#5845=ORIENTED_EDGE('',*,*,#3597,.T.);
#5846=ORIENTED_EDGE('',*,*,#3575,.T.);
#5847=ORIENTED_EDGE('',*,*,#3591,.T.);
#5848=ORIENTED_EDGE('',*,*,#3588,.T.);
#5849=ORIENTED_EDGE('',*,*,#3585,.T.);
#5850=ORIENTED_EDGE('',*,*,#3582,.T.);
#5851=ORIENTED_EDGE('',*,*,#3579,.T.);
#5852=ORIENTED_EDGE('',*,*,#3557,.T.);
#5853=ORIENTED_EDGE('',*,*,#3573,.T.);
#5854=ORIENTED_EDGE('',*,*,#3570,.T.);
#5855=ORIENTED_EDGE('',*,*,#3567,.T.);
#5856=ORIENTED_EDGE('',*,*,#3564,.T.);
#5857=ORIENTED_EDGE('',*,*,#3561,.T.);
#5858=ORIENTED_EDGE('',*,*,#3545,.T.);
#5859=ORIENTED_EDGE('',*,*,#3555,.T.);
#5860=ORIENTED_EDGE('',*,*,#3552,.T.);
#5861=ORIENTED_EDGE('',*,*,#3549,.T.);
#5862=ORIENTED_EDGE('',*,*,#3533,.T.);
#5863=ORIENTED_EDGE('',*,*,#3543,.T.);
#5864=ORIENTED_EDGE('',*,*,#3540,.T.);
#5865=ORIENTED_EDGE('',*,*,#3537,.T.);
#5866=ORIENTED_EDGE('',*,*,#3509,.T.);
#5867=ORIENTED_EDGE('',*,*,#3531,.T.);
#5868=ORIENTED_EDGE('',*,*,#3528,.T.);
#5869=ORIENTED_EDGE('',*,*,#3525,.T.);
#5870=ORIENTED_EDGE('',*,*,#3522,.T.);
#5871=ORIENTED_EDGE('',*,*,#3519,.T.);
#5872=ORIENTED_EDGE('',*,*,#3516,.T.);
#5873=ORIENTED_EDGE('',*,*,#3513,.T.);
#5874=ORIENTED_EDGE('',*,*,#3476,.T.);
#5875=ORIENTED_EDGE('',*,*,#3498,.T.);
#5876=ORIENTED_EDGE('',*,*,#3495,.T.);
#5877=ORIENTED_EDGE('',*,*,#3492,.T.);
#5878=ORIENTED_EDGE('',*,*,#3489,.T.);
#5879=ORIENTED_EDGE('',*,*,#3486,.T.);
#5880=ORIENTED_EDGE('',*,*,#3483,.T.);
#5881=ORIENTED_EDGE('',*,*,#3480,.T.);
#5882=ORIENTED_EDGE('',*,*,#3428,.T.);
#5883=ORIENTED_EDGE('',*,*,#3465,.T.);
#5884=ORIENTED_EDGE('',*,*,#3462,.T.);
#5885=ORIENTED_EDGE('',*,*,#3459,.T.);
#5886=ORIENTED_EDGE('',*,*,#3456,.T.);
#5887=ORIENTED_EDGE('',*,*,#3453,.T.);
#5888=ORIENTED_EDGE('',*,*,#3450,.T.);
#5889=ORIENTED_EDGE('',*,*,#3447,.T.);
#5890=ORIENTED_EDGE('',*,*,#3444,.T.);
#5891=ORIENTED_EDGE('',*,*,#3441,.T.);
#5892=ORIENTED_EDGE('',*,*,#3438,.T.);
#5893=ORIENTED_EDGE('',*,*,#3435,.T.);
#5894=ORIENTED_EDGE('',*,*,#3432,.T.);
#5895=ORIENTED_EDGE('',*,*,#3386,.T.);
#5896=ORIENTED_EDGE('',*,*,#3396,.T.);
#5897=ORIENTED_EDGE('',*,*,#3393,.T.);
#5898=ORIENTED_EDGE('',*,*,#3390,.T.);
#5899=ORIENTED_EDGE('',*,*,#3350,.T.);
#5900=ORIENTED_EDGE('',*,*,#3384,.T.);
#5901=ORIENTED_EDGE('',*,*,#3381,.T.);
#5902=ORIENTED_EDGE('',*,*,#3378,.T.);
#5903=ORIENTED_EDGE('',*,*,#3375,.T.);
#5904=ORIENTED_EDGE('',*,*,#3372,.T.);
#5905=ORIENTED_EDGE('',*,*,#3369,.T.);
#5906=ORIENTED_EDGE('',*,*,#3366,.T.);
#5907=ORIENTED_EDGE('',*,*,#3363,.T.);
#5908=ORIENTED_EDGE('',*,*,#3360,.T.);
#5909=ORIENTED_EDGE('',*,*,#3357,.T.);
#5910=ORIENTED_EDGE('',*,*,#3354,.T.);
#5911=ORIENTED_EDGE('',*,*,#3326,.T.);
#5912=ORIENTED_EDGE('',*,*,#3348,.T.);
#5913=ORIENTED_EDGE('',*,*,#3345,.T.);
#5914=ORIENTED_EDGE('',*,*,#3342,.T.);
#5915=ORIENTED_EDGE('',*,*,#3339,.T.);
#5916=ORIENTED_EDGE('',*,*,#3336,.T.);
#5917=ORIENTED_EDGE('',*,*,#3333,.T.);
#5918=ORIENTED_EDGE('',*,*,#3330,.T.);
#5919=ORIENTED_EDGE('',*,*,#3233,.T.);
#5920=ORIENTED_EDGE('',*,*,#3315,.T.);
#5921=ORIENTED_EDGE('',*,*,#3312,.T.);
#5922=ORIENTED_EDGE('',*,*,#3309,.T.);
#5923=ORIENTED_EDGE('',*,*,#3306,.T.);
#5924=ORIENTED_EDGE('',*,*,#3303,.T.);
#5925=ORIENTED_EDGE('',*,*,#3300,.T.);
#5926=ORIENTED_EDGE('',*,*,#3297,.T.);
#5927=ORIENTED_EDGE('',*,*,#3294,.T.);
#5928=ORIENTED_EDGE('',*,*,#3291,.T.);
#5929=ORIENTED_EDGE('',*,*,#3288,.T.);
#5930=ORIENTED_EDGE('',*,*,#3285,.T.);
#5931=ORIENTED_EDGE('',*,*,#3282,.T.);
#5932=ORIENTED_EDGE('',*,*,#3279,.T.);
#5933=ORIENTED_EDGE('',*,*,#3276,.T.);
#5934=ORIENTED_EDGE('',*,*,#3273,.T.);
#5935=ORIENTED_EDGE('',*,*,#3270,.T.);
#5936=ORIENTED_EDGE('',*,*,#3267,.T.);
#5937=ORIENTED_EDGE('',*,*,#3264,.T.);
#5938=ORIENTED_EDGE('',*,*,#3261,.T.);
#5939=ORIENTED_EDGE('',*,*,#3258,.T.);
#5940=ORIENTED_EDGE('',*,*,#3255,.T.);
#5941=ORIENTED_EDGE('',*,*,#3252,.T.);
#5942=ORIENTED_EDGE('',*,*,#3249,.T.);
#5943=ORIENTED_EDGE('',*,*,#3246,.T.);
#5944=ORIENTED_EDGE('',*,*,#3243,.T.);
#5945=ORIENTED_EDGE('',*,*,#3240,.T.);
#5946=ORIENTED_EDGE('',*,*,#3237,.T.);
#5947=ORIENTED_EDGE('',*,*,#3194,.T.);
#5948=ORIENTED_EDGE('',*,*,#3231,.T.);
#5949=ORIENTED_EDGE('',*,*,#3228,.T.);
#5950=ORIENTED_EDGE('',*,*,#3225,.T.);
#5951=ORIENTED_EDGE('',*,*,#3222,.T.);
#5952=ORIENTED_EDGE('',*,*,#3219,.T.);
#5953=ORIENTED_EDGE('',*,*,#3216,.T.);
#5954=ORIENTED_EDGE('',*,*,#3213,.T.);
#5955=ORIENTED_EDGE('',*,*,#3210,.T.);
#5956=ORIENTED_EDGE('',*,*,#3207,.T.);
#5957=ORIENTED_EDGE('',*,*,#3204,.T.);
#5958=ORIENTED_EDGE('',*,*,#3201,.T.);
#5959=ORIENTED_EDGE('',*,*,#3198,.T.);
#5960=ORIENTED_EDGE('',*,*,#3176,.T.);
#5961=ORIENTED_EDGE('',*,*,#3192,.T.);
#5962=ORIENTED_EDGE('',*,*,#3189,.T.);
#5963=ORIENTED_EDGE('',*,*,#3186,.T.);
#5964=ORIENTED_EDGE('',*,*,#3183,.T.);
#5965=ORIENTED_EDGE('',*,*,#3180,.T.);
#5966=PLANE('',#6567);
#5967=PLANE('',#6568);
#5968=PLANE('',#6569);
#5969=PLANE('',#6570);
#5970=PLANE('',#6571);
#5971=PLANE('',#6572);
#5972=PLANE('',#6573);
#5973=PLANE('',#6574);
#5974=PLANE('',#6575);
#5975=PLANE('',#6576);
#5976=PLANE('',#6577);
#5977=PLANE('',#6578);
#5978=PLANE('',#6579);
#5979=PLANE('',#6580);
#5980=PLANE('',#6581);
#5981=PLANE('',#6582);
#5982=PLANE('',#6583);
#5983=PLANE('',#6584);
#5984=PLANE('',#6585);
#5985=PLANE('',#6586);
#5986=PLANE('',#6587);
#5987=PLANE('',#6588);
#5988=PLANE('',#6589);
#5989=PLANE('',#6590);
#5990=PLANE('',#6591);
#5991=PLANE('',#6592);
#5992=PLANE('',#6593);
#5993=PLANE('',#6594);
#5994=PLANE('',#6595);
#5995=PLANE('',#6596);
#5996=PLANE('',#6597);
#5997=PLANE('',#6598);
#5998=PLANE('',#6599);
#5999=PLANE('',#6600);
#6000=PLANE('',#6601);
#6001=PLANE('',#6602);
#6002=PLANE('',#6603);
#6003=PLANE('',#6604);
#6004=PLANE('',#6605);
#6005=PLANE('',#6606);
#6006=PLANE('',#6607);
#6007=PLANE('',#6608);
#6008=PLANE('',#6609);
#6009=PLANE('',#6610);
#6010=PLANE('',#6611);
#6011=PLANE('',#6612);
#6012=PLANE('',#6613);
#6013=PLANE('',#6614);
#6014=PLANE('',#6615);
#6015=PLANE('',#6616);
#6016=PLANE('',#6617);
#6017=PLANE('',#6618);
#6018=PLANE('',#6619);
#6019=PLANE('',#6620);
#6020=PLANE('',#6621);
#6021=PLANE('',#6622);
#6022=PLANE('',#6623);
#6023=PLANE('',#6624);
#6024=PLANE('',#6625);
#6025=PLANE('',#6626);
#6026=PLANE('',#6627);
#6027=PLANE('',#6628);
#6028=PLANE('',#6629);
#6029=PLANE('',#6630);
#6030=PLANE('',#6631);
#6031=PLANE('',#6632);
#6032=PLANE('',#6633);
#6033=PLANE('',#6634);
#6034=PLANE('',#6635);
#6035=PLANE('',#6636);
#6036=PLANE('',#6637);
#6037=PLANE('',#6638);
#6038=PLANE('',#6639);
#6039=PLANE('',#6640);
#6040=PLANE('',#6641);
#6041=PLANE('',#6642);
#6042=PLANE('',#6643);
#6043=PLANE('',#6644);
#6044=PLANE('',#6645);
#6045=PLANE('',#6646);
#6046=PLANE('',#6647);
#6047=PLANE('',#6648);
#6048=PLANE('',#6649);
#6049=PLANE('',#6650);
#6050=PLANE('',#6651);
#6051=PLANE('',#6652);
#6052=PLANE('',#6653);
#6053=PLANE('',#6654);
#6054=PLANE('',#6655);
#6055=PLANE('',#6656);
#6056=PLANE('',#6657);
#6057=PLANE('',#6658);
#6058=PLANE('',#6659);
#6059=PLANE('',#6660);
#6060=PLANE('',#6661);
#6061=PLANE('',#6662);
#6062=PLANE('',#6663);
#6063=PLANE('',#6664);
#6064=PLANE('',#6665);
#6065=PLANE('',#6666);
#6066=PLANE('',#6667);
#6067=PLANE('',#6668);
#6068=PLANE('',#6669);
#6069=PLANE('',#6670);
#6070=PLANE('',#6671);
#6071=PLANE('',#6672);
#6072=PLANE('',#6673);
#6073=PLANE('',#6674);
#6074=PLANE('',#6675);
#6075=PLANE('',#6676);
#6076=PLANE('',#6677);
#6077=PLANE('',#6678);
#6078=PLANE('',#6679);
#6079=PLANE('',#6680);
#6080=PLANE('',#6681);
#6081=PLANE('',#6682);
#6082=PLANE('',#6683);
#6083=PLANE('',#6684);
#6084=PLANE('',#6685);
#6085=PLANE('',#6686);
#6086=PLANE('',#6687);
#6087=PLANE('',#6688);
#6088=PLANE('',#6689);
#6089=PLANE('',#6690);
#6090=PLANE('',#6691);
#6091=PLANE('',#6692);
#6092=PLANE('',#6693);
#6093=PLANE('',#6694);
#6094=PLANE('',#6695);
#6095=PLANE('',#6696);
#6096=PLANE('',#6697);
#6097=PLANE('',#6698);
#6098=PLANE('',#6699);
#6099=PLANE('',#6700);
#6100=PLANE('',#6701);
#6101=PLANE('',#6702);
#6102=PLANE('',#6703);
#6103=PLANE('',#6704);
#6104=PLANE('',#6705);
#6105=PLANE('',#6706);
#6106=PLANE('',#6707);
#6107=PLANE('',#6708);
#6108=PLANE('',#6709);
#6109=PLANE('',#6710);
#6110=PLANE('',#6711);
#6111=PLANE('',#6712);
#6112=PLANE('',#6713);
#6113=PLANE('',#6714);
#6114=PLANE('',#6715);
#6115=PLANE('',#6716);
#6116=PLANE('',#6717);
#6117=PLANE('',#6718);
#6118=PLANE('',#6719);
#6119=PLANE('',#6720);
#6120=PLANE('',#6721);
#6121=PLANE('',#6722);
#6122=PLANE('',#6723);
#6123=PLANE('',#6724);
#6124=PLANE('',#6725);
#6125=PLANE('',#6726);
#6126=PLANE('',#6727);
#6127=PLANE('',#6728);
#6128=PLANE('',#6729);
#6129=PLANE('',#6730);
#6130=PLANE('',#6731);
#6131=PLANE('',#6732);
#6132=PLANE('',#6733);
#6133=PLANE('',#6734);
#6134=PLANE('',#6735);
#6135=PLANE('',#6736);
#6136=PLANE('',#6737);
#6137=PLANE('',#6738);
#6138=PLANE('',#6739);
#6139=PLANE('',#6740);
#6140=PLANE('',#6741);
#6141=PLANE('',#6742);
#6142=PLANE('',#6743);
#6143=PLANE('',#6744);
#6144=PLANE('',#6745);
#6145=PLANE('',#6746);
#6146=PLANE('',#6747);
#6147=PLANE('',#6748);
#6148=PLANE('',#6749);
#6149=PLANE('',#6750);
#6150=PLANE('',#6751);
#6151=PLANE('',#6752);
#6152=PLANE('',#6753);
#6153=PLANE('',#6754);
#6154=PLANE('',#6755);
#6155=PLANE('',#6756);
#6156=PLANE('',#6757);
#6157=PLANE('',#6758);
#6158=PLANE('',#6759);
#6159=PLANE('',#6760);
#6160=PLANE('',#6761);
#6161=PLANE('',#6762);
#6162=PLANE('',#6763);
#6163=PLANE('',#6764);
#6164=PLANE('',#6765);
#6165=PLANE('',#6766);
#6166=PLANE('',#6767);
#6167=PLANE('',#6768);
#6168=PLANE('',#6769);
#6169=PLANE('',#6770);
#6170=PLANE('',#6771);
#6171=PLANE('',#6772);
#6172=PLANE('',#6773);
#6173=PLANE('',#6774);
#6174=PLANE('',#6775);
#6175=PLANE('',#6776);
#6176=PLANE('',#6777);
#6177=PLANE('',#6778);
#6178=PLANE('',#6779);
#6179=PLANE('',#6780);
#6180=PLANE('',#6781);
#6181=PLANE('',#6782);
#6182=PLANE('',#6783);
#6183=PLANE('',#6784);
#6184=PLANE('',#6788);
#6185=PLANE('',#6789);
#6186=PLANE('',#6815);
#6187=PLANE('',#6820);
#6188=PLANE('',#6823);
#6189=PLANE('',#6826);
#6190=PLANE('',#6829);
#6191=PLANE('',#6832);
#6192=PLANE('',#6835);
#6193=PLANE('',#6838);
#6194=PLANE('',#6841);
#6195=PLANE('',#6844);
#6196=PLANE('',#6849);
#6197=PLANE('',#6852);
#6198=PLANE('',#6855);
#6199=PLANE('',#6858);
#6200=PLANE('',#6865);
#6201=PLANE('',#6868);
#6202=PLANE('',#6871);
#6203=PLANE('',#6874);
#6204=PLANE('',#6877);
#6205=PLANE('',#6878);
#6206=PLANE('',#6879);
#6207=PLANE('',#6880);
#6208=PLANE('',#6881);
#6209=PLANE('',#6882);
#6210=ADVANCED_FACE('',(#359),#5966,.F.);
#6211=ADVANCED_FACE('',(#360),#5967,.F.);
#6212=ADVANCED_FACE('',(#361),#5968,.F.);
#6213=ADVANCED_FACE('',(#362),#5969,.F.);
#6214=ADVANCED_FACE('',(#363),#5970,.F.);
#6215=ADVANCED_FACE('',(#364),#5971,.F.);
#6216=ADVANCED_FACE('',(#365),#5972,.F.);
#6217=ADVANCED_FACE('',(#366),#5973,.F.);
#6218=ADVANCED_FACE('',(#367),#5974,.F.);
#6219=ADVANCED_FACE('',(#368),#5975,.F.);
#6220=ADVANCED_FACE('',(#369),#5976,.F.);
#6221=ADVANCED_FACE('',(#370),#5977,.F.);
#6222=ADVANCED_FACE('',(#371),#5978,.F.);
#6223=ADVANCED_FACE('',(#372),#5979,.F.);
#6224=ADVANCED_FACE('',(#373),#5980,.F.);
#6225=ADVANCED_FACE('',(#374),#5981,.F.);
#6226=ADVANCED_FACE('',(#375),#5982,.F.);
#6227=ADVANCED_FACE('',(#376),#5983,.F.);
#6228=ADVANCED_FACE('',(#377),#5984,.F.);
#6229=ADVANCED_FACE('',(#378),#5985,.F.);
#6230=ADVANCED_FACE('',(#379),#5986,.F.);
#6231=ADVANCED_FACE('',(#380),#284,.F.);
#6232=ADVANCED_FACE('',(#381),#285,.F.);
#6233=ADVANCED_FACE('',(#382),#286,.F.);
#6234=ADVANCED_FACE('',(#383),#287,.F.);
#6235=ADVANCED_FACE('',(#384),#288,.F.);
#6236=ADVANCED_FACE('',(#385),#289,.F.);
#6237=ADVANCED_FACE('',(#386),#290,.F.);
#6238=ADVANCED_FACE('',(#387),#291,.F.);
#6239=ADVANCED_FACE('',(#388),#292,.F.);
#6240=ADVANCED_FACE('',(#389),#293,.F.);
#6241=ADVANCED_FACE('',(#390),#294,.F.);
#6242=ADVANCED_FACE('',(#391),#295,.F.);
#6243=ADVANCED_FACE('',(#392),#5987,.F.);
#6244=ADVANCED_FACE('',(#393),#296,.F.);
#6245=ADVANCED_FACE('',(#394),#297,.F.);
#6246=ADVANCED_FACE('',(#395),#298,.F.);
#6247=ADVANCED_FACE('',(#396),#299,.F.);
#6248=ADVANCED_FACE('',(#397),#300,.F.);
#6249=ADVANCED_FACE('',(#398),#301,.F.);
#6250=ADVANCED_FACE('',(#399),#302,.F.);
#6251=ADVANCED_FACE('',(#400),#303,.F.);
#6252=ADVANCED_FACE('',(#401),#304,.F.);
#6253=ADVANCED_FACE('',(#402),#305,.F.);
#6254=ADVANCED_FACE('',(#403),#306,.F.);
#6255=ADVANCED_FACE('',(#404),#307,.F.);
#6256=ADVANCED_FACE('',(#405),#308,.F.);
#6257=ADVANCED_FACE('',(#406),#5988,.F.);
#6258=ADVANCED_FACE('',(#407),#309,.F.);
#6259=ADVANCED_FACE('',(#408),#5989,.T.);
#6260=ADVANCED_FACE('',(#409),#5990,.F.);
#6261=ADVANCED_FACE('',(#410),#5991,.F.);
#6262=ADVANCED_FACE('',(#411),#5992,.F.);
#6263=ADVANCED_FACE('',(#412),#5993,.F.);
#6264=ADVANCED_FACE('',(#413),#5994,.F.);
#6265=ADVANCED_FACE('',(#414),#5995,.F.);
#6266=ADVANCED_FACE('',(#415),#5996,.F.);
#6267=ADVANCED_FACE('',(#416),#5997,.F.);
#6268=ADVANCED_FACE('',(#417),#5998,.F.);
#6269=ADVANCED_FACE('',(#418),#5999,.F.);
#6270=ADVANCED_FACE('',(#419),#6000,.F.);
#6271=ADVANCED_FACE('',(#420,#87),#6001,.F.);
#6272=ADVANCED_FACE('',(#421),#6002,.F.);
#6273=ADVANCED_FACE('',(#422),#6003,.F.);
#6274=ADVANCED_FACE('',(#423),#6004,.F.);
#6275=ADVANCED_FACE('',(#424),#6005,.F.);
#6276=ADVANCED_FACE('',(#425),#6006,.F.);
#6277=ADVANCED_FACE('',(#426),#6007,.F.);
#6278=ADVANCED_FACE('',(#427),#6008,.F.);
#6279=ADVANCED_FACE('',(#428),#6009,.F.);
#6280=ADVANCED_FACE('',(#429),#6010,.F.);
#6281=ADVANCED_FACE('',(#430),#6011,.F.);
#6282=ADVANCED_FACE('',(#431),#6012,.F.);
#6283=ADVANCED_FACE('',(#432),#6013,.F.);
#6284=ADVANCED_FACE('',(#433),#6014,.F.);
#6285=ADVANCED_FACE('',(#434),#6015,.F.);
#6286=ADVANCED_FACE('',(#435),#6016,.F.);
#6287=ADVANCED_FACE('',(#436),#6017,.F.);
#6288=ADVANCED_FACE('',(#437),#6018,.F.);
#6289=ADVANCED_FACE('',(#438),#6019,.F.);
#6290=ADVANCED_FACE('',(#439),#6020,.F.);
#6291=ADVANCED_FACE('',(#440),#310,.F.);
#6292=ADVANCED_FACE('',(#441),#311,.F.);
#6293=ADVANCED_FACE('',(#442),#312,.F.);
#6294=ADVANCED_FACE('',(#443),#313,.F.);
#6295=ADVANCED_FACE('',(#444),#314,.F.);
#6296=ADVANCED_FACE('',(#445),#315,.F.);
#6297=ADVANCED_FACE('',(#446),#316,.F.);
#6298=ADVANCED_FACE('',(#447),#6021,.F.);
#6299=ADVANCED_FACE('',(#448),#6022,.F.);
#6300=ADVANCED_FACE('',(#449),#317,.F.);
#6301=ADVANCED_FACE('',(#450),#318,.F.);
#6302=ADVANCED_FACE('',(#451),#319,.F.);
#6303=ADVANCED_FACE('',(#452),#320,.F.);
#6304=ADVANCED_FACE('',(#453),#321,.F.);
#6305=ADVANCED_FACE('',(#454),#322,.F.);
#6306=ADVANCED_FACE('',(#455),#323,.F.);
#6307=ADVANCED_FACE('',(#456),#324,.F.);
#6308=ADVANCED_FACE('',(#457),#325,.F.);
#6309=ADVANCED_FACE('',(#458),#326,.F.);
#6310=ADVANCED_FACE('',(#459),#6023,.F.);
#6311=ADVANCED_FACE('',(#460),#6024,.F.);
#6312=ADVANCED_FACE('',(#461),#6025,.F.);
#6313=ADVANCED_FACE('',(#462,#88),#6026,.T.);
#6314=ADVANCED_FACE('',(#463),#6027,.F.);
#6315=ADVANCED_FACE('',(#464),#6028,.F.);
#6316=ADVANCED_FACE('',(#465),#6029,.F.);
#6317=ADVANCED_FACE('',(#466),#6030,.F.);
#6318=ADVANCED_FACE('',(#467),#6031,.F.);
#6319=ADVANCED_FACE('',(#468),#6032,.F.);
#6320=ADVANCED_FACE('',(#469),#6033,.F.);
#6321=ADVANCED_FACE('',(#470),#6034,.F.);
#6322=ADVANCED_FACE('',(#471),#6035,.F.);
#6323=ADVANCED_FACE('',(#472),#6036,.F.);
#6324=ADVANCED_FACE('',(#473),#6037,.F.);
#6325=ADVANCED_FACE('',(#474,#89),#6038,.F.);
#6326=ADVANCED_FACE('',(#475),#6039,.F.);
#6327=ADVANCED_FACE('',(#476),#6040,.F.);
#6328=ADVANCED_FACE('',(#477),#6041,.F.);
#6329=ADVANCED_FACE('',(#478),#6042,.F.);
#6330=ADVANCED_FACE('',(#479),#6043,.F.);
#6331=ADVANCED_FACE('',(#480),#6044,.F.);
#6332=ADVANCED_FACE('',(#481),#6045,.F.);
#6333=ADVANCED_FACE('',(#482),#6046,.F.);
#6334=ADVANCED_FACE('',(#483),#6047,.F.);
#6335=ADVANCED_FACE('',(#484),#6048,.F.);
#6336=ADVANCED_FACE('',(#485),#6049,.F.);
#6337=ADVANCED_FACE('',(#486,#90),#6050,.F.);
#6338=ADVANCED_FACE('',(#487),#6051,.F.);
#6339=ADVANCED_FACE('',(#488),#6052,.F.);
#6340=ADVANCED_FACE('',(#489),#6053,.F.);
#6341=ADVANCED_FACE('',(#490),#6054,.F.);
#6342=ADVANCED_FACE('',(#491),#6055,.F.);
#6343=ADVANCED_FACE('',(#492),#6056,.F.);
#6344=ADVANCED_FACE('',(#493),#6057,.F.);
#6345=ADVANCED_FACE('',(#494),#6058,.F.);
#6346=ADVANCED_FACE('',(#495),#6059,.F.);
#6347=ADVANCED_FACE('',(#496),#6060,.F.);
#6348=ADVANCED_FACE('',(#497),#6061,.F.);
#6349=ADVANCED_FACE('',(#498),#6062,.F.);
#6350=ADVANCED_FACE('',(#499),#6063,.F.);
#6351=ADVANCED_FACE('',(#500),#6064,.F.);
#6352=ADVANCED_FACE('',(#501),#6065,.F.);
#6353=ADVANCED_FACE('',(#502),#6066,.F.);
#6354=ADVANCED_FACE('',(#503),#6067,.F.);
#6355=ADVANCED_FACE('',(#504),#6068,.F.);
#6356=ADVANCED_FACE('',(#505),#6069,.F.);
#6357=ADVANCED_FACE('',(#506),#6070,.F.);
#6358=ADVANCED_FACE('',(#507),#6071,.F.);
#6359=ADVANCED_FACE('',(#508),#6072,.F.);
#6360=ADVANCED_FACE('',(#509),#6073,.F.);
#6361=ADVANCED_FACE('',(#510),#6074,.F.);
#6362=ADVANCED_FACE('',(#511),#6075,.F.);
#6363=ADVANCED_FACE('',(#512),#6076,.F.);
#6364=ADVANCED_FACE('',(#513),#6077,.F.);
#6365=ADVANCED_FACE('',(#514),#6078,.F.);
#6366=ADVANCED_FACE('',(#515),#6079,.F.);
#6367=ADVANCED_FACE('',(#516),#6080,.F.);
#6368=ADVANCED_FACE('',(#517),#6081,.F.);
#6369=ADVANCED_FACE('',(#518),#6082,.F.);
#6370=ADVANCED_FACE('',(#519),#6083,.F.);
#6371=ADVANCED_FACE('',(#520),#6084,.F.);
#6372=ADVANCED_FACE('',(#521),#6085,.F.);
#6373=ADVANCED_FACE('',(#522),#6086,.F.);
#6374=ADVANCED_FACE('',(#523),#6087,.F.);
#6375=ADVANCED_FACE('',(#524),#6088,.F.);
#6376=ADVANCED_FACE('',(#525),#6089,.F.);
#6377=ADVANCED_FACE('',(#526),#6090,.F.);
#6378=ADVANCED_FACE('',(#527),#6091,.F.);
#6379=ADVANCED_FACE('',(#528),#6092,.F.);
#6380=ADVANCED_FACE('',(#529),#6093,.F.);
#6381=ADVANCED_FACE('',(#530),#6094,.F.);
#6382=ADVANCED_FACE('',(#531),#6095,.F.);
#6383=ADVANCED_FACE('',(#532),#6096,.F.);
#6384=ADVANCED_FACE('',(#533),#6097,.F.);
#6385=ADVANCED_FACE('',(#534),#6098,.F.);
#6386=ADVANCED_FACE('',(#535),#6099,.F.);
#6387=ADVANCED_FACE('',(#536),#6100,.F.);
#6388=ADVANCED_FACE('',(#537),#6101,.F.);
#6389=ADVANCED_FACE('',(#538),#6102,.F.);
#6390=ADVANCED_FACE('',(#539),#6103,.F.);
#6391=ADVANCED_FACE('',(#540),#6104,.F.);
#6392=ADVANCED_FACE('',(#541),#6105,.F.);
#6393=ADVANCED_FACE('',(#542),#6106,.F.);
#6394=ADVANCED_FACE('',(#543),#6107,.F.);
#6395=ADVANCED_FACE('',(#544),#6108,.F.);
#6396=ADVANCED_FACE('',(#545),#6109,.F.);
#6397=ADVANCED_FACE('',(#546),#6110,.F.);
#6398=ADVANCED_FACE('',(#547),#6111,.F.);
#6399=ADVANCED_FACE('',(#548),#6112,.F.);
#6400=ADVANCED_FACE('',(#549),#6113,.F.);
#6401=ADVANCED_FACE('',(#550),#6114,.F.);
#6402=ADVANCED_FACE('',(#551),#6115,.F.);
#6403=ADVANCED_FACE('',(#552),#6116,.F.);
#6404=ADVANCED_FACE('',(#553),#6117,.F.);
#6405=ADVANCED_FACE('',(#554),#6118,.F.);
#6406=ADVANCED_FACE('',(#555,#91),#6119,.F.);
#6407=ADVANCED_FACE('',(#556),#6120,.F.);
#6408=ADVANCED_FACE('',(#557),#327,.F.);
#6409=ADVANCED_FACE('',(#558),#328,.F.);
#6410=ADVANCED_FACE('',(#559),#329,.F.);
#6411=ADVANCED_FACE('',(#560),#330,.F.);
#6412=ADVANCED_FACE('',(#561),#331,.F.);
#6413=ADVANCED_FACE('',(#562),#332,.F.);
#6414=ADVANCED_FACE('',(#563),#6121,.F.);
#6415=ADVANCED_FACE('',(#564),#6122,.F.);
#6416=ADVANCED_FACE('',(#565),#6123,.F.);
#6417=ADVANCED_FACE('',(#566),#333,.F.);
#6418=ADVANCED_FACE('',(#567),#334,.F.);
#6419=ADVANCED_FACE('',(#568),#335,.F.);
#6420=ADVANCED_FACE('',(#569),#336,.F.);
#6421=ADVANCED_FACE('',(#570),#337,.F.);
#6422=ADVANCED_FACE('',(#571),#338,.F.);
#6423=ADVANCED_FACE('',(#572),#339,.F.);
#6424=ADVANCED_FACE('',(#573),#340,.F.);
#6425=ADVANCED_FACE('',(#574),#6124,.F.);
#6426=ADVANCED_FACE('',(#575),#6125,.F.);
#6427=ADVANCED_FACE('',(#576),#6126,.F.);
#6428=ADVANCED_FACE('',(#577),#6127,.F.);
#6429=ADVANCED_FACE('',(#578,#92),#6128,.T.);
#6430=ADVANCED_FACE('',(#579),#341,.F.);
#6431=ADVANCED_FACE('',(#580),#342,.F.);
#6432=ADVANCED_FACE('',(#581),#343,.F.);
#6433=ADVANCED_FACE('',(#582),#344,.F.);
#6434=ADVANCED_FACE('',(#583),#345,.F.);
#6435=ADVANCED_FACE('',(#584),#346,.F.);
#6436=ADVANCED_FACE('',(#585),#347,.F.);
#6437=ADVANCED_FACE('',(#586),#348,.F.);
#6438=ADVANCED_FACE('',(#587),#6129,.F.);
#6439=ADVANCED_FACE('',(#588),#349,.F.);
#6440=ADVANCED_FACE('',(#589),#350,.F.);
#6441=ADVANCED_FACE('',(#590),#351,.F.);
#6442=ADVANCED_FACE('',(#591),#352,.F.);
#6443=ADVANCED_FACE('',(#592),#353,.F.);
#6444=ADVANCED_FACE('',(#593),#354,.F.);
#6445=ADVANCED_FACE('',(#594),#355,.F.);
#6446=ADVANCED_FACE('',(#595),#356,.F.);
#6447=ADVANCED_FACE('',(#596),#357,.F.);
#6448=ADVANCED_FACE('',(#597),#6130,.F.);
#6449=ADVANCED_FACE('',(#598),#358,.F.);
#6450=ADVANCED_FACE('',(#599),#6131,.T.);
#6451=ADVANCED_FACE('',(#600),#6132,.F.);
#6452=ADVANCED_FACE('',(#601),#6133,.F.);
#6453=ADVANCED_FACE('',(#602),#6134,.F.);
#6454=ADVANCED_FACE('',(#603),#6135,.F.);
#6455=ADVANCED_FACE('',(#604),#6136,.F.);
#6456=ADVANCED_FACE('',(#605),#6137,.F.);
#6457=ADVANCED_FACE('',(#606),#6138,.F.);
#6458=ADVANCED_FACE('',(#607),#6139,.F.);
#6459=ADVANCED_FACE('',(#608),#6140,.F.);
#6460=ADVANCED_FACE('',(#609),#6141,.F.);
#6461=ADVANCED_FACE('',(#610),#6142,.F.);
#6462=ADVANCED_FACE('',(#611),#6143,.F.);
#6463=ADVANCED_FACE('',(#612),#6144,.F.);
#6464=ADVANCED_FACE('',(#613),#6145,.F.);
#6465=ADVANCED_FACE('',(#614),#6146,.F.);
#6466=ADVANCED_FACE('',(#615),#6147,.F.);
#6467=ADVANCED_FACE('',(#616),#6148,.F.);
#6468=ADVANCED_FACE('',(#617),#6149,.F.);
#6469=ADVANCED_FACE('',(#618),#6150,.F.);
#6470=ADVANCED_FACE('',(#619),#6151,.F.);
#6471=ADVANCED_FACE('',(#620),#6152,.F.);
#6472=ADVANCED_FACE('',(#621),#6153,.F.);
#6473=ADVANCED_FACE('',(#622),#6154,.F.);
#6474=ADVANCED_FACE('',(#623),#6155,.F.);
#6475=ADVANCED_FACE('',(#624,#93),#6156,.F.);
#6476=ADVANCED_FACE('',(#625),#6157,.F.);
#6477=ADVANCED_FACE('',(#626),#6158,.F.);
#6478=ADVANCED_FACE('',(#627),#6159,.F.);
#6479=ADVANCED_FACE('',(#628),#6160,.F.);
#6480=ADVANCED_FACE('',(#629),#6161,.F.);
#6481=ADVANCED_FACE('',(#630),#6162,.F.);
#6482=ADVANCED_FACE('',(#631),#6163,.F.);
#6483=ADVANCED_FACE('',(#632),#6164,.F.);
#6484=ADVANCED_FACE('',(#633),#6165,.F.);
#6485=ADVANCED_FACE('',(#634),#6166,.F.);
#6486=ADVANCED_FACE('',(#635),#6167,.F.);
#6487=ADVANCED_FACE('',(#636,#94),#6168,.F.);
#6488=ADVANCED_FACE('',(#637),#6169,.F.);
#6489=ADVANCED_FACE('',(#638),#6170,.F.);
#6490=ADVANCED_FACE('',(#639),#6171,.F.);
#6491=ADVANCED_FACE('',(#640),#6172,.F.);
#6492=ADVANCED_FACE('',(#641),#6173,.F.);
#6493=ADVANCED_FACE('',(#642),#6174,.F.);
#6494=ADVANCED_FACE('',(#643),#6175,.F.);
#6495=ADVANCED_FACE('',(#644),#6176,.T.);
#6496=ADVANCED_FACE('',(#645),#6177,.T.);
#6497=ADVANCED_FACE('',(#646),#6178,.T.);
#6498=ADVANCED_FACE('',(#647),#6179,.T.);
#6499=ADVANCED_FACE('',(#648),#6180,.T.);
#6500=ADVANCED_FACE('',(#649),#6181,.T.);
#6501=ADVANCED_FACE('',(#650),#6182,.T.);
#6502=ADVANCED_FACE('',(#651),#6183,.T.);
#6503=ADVANCED_FACE('',(#652),#63,.T.);
#6504=ADVANCED_FACE('',(#653),#6184,.T.);
#6505=ADVANCED_FACE('',(#654,#95,#96,#97,#98,#99,#100,#101,#102),#6185,
 .F.);
#6506=ADVANCED_FACE('',(#655),#64,.T.);
#6507=ADVANCED_FACE('',(#656),#6186,.T.);
#6508=ADVANCED_FACE('',(#657),#65,.T.);
#6509=ADVANCED_FACE('',(#658),#66,.T.);
#6510=ADVANCED_FACE('',(#659),#6187,.T.);
#6511=ADVANCED_FACE('',(#660),#67,.F.);
#6512=ADVANCED_FACE('',(#661),#6188,.T.);
#6513=ADVANCED_FACE('',(#662),#68,.F.);
#6514=ADVANCED_FACE('',(#663),#6189,.T.);
#6515=ADVANCED_FACE('',(#664),#69,.F.);
#6516=ADVANCED_FACE('',(#665),#6190,.T.);
#6517=ADVANCED_FACE('',(#666),#70,.F.);
#6518=ADVANCED_FACE('',(#667),#6191,.T.);
#6519=ADVANCED_FACE('',(#668),#71,.F.);
#6520=ADVANCED_FACE('',(#669),#6192,.T.);
#6521=ADVANCED_FACE('',(#670),#72,.F.);
#6522=ADVANCED_FACE('',(#671),#6193,.T.);
#6523=ADVANCED_FACE('',(#672),#73,.F.);
#6524=ADVANCED_FACE('',(#673),#6194,.T.);
#6525=ADVANCED_FACE('',(#674),#74,.F.);
#6526=ADVANCED_FACE('',(#675),#6195,.T.);
#6527=ADVANCED_FACE('',(#676),#75,.F.);
#6528=ADVANCED_FACE('',(#677),#76,.F.);
#6529=ADVANCED_FACE('',(#678),#6196,.T.);
#6530=ADVANCED_FACE('',(#679),#77,.F.);
#6531=ADVANCED_FACE('',(#680),#6197,.T.);
#6532=ADVANCED_FACE('',(#681),#78,.F.);
#6533=ADVANCED_FACE('',(#682),#6198,.T.);
#6534=ADVANCED_FACE('',(#683),#79,.F.);
#6535=ADVANCED_FACE('',(#684),#6199,.T.);
#6536=ADVANCED_FACE('',(#685),#80,.F.);
#6537=ADVANCED_FACE('',(#686),#81,.F.);
#6538=ADVANCED_FACE('',(#687),#82,.F.);
#6539=ADVANCED_FACE('',(#688),#6200,.T.);
#6540=ADVANCED_FACE('',(#689),#83,.F.);
#6541=ADVANCED_FACE('',(#690),#6201,.T.);
#6542=ADVANCED_FACE('',(#691),#84,.F.);
#6543=ADVANCED_FACE('',(#692),#6202,.T.);
#6544=ADVANCED_FACE('',(#693),#85,.F.);
#6545=ADVANCED_FACE('',(#694),#6203,.T.);
#6546=ADVANCED_FACE('',(#695),#86,.F.);
#6547=ADVANCED_FACE('',(#696),#6204,.T.);
#6548=ADVANCED_FACE('',(#697),#6205,.T.);
#6549=ADVANCED_FACE('',(#698),#6206,.T.);
#6550=ADVANCED_FACE('',(#699),#6207,.T.);
#6551=ADVANCED_FACE('',(#700),#6208,.T.);
#6552=ADVANCED_FACE('',(#701,#103,#104,#105,#106,#107,#108,#109,#110,#111,
#112,#113,#114,#115,#116,#117,#118,#119,#120,#121,#122,#123,#124,#125,#126,
#127,#128,#129,#130,#131,#132,#133),#6209,.T.);
#6553=CLOSED_SHELL('',(#6210,#6211,#6212,#6213,#6214,#6215,#6216,#6217,
#6218,#6219,#6220,#6221,#6222,#6223,#6224,#6225,#6226,#6227,#6228,#6229,
#6230,#6231,#6232,#6233,#6234,#6235,#6236,#6237,#6238,#6239,#6240,#6241,
#6242,#6243,#6244,#6245,#6246,#6247,#6248,#6249,#6250,#6251,#6252,#6253,
#6254,#6255,#6256,#6257,#6258,#6259,#6260,#6261,#6262,#6263,#6264,#6265,
#6266,#6267,#6268,#6269,#6270,#6271,#6272,#6273,#6274,#6275,#6276,#6277,
#6278,#6279,#6280,#6281,#6282,#6283,#6284,#6285,#6286,#6287,#6288,#6289,
#6290,#6291,#6292,#6293,#6294,#6295,#6296,#6297,#6298,#6299,#6300,#6301,
#6302,#6303,#6304,#6305,#6306,#6307,#6308,#6309,#6310,#6311,#6312,#6313,
#6314,#6315,#6316,#6317,#6318,#6319,#6320,#6321,#6322,#6323,#6324,#6325,
#6326,#6327,#6328,#6329,#6330,#6331,#6332,#6333,#6334,#6335,#6336,#6337,
#6338,#6339,#6340,#6341,#6342,#6343,#6344,#6345,#6346,#6347,#6348,#6349,
#6350,#6351,#6352,#6353,#6354,#6355,#6356,#6357,#6358,#6359,#6360,#6361,
#6362,#6363,#6364,#6365,#6366,#6367,#6368,#6369,#6370,#6371,#6372,#6373,
#6374,#6375,#6376,#6377,#6378,#6379,#6380,#6381,#6382,#6383,#6384,#6385,
#6386,#6387,#6388,#6389,#6390,#6391,#6392,#6393,#6394,#6395,#6396,#6397,
#6398,#6399,#6400,#6401,#6402,#6403,#6404,#6405,#6406,#6407,#6408,#6409,
#6410,#6411,#6412,#6413,#6414,#6415,#6416,#6417,#6418,#6419,#6420,#6421,
#6422,#6423,#6424,#6425,#6426,#6427,#6428,#6429,#6430,#6431,#6432,#6433,
#6434,#6435,#6436,#6437,#6438,#6439,#6440,#6441,#6442,#6443,#6444,#6445,
#6446,#6447,#6448,#6449,#6450,#6451,#6452,#6453,#6454,#6455,#6456,#6457,
#6458,#6459,#6460,#6461,#6462,#6463,#6464,#6465,#6466,#6467,#6468,#6469,
#6470,#6471,#6472,#6473,#6474,#6475,#6476,#6477,#6478,#6479,#6480,#6481,
#6482,#6483,#6484,#6485,#6486,#6487,#6488,#6489,#6490,#6491,#6492,#6493,
#6494,#6495,#6496,#6497,#6498,#6499,#6500,#6501,#6502,#6503,#6504,#6505,
#6506,#6507,#6508,#6509,#6510,#6511,#6512,#6513,#6514,#6515,#6516,#6517,
#6518,#6519,#6520,#6521,#6522,#6523,#6524,#6525,#6526,#6527,#6528,#6529,
#6530,#6531,#6532,#6533,#6534,#6535,#6536,#6537,#6538,#6539,#6540,#6541,
#6542,#6543,#6544,#6545,#6546,#6547,#6548,#6549,#6550,#6551,#6552));
#6554=DERIVED_UNIT_ELEMENT(#6556,1.);
#6555=DERIVED_UNIT_ELEMENT(#11423,-3.);
#6556=(
MASS_UNIT()
NAMED_UNIT(*)
SI_UNIT(.KILO.,.GRAM.)
);
#6557=DERIVED_UNIT((#6554,#6555));
#6558=MEASURE_REPRESENTATION_ITEM('density measure',
POSITIVE_RATIO_MEASURE(7850.),#6557);
#6559=PROPERTY_DEFINITION_REPRESENTATION(#6564,#6561);
#6560=PROPERTY_DEFINITION_REPRESENTATION(#6565,#6562);
#6561=REPRESENTATION('material name',(#6563),#11420);
#6562=REPRESENTATION('density',(#6558),#11420);
#6563=DESCRIPTIVE_REPRESENTATION_ITEM('Steel','Steel');
#6564=PROPERTY_DEFINITION('material property','material name',#11430);
#6565=PROPERTY_DEFINITION('material property','density of part',#11430);
#6566=AXIS2_PLACEMENT_3D('',#8249,#6883,#6884);
#6567=AXIS2_PLACEMENT_3D('',#8250,#6885,#6886);
#6568=AXIS2_PLACEMENT_3D('',#8259,#6891,#6892);
#6569=AXIS2_PLACEMENT_3D('',#8265,#6896,#6897);
#6570=AXIS2_PLACEMENT_3D('',#8271,#6901,#6902);
#6571=AXIS2_PLACEMENT_3D('',#8277,#6906,#6907);
#6572=AXIS2_PLACEMENT_3D('',#8283,#6911,#6912);
#6573=AXIS2_PLACEMENT_3D('',#8286,#6915,#6916);
#6574=AXIS2_PLACEMENT_3D('',#8287,#6917,#6918);
#6575=AXIS2_PLACEMENT_3D('',#8296,#6923,#6924);
#6576=AXIS2_PLACEMENT_3D('',#8302,#6928,#6929);
#6577=AXIS2_PLACEMENT_3D('',#8308,#6933,#6934);
#6578=AXIS2_PLACEMENT_3D('',#8314,#6938,#6939);
#6579=AXIS2_PLACEMENT_3D('',#8320,#6943,#6944);
#6580=AXIS2_PLACEMENT_3D('',#8326,#6948,#6949);
#6581=AXIS2_PLACEMENT_3D('',#8332,#6953,#6954);
#6582=AXIS2_PLACEMENT_3D('',#8338,#6958,#6959);
#6583=AXIS2_PLACEMENT_3D('',#8344,#6963,#6964);
#6584=AXIS2_PLACEMENT_3D('',#8350,#6968,#6969);
#6585=AXIS2_PLACEMENT_3D('',#8356,#6973,#6974);
#6586=AXIS2_PLACEMENT_3D('',#8362,#6978,#6979);
#6587=AXIS2_PLACEMENT_3D('',#8365,#6982,#6983);
#6588=AXIS2_PLACEMENT_3D('',#8645,#6997,#6998);
#6589=AXIS2_PLACEMENT_3D('',#8950,#7015,#7016);
#6590=AXIS2_PLACEMENT_3D('',#8976,#7020,#7021);
#6591=AXIS2_PLACEMENT_3D('',#8977,#7022,#7023);
#6592=AXIS2_PLACEMENT_3D('',#8986,#7028,#7029);
#6593=AXIS2_PLACEMENT_3D('',#8992,#7033,#7034);
#6594=AXIS2_PLACEMENT_3D('',#8995,#7037,#7038);
#6595=AXIS2_PLACEMENT_3D('',#9004,#7043,#7044);
#6596=AXIS2_PLACEMENT_3D('',#9010,#7048,#7049);
#6597=AXIS2_PLACEMENT_3D('',#9016,#7053,#7054);
#6598=AXIS2_PLACEMENT_3D('',#9022,#7058,#7059);
#6599=AXIS2_PLACEMENT_3D('',#9028,#7063,#7064);
#6600=AXIS2_PLACEMENT_3D('',#9034,#7068,#7069);
#6601=AXIS2_PLACEMENT_3D('',#9040,#7073,#7074);
#6602=AXIS2_PLACEMENT_3D('',#9043,#7077,#7078);
#6603=AXIS2_PLACEMENT_3D('',#9044,#7079,#7080);
#6604=AXIS2_PLACEMENT_3D('',#9053,#7085,#7086);
#6605=AXIS2_PLACEMENT_3D('',#9059,#7090,#7091);
#6606=AXIS2_PLACEMENT_3D('',#9065,#7095,#7096);
#6607=AXIS2_PLACEMENT_3D('',#9071,#7100,#7101);
#6608=AXIS2_PLACEMENT_3D('',#9077,#7105,#7106);
#6609=AXIS2_PLACEMENT_3D('',#9083,#7110,#7111);
#6610=AXIS2_PLACEMENT_3D('',#9089,#7115,#7116);
#6611=AXIS2_PLACEMENT_3D('',#9095,#7120,#7121);
#6612=AXIS2_PLACEMENT_3D('',#9101,#7125,#7126);
#6613=AXIS2_PLACEMENT_3D('',#9107,#7130,#7131);
#6614=AXIS2_PLACEMENT_3D('',#9113,#7135,#7136);
#6615=AXIS2_PLACEMENT_3D('',#9116,#7139,#7140);
#6616=AXIS2_PLACEMENT_3D('',#9117,#7141,#7142);
#6617=AXIS2_PLACEMENT_3D('',#9126,#7147,#7148);
#6618=AXIS2_PLACEMENT_3D('',#9132,#7152,#7153);
#6619=AXIS2_PLACEMENT_3D('',#9138,#7157,#7158);
#6620=AXIS2_PLACEMENT_3D('',#9141,#7161,#7162);
#6621=AXIS2_PLACEMENT_3D('',#9142,#7163,#7164);
#6622=AXIS2_PLACEMENT_3D('',#9312,#7176,#7177);
#6623=AXIS2_PLACEMENT_3D('',#9318,#7181,#7182);
#6624=AXIS2_PLACEMENT_3D('',#9554,#7196,#7197);
#6625=AXIS2_PLACEMENT_3D('',#9560,#7201,#7202);
#6626=AXIS2_PLACEMENT_3D('',#9566,#7206,#7207);
#6627=AXIS2_PLACEMENT_3D('',#9569,#7210,#7211);
#6628=AXIS2_PLACEMENT_3D('',#9570,#7212,#7213);
#6629=AXIS2_PLACEMENT_3D('',#9579,#7218,#7219);
#6630=AXIS2_PLACEMENT_3D('',#9585,#7223,#7224);
#6631=AXIS2_PLACEMENT_3D('',#9588,#7227,#7228);
#6632=AXIS2_PLACEMENT_3D('',#9597,#7233,#7234);
#6633=AXIS2_PLACEMENT_3D('',#9603,#7238,#7239);
#6634=AXIS2_PLACEMENT_3D('',#9609,#7243,#7244);
#6635=AXIS2_PLACEMENT_3D('',#9615,#7248,#7249);
#6636=AXIS2_PLACEMENT_3D('',#9621,#7253,#7254);
#6637=AXIS2_PLACEMENT_3D('',#9627,#7258,#7259);
#6638=AXIS2_PLACEMENT_3D('',#9633,#7263,#7264);
#6639=AXIS2_PLACEMENT_3D('',#9636,#7267,#7268);
#6640=AXIS2_PLACEMENT_3D('',#9637,#7269,#7270);
#6641=AXIS2_PLACEMENT_3D('',#9646,#7275,#7276);
#6642=AXIS2_PLACEMENT_3D('',#9652,#7280,#7281);
#6643=AXIS2_PLACEMENT_3D('',#9655,#7284,#7285);
#6644=AXIS2_PLACEMENT_3D('',#9664,#7290,#7291);
#6645=AXIS2_PLACEMENT_3D('',#9670,#7295,#7296);
#6646=AXIS2_PLACEMENT_3D('',#9676,#7300,#7301);
#6647=AXIS2_PLACEMENT_3D('',#9682,#7305,#7306);
#6648=AXIS2_PLACEMENT_3D('',#9688,#7310,#7311);
#6649=AXIS2_PLACEMENT_3D('',#9694,#7315,#7316);
#6650=AXIS2_PLACEMENT_3D('',#9700,#7320,#7321);
#6651=AXIS2_PLACEMENT_3D('',#9703,#7324,#7325);
#6652=AXIS2_PLACEMENT_3D('',#9704,#7326,#7327);
#6653=AXIS2_PLACEMENT_3D('',#9713,#7332,#7333);
#6654=AXIS2_PLACEMENT_3D('',#9719,#7337,#7338);
#6655=AXIS2_PLACEMENT_3D('',#9725,#7342,#7343);
#6656=AXIS2_PLACEMENT_3D('',#9728,#7346,#7347);
#6657=AXIS2_PLACEMENT_3D('',#9729,#7348,#7349);
#6658=AXIS2_PLACEMENT_3D('',#9738,#7354,#7355);
#6659=AXIS2_PLACEMENT_3D('',#9744,#7359,#7360);
#6660=AXIS2_PLACEMENT_3D('',#9750,#7364,#7365);
#6661=AXIS2_PLACEMENT_3D('',#9753,#7368,#7369);
#6662=AXIS2_PLACEMENT_3D('',#9754,#7370,#7371);
#6663=AXIS2_PLACEMENT_3D('',#9763,#7376,#7377);
#6664=AXIS2_PLACEMENT_3D('',#9769,#7381,#7382);
#6665=AXIS2_PLACEMENT_3D('',#9775,#7386,#7387);
#6666=AXIS2_PLACEMENT_3D('',#9781,#7391,#7392);
#6667=AXIS2_PLACEMENT_3D('',#9787,#7396,#7397);
#6668=AXIS2_PLACEMENT_3D('',#9790,#7400,#7401);
#6669=AXIS2_PLACEMENT_3D('',#9791,#7402,#7403);
#6670=AXIS2_PLACEMENT_3D('',#9800,#7408,#7409);
#6671=AXIS2_PLACEMENT_3D('',#9806,#7413,#7414);
#6672=AXIS2_PLACEMENT_3D('',#9812,#7418,#7419);
#6673=AXIS2_PLACEMENT_3D('',#9818,#7423,#7424);
#6674=AXIS2_PLACEMENT_3D('',#9824,#7428,#7429);
#6675=AXIS2_PLACEMENT_3D('',#9827,#7432,#7433);
#6676=AXIS2_PLACEMENT_3D('',#9828,#7434,#7435);
#6677=AXIS2_PLACEMENT_3D('',#9837,#7440,#7441);
#6678=AXIS2_PLACEMENT_3D('',#9843,#7445,#7446);
#6679=AXIS2_PLACEMENT_3D('',#9849,#7450,#7451);
#6680=AXIS2_PLACEMENT_3D('',#9855,#7455,#7456);
#6681=AXIS2_PLACEMENT_3D('',#9861,#7460,#7461);
#6682=AXIS2_PLACEMENT_3D('',#9864,#7464,#7465);
#6683=AXIS2_PLACEMENT_3D('',#9865,#7466,#7467);
#6684=AXIS2_PLACEMENT_3D('',#9874,#7472,#7473);
#6685=AXIS2_PLACEMENT_3D('',#9880,#7477,#7478);
#6686=AXIS2_PLACEMENT_3D('',#9886,#7482,#7483);
#6687=AXIS2_PLACEMENT_3D('',#9892,#7487,#7488);
#6688=AXIS2_PLACEMENT_3D('',#9898,#7492,#7493);
#6689=AXIS2_PLACEMENT_3D('',#9904,#7497,#7498);
#6690=AXIS2_PLACEMENT_3D('',#9910,#7502,#7503);
#6691=AXIS2_PLACEMENT_3D('',#9916,#7507,#7508);
#6692=AXIS2_PLACEMENT_3D('',#9922,#7512,#7513);
#6693=AXIS2_PLACEMENT_3D('',#9928,#7517,#7518);
#6694=AXIS2_PLACEMENT_3D('',#9934,#7522,#7523);
#6695=AXIS2_PLACEMENT_3D('',#9937,#7526,#7527);
#6696=AXIS2_PLACEMENT_3D('',#9938,#7528,#7529);
#6697=AXIS2_PLACEMENT_3D('',#9947,#7534,#7535);
#6698=AXIS2_PLACEMENT_3D('',#9953,#7539,#7540);
#6699=AXIS2_PLACEMENT_3D('',#9959,#7544,#7545);
#6700=AXIS2_PLACEMENT_3D('',#9965,#7549,#7550);
#6701=AXIS2_PLACEMENT_3D('',#9971,#7554,#7555);
#6702=AXIS2_PLACEMENT_3D('',#9977,#7559,#7560);
#6703=AXIS2_PLACEMENT_3D('',#9983,#7564,#7565);
#6704=AXIS2_PLACEMENT_3D('',#9989,#7569,#7570);
#6705=AXIS2_PLACEMENT_3D('',#9995,#7574,#7575);
#6706=AXIS2_PLACEMENT_3D('',#10001,#7579,#7580);
#6707=AXIS2_PLACEMENT_3D('',#10007,#7584,#7585);
#6708=AXIS2_PLACEMENT_3D('',#10010,#7588,#7589);
#6709=AXIS2_PLACEMENT_3D('',#10011,#7590,#7591);
#6710=AXIS2_PLACEMENT_3D('',#10020,#7596,#7597);
#6711=AXIS2_PLACEMENT_3D('',#10026,#7601,#7602);
#6712=AXIS2_PLACEMENT_3D('',#10029,#7605,#7606);
#6713=AXIS2_PLACEMENT_3D('',#10038,#7611,#7612);
#6714=AXIS2_PLACEMENT_3D('',#10044,#7616,#7617);
#6715=AXIS2_PLACEMENT_3D('',#10050,#7621,#7622);
#6716=AXIS2_PLACEMENT_3D('',#10056,#7626,#7627);
#6717=AXIS2_PLACEMENT_3D('',#10062,#7631,#7632);
#6718=AXIS2_PLACEMENT_3D('',#10068,#7636,#7637);
#6719=AXIS2_PLACEMENT_3D('',#10074,#7641,#7642);
#6720=AXIS2_PLACEMENT_3D('',#10077,#7645,#7646);
#6721=AXIS2_PLACEMENT_3D('',#10078,#7647,#7648);
#6722=AXIS2_PLACEMENT_3D('',#10225,#7659,#7660);
#6723=AXIS2_PLACEMENT_3D('',#10231,#7664,#7665);
#6724=AXIS2_PLACEMENT_3D('',#10234,#7668,#7669);
#6725=AXIS2_PLACEMENT_3D('',#10427,#7682,#7683);
#6726=AXIS2_PLACEMENT_3D('',#10433,#7687,#7688);
#6727=AXIS2_PLACEMENT_3D('',#10439,#7692,#7693);
#6728=AXIS2_PLACEMENT_3D('',#10445,#7697,#7698);
#6729=AXIS2_PLACEMENT_3D('',#10448,#7701,#7702);
#6730=AXIS2_PLACEMENT_3D('',#10636,#7712,#7713);
#6731=AXIS2_PLACEMENT_3D('',#10849,#7726,#7727);
#6732=AXIS2_PLACEMENT_3D('',#10875,#7731,#7732);
#6733=AXIS2_PLACEMENT_3D('',#10876,#7733,#7734);
#6734=AXIS2_PLACEMENT_3D('',#10885,#7739,#7740);
#6735=AXIS2_PLACEMENT_3D('',#10891,#7744,#7745);
#6736=AXIS2_PLACEMENT_3D('',#10897,#7749,#7750);
#6737=AXIS2_PLACEMENT_3D('',#10903,#7754,#7755);
#6738=AXIS2_PLACEMENT_3D('',#10909,#7759,#7760);
#6739=AXIS2_PLACEMENT_3D('',#10915,#7764,#7765);
#6740=AXIS2_PLACEMENT_3D('',#10921,#7769,#7770);
#6741=AXIS2_PLACEMENT_3D('',#10927,#7774,#7775);
#6742=AXIS2_PLACEMENT_3D('',#10933,#7779,#7780);
#6743=AXIS2_PLACEMENT_3D('',#10939,#7784,#7785);
#6744=AXIS2_PLACEMENT_3D('',#10945,#7789,#7790);
#6745=AXIS2_PLACEMENT_3D('',#10948,#7793,#7794);
#6746=AXIS2_PLACEMENT_3D('',#10949,#7795,#7796);
#6747=AXIS2_PLACEMENT_3D('',#10958,#7801,#7802);
#6748=AXIS2_PLACEMENT_3D('',#10964,#7806,#7807);
#6749=AXIS2_PLACEMENT_3D('',#10967,#7810,#7811);
#6750=AXIS2_PLACEMENT_3D('',#10976,#7816,#7817);
#6751=AXIS2_PLACEMENT_3D('',#10982,#7821,#7822);
#6752=AXIS2_PLACEMENT_3D('',#10988,#7826,#7827);
#6753=AXIS2_PLACEMENT_3D('',#10994,#7831,#7832);
#6754=AXIS2_PLACEMENT_3D('',#11000,#7836,#7837);
#6755=AXIS2_PLACEMENT_3D('',#11006,#7841,#7842);
#6756=AXIS2_PLACEMENT_3D('',#11012,#7846,#7847);
#6757=AXIS2_PLACEMENT_3D('',#11015,#7850,#7851);
#6758=AXIS2_PLACEMENT_3D('',#11016,#7852,#7853);
#6759=AXIS2_PLACEMENT_3D('',#11025,#7858,#7859);
#6760=AXIS2_PLACEMENT_3D('',#11031,#7863,#7864);
#6761=AXIS2_PLACEMENT_3D('',#11034,#7867,#7868);
#6762=AXIS2_PLACEMENT_3D('',#11043,#7873,#7874);
#6763=AXIS2_PLACEMENT_3D('',#11049,#7878,#7879);
#6764=AXIS2_PLACEMENT_3D('',#11055,#7883,#7884);
#6765=AXIS2_PLACEMENT_3D('',#11061,#7888,#7889);
#6766=AXIS2_PLACEMENT_3D('',#11067,#7893,#7894);
#6767=AXIS2_PLACEMENT_3D('',#11073,#7898,#7899);
#6768=AXIS2_PLACEMENT_3D('',#11079,#7903,#7904);
#6769=AXIS2_PLACEMENT_3D('',#11082,#7907,#7908);
#6770=AXIS2_PLACEMENT_3D('',#11083,#7909,#7910);
#6771=AXIS2_PLACEMENT_3D('',#11092,#7915,#7916);
#6772=AXIS2_PLACEMENT_3D('',#11098,#7920,#7921);
#6773=AXIS2_PLACEMENT_3D('',#11104,#7925,#7926);
#6774=AXIS2_PLACEMENT_3D('',#11110,#7930,#7931);
#6775=AXIS2_PLACEMENT_3D('',#11116,#7935,#7936);
#6776=AXIS2_PLACEMENT_3D('',#11119,#7939,#7940);
#6777=AXIS2_PLACEMENT_3D('',#11120,#7941,#7942);
#6778=AXIS2_PLACEMENT_3D('',#11121,#7943,#7944);
#6779=AXIS2_PLACEMENT_3D('',#11122,#7945,#7946);
#6780=AXIS2_PLACEMENT_3D('',#11123,#7947,#7948);
#6781=AXIS2_PLACEMENT_3D('',#11124,#7949,#7950);
#6782=AXIS2_PLACEMENT_3D('',#11125,#7951,#7952);
#6783=AXIS2_PLACEMENT_3D('',#11126,#7953,#7954);
#6784=AXIS2_PLACEMENT_3D('',#11127,#7955,#7956);
#6785=AXIS2_PLACEMENT_3D('',#11128,#7957,#7958);
#6786=AXIS2_PLACEMENT_3D('',#11131,#7959,#7960);
#6787=AXIS2_PLACEMENT_3D('',#11135,#7962,#7963);
#6788=AXIS2_PLACEMENT_3D('',#11137,#7965,#7966);
#6789=AXIS2_PLACEMENT_3D('',#11143,#7970,#7971);
#6790=AXIS2_PLACEMENT_3D('',#11155,#7977,#7978);
#6791=AXIS2_PLACEMENT_3D('',#11159,#7980,#7981);
#6792=AXIS2_PLACEMENT_3D('',#11162,#7983,#7984);
#6793=AXIS2_PLACEMENT_3D('',#11165,#7985,#7986);
#6794=AXIS2_PLACEMENT_3D('',#11169,#7988,#7989);
#6795=AXIS2_PLACEMENT_3D('',#11173,#7991,#7992);
#6796=AXIS2_PLACEMENT_3D('',#11177,#7994,#7995);
#6797=AXIS2_PLACEMENT_3D('',#11180,#7997,#7998);
#6798=AXIS2_PLACEMENT_3D('',#11182,#7999,#8000);
#6799=AXIS2_PLACEMENT_3D('',#11185,#8001,#8002);
#6800=AXIS2_PLACEMENT_3D('',#11189,#8004,#8005);
#6801=AXIS2_PLACEMENT_3D('',#11193,#8007,#8008);
#6802=AXIS2_PLACEMENT_3D('',#11197,#8010,#8011);
#6803=AXIS2_PLACEMENT_3D('',#11200,#8013,#8014);
#6804=AXIS2_PLACEMENT_3D('',#11203,#8015,#8016);
#6805=AXIS2_PLACEMENT_3D('',#11207,#8018,#8019);
#6806=AXIS2_PLACEMENT_3D('',#11211,#8021,#8022);
#6807=AXIS2_PLACEMENT_3D('',#11215,#8024,#8025);
#6808=AXIS2_PLACEMENT_3D('',#11219,#8027,#8028);
#6809=AXIS2_PLACEMENT_3D('',#11223,#8030,#8031);
#6810=AXIS2_PLACEMENT_3D('',#11227,#8033,#8034);
#6811=AXIS2_PLACEMENT_3D('',#11231,#8036,#8037);
#6812=AXIS2_PLACEMENT_3D('',#11234,#8039,#8040);
#6813=AXIS2_PLACEMENT_3D('',#11235,#8041,#8042);
#6814=AXIS2_PLACEMENT_3D('',#11238,#8043,#8044);
#6815=AXIS2_PLACEMENT_3D('',#11241,#8047,#8048);
#6816=AXIS2_PLACEMENT_3D('',#11245,#8051,#8052);
#6817=AXIS2_PLACEMENT_3D('',#11246,#8053,#8054);
#6818=AXIS2_PLACEMENT_3D('',#11247,#8055,#8056);
#6819=AXIS2_PLACEMENT_3D('',#11250,#8057,#8058);
#6820=AXIS2_PLACEMENT_3D('',#11253,#8061,#8062);
#6821=AXIS2_PLACEMENT_3D('',#11255,#8064,#8065);
#6822=AXIS2_PLACEMENT_3D('',#11257,#8066,#8067);
#6823=AXIS2_PLACEMENT_3D('',#11259,#8069,#8070);
#6824=AXIS2_PLACEMENT_3D('',#11265,#8074,#8075);
#6825=AXIS2_PLACEMENT_3D('',#11267,#8076,#8077);
#6826=AXIS2_PLACEMENT_3D('',#11269,#8079,#8080);
#6827=AXIS2_PLACEMENT_3D('',#11273,#8083,#8084);
#6828=AXIS2_PLACEMENT_3D('',#11275,#8085,#8086);
#6829=AXIS2_PLACEMENT_3D('',#11277,#8088,#8089);
#6830=AXIS2_PLACEMENT_3D('',#11281,#8092,#8093);
#6831=AXIS2_PLACEMENT_3D('',#11283,#8094,#8095);
#6832=AXIS2_PLACEMENT_3D('',#11285,#8097,#8098);
#6833=AXIS2_PLACEMENT_3D('',#11289,#8101,#8102);
#6834=AXIS2_PLACEMENT_3D('',#11290,#8103,#8104);
#6835=AXIS2_PLACEMENT_3D('',#11291,#8105,#8106);
#6836=AXIS2_PLACEMENT_3D('',#11297,#8110,#8111);
#6837=AXIS2_PLACEMENT_3D('',#11299,#8112,#8113);
#6838=AXIS2_PLACEMENT_3D('',#11301,#8115,#8116);
#6839=AXIS2_PLACEMENT_3D('',#11305,#8119,#8120);
#6840=AXIS2_PLACEMENT_3D('',#11307,#8121,#8122);
#6841=AXIS2_PLACEMENT_3D('',#11309,#8124,#8125);
#6842=AXIS2_PLACEMENT_3D('',#11313,#8128,#8129);
#6843=AXIS2_PLACEMENT_3D('',#11315,#8130,#8131);
#6844=AXIS2_PLACEMENT_3D('',#11317,#8133,#8134);
#6845=AXIS2_PLACEMENT_3D('',#11321,#8137,#8138);
#6846=AXIS2_PLACEMENT_3D('',#11322,#8139,#8140);
#6847=AXIS2_PLACEMENT_3D('',#11323,#8141,#8142);
#6848=AXIS2_PLACEMENT_3D('',#11325,#8143,#8144);
#6849=AXIS2_PLACEMENT_3D('',#11327,#8146,#8147);
#6850=AXIS2_PLACEMENT_3D('',#11333,#8151,#8152);
#6851=AXIS2_PLACEMENT_3D('',#11335,#8153,#8154);
#6852=AXIS2_PLACEMENT_3D('',#11337,#8156,#8157);
#6853=AXIS2_PLACEMENT_3D('',#11341,#8160,#8161);
#6854=AXIS2_PLACEMENT_3D('',#11343,#8162,#8163);
#6855=AXIS2_PLACEMENT_3D('',#11345,#8165,#8166);
#6856=AXIS2_PLACEMENT_3D('',#11349,#8169,#8170);
#6857=AXIS2_PLACEMENT_3D('',#11351,#8171,#8172);
#6858=AXIS2_PLACEMENT_3D('',#11353,#8174,#8175);
#6859=AXIS2_PLACEMENT_3D('',#11357,#8178,#8179);
#6860=AXIS2_PLACEMENT_3D('',#11358,#8180,#8181);
#6861=AXIS2_PLACEMENT_3D('',#11359,#8182,#8183);
#6862=AXIS2_PLACEMENT_3D('',#11361,#8184,#8185);
#6863=AXIS2_PLACEMENT_3D('',#11363,#8187,#8188);
#6864=AXIS2_PLACEMENT_3D('',#11365,#8189,#8190);
#6865=AXIS2_PLACEMENT_3D('',#11367,#8192,#8193);
#6866=AXIS2_PLACEMENT_3D('',#11373,#8197,#8198);
#6867=AXIS2_PLACEMENT_3D('',#11375,#8199,#8200);
#6868=AXIS2_PLACEMENT_3D('',#11377,#8202,#8203);
#6869=AXIS2_PLACEMENT_3D('',#11381,#8206,#8207);
#6870=AXIS2_PLACEMENT_3D('',#11383,#8208,#8209);
#6871=AXIS2_PLACEMENT_3D('',#11385,#8211,#8212);
#6872=AXIS2_PLACEMENT_3D('',#11389,#8215,#8216);
#6873=AXIS2_PLACEMENT_3D('',#11391,#8217,#8218);
#6874=AXIS2_PLACEMENT_3D('',#11393,#8220,#8221);
#6875=AXIS2_PLACEMENT_3D('',#11397,#8224,#8225);
#6876=AXIS2_PLACEMENT_3D('',#11398,#8226,#8227);
#6877=AXIS2_PLACEMENT_3D('',#11399,#8228,#8229);
#6878=AXIS2_PLACEMENT_3D('',#11403,#8232,#8233);
#6879=AXIS2_PLACEMENT_3D('',#11407,#8236,#8237);
#6880=AXIS2_PLACEMENT_3D('',#11411,#8240,#8241);
#6881=AXIS2_PLACEMENT_3D('',#11415,#8244,#8245);
#6882=AXIS2_PLACEMENT_3D('',#11417,#8247,#8248);
#6883=DIRECTION('axis',(0.,0.,1.));
#6884=DIRECTION('refdir',(1.,0.,0.));
#6885=DIRECTION('center_axis',(0.989673800709137,0.143337950975769,0.));
#6886=DIRECTION('ref_axis',(0.143337950975769,-0.989673800709137,0.));
#6887=DIRECTION('',(0.143337950975769,-0.989673800709137,0.));
#6888=DIRECTION('',(0.,0.,-1.));
#6889=DIRECTION('',(0.143337950975769,-0.989673800709137,0.));
#6890=DIRECTION('',(0.,0.,-1.));
#6891=DIRECTION('center_axis',(-0.342020143325669,0.939692620785908,0.));
#6892=DIRECTION('ref_axis',(0.939692620785908,0.342020143325669,0.));
#6893=DIRECTION('',(0.939692620785908,0.342020143325669,0.));
#6894=DIRECTION('',(0.,0.,-1.));
#6895=DIRECTION('',(0.939692620785908,0.342020143325669,0.));
#6896=DIRECTION('center_axis',(0.989767258136501,0.142691186556676,0.));
#6897=DIRECTION('ref_axis',(0.142691186556676,-0.989767258136501,0.));
#6898=DIRECTION('',(0.142691186556676,-0.989767258136501,0.));
#6899=DIRECTION('',(0.,0.,-1.));
#6900=DIRECTION('',(0.142691186556676,-0.989767258136501,0.));
#6901=DIRECTION('center_axis',(-0.342020143325668,0.939692620785909,0.));
#6902=DIRECTION('ref_axis',(0.939692620785909,0.342020143325668,0.));
#6903=DIRECTION('',(0.939692620785909,0.342020143325668,0.));
#6904=DIRECTION('',(0.,0.,-1.));
#6905=DIRECTION('',(0.939692620785909,0.342020143325668,0.));
#6906=DIRECTION('center_axis',(-0.989844779985524,-0.142152423600193,0.));
#6907=DIRECTION('ref_axis',(-0.142152423600193,0.989844779985524,0.));
#6908=DIRECTION('',(-0.142152423600193,0.989844779985524,0.));
#6909=DIRECTION('',(0.,0.,-1.));
#6910=DIRECTION('',(-0.142152423600193,0.989844779985524,0.));
#6911=DIRECTION('center_axis',(0.342020143325669,-0.939692620785908,0.));
#6912=DIRECTION('ref_axis',(-0.939692620785908,-0.342020143325669,0.));
#6913=DIRECTION('',(-0.939692620785908,-0.342020143325669,0.));
#6914=DIRECTION('',(-0.939692620785908,-0.342020143325669,0.));
#6915=DIRECTION('center_axis',(0.,0.,-1.));
#6916=DIRECTION('ref_axis',(-1.,0.,0.));
#6917=DIRECTION('center_axis',(-0.99331073111934,-0.115472037494638,0.));
#6918=DIRECTION('ref_axis',(-0.115472037494638,0.99331073111934,0.));
#6919=DIRECTION('',(-0.115472037494638,0.99331073111934,0.));
#6920=DIRECTION('',(0.,0.,-1.));
#6921=DIRECTION('',(-0.115472037494638,0.99331073111934,0.));
#6922=DIRECTION('',(0.,0.,-1.));
#6923=DIRECTION('center_axis',(0.34202014332567,-0.939692620785908,0.));
#6924=DIRECTION('ref_axis',(-0.939692620785908,-0.34202014332567,0.));
#6925=DIRECTION('',(-0.939692620785908,-0.34202014332567,0.));
#6926=DIRECTION('',(0.,0.,-1.));
#6927=DIRECTION('',(-0.939692620785908,-0.34202014332567,0.));
#6928=DIRECTION('center_axis',(0.989844779985524,0.142152423600193,0.));
#6929=DIRECTION('ref_axis',(0.142152423600193,-0.989844779985524,0.));
#6930=DIRECTION('',(0.142152423600193,-0.989844779985524,0.));
#6931=DIRECTION('',(0.,0.,-1.));
#6932=DIRECTION('',(0.142152423600193,-0.989844779985524,0.));
#6933=DIRECTION('center_axis',(-0.34202014332567,0.939692620785908,0.));
#6934=DIRECTION('ref_axis',(0.939692620785908,0.34202014332567,0.));
#6935=DIRECTION('',(0.939692620785908,0.34202014332567,0.));
#6936=DIRECTION('',(0.,0.,-1.));
#6937=DIRECTION('',(0.939692620785908,0.34202014332567,0.));
#6938=DIRECTION('center_axis',(-0.994595781073107,0.103823081593527,0.));
#6939=DIRECTION('ref_axis',(0.103823081593527,0.994595781073107,0.));
#6940=DIRECTION('',(0.103823081593527,0.994595781073107,0.));
#6941=DIRECTION('',(0.,0.,-1.));
#6942=DIRECTION('',(0.103823081593527,0.994595781073107,0.));
#6943=DIRECTION('center_axis',(0.923819923213261,0.3828273102513,0.));
#6944=DIRECTION('ref_axis',(0.3828273102513,-0.923819923213261,0.));
#6945=DIRECTION('',(0.3828273102513,-0.923819923213261,0.));
#6946=DIRECTION('',(0.,0.,-1.));
#6947=DIRECTION('',(0.3828273102513,-0.923819923213261,0.));
#6948=DIRECTION('center_axis',(-0.34202014332567,0.939692620785908,0.));
#6949=DIRECTION('ref_axis',(0.939692620785908,0.34202014332567,0.));
#6950=DIRECTION('',(0.939692620785908,0.34202014332567,0.));
#6951=DIRECTION('',(0.,0.,-1.));
#6952=DIRECTION('',(0.939692620785908,0.34202014332567,0.));
#6953=DIRECTION('center_axis',(-0.989751670587171,-0.142799266699459,0.));
#6954=DIRECTION('ref_axis',(-0.142799266699459,0.989751670587171,0.));
#6955=DIRECTION('',(-0.142799266699459,0.989751670587171,0.));
#6956=DIRECTION('',(0.,0.,-1.));
#6957=DIRECTION('',(-0.142799266699459,0.989751670587171,0.));
#6958=DIRECTION('center_axis',(0.342020143325668,-0.939692620785909,0.));
#6959=DIRECTION('ref_axis',(-0.939692620785909,-0.342020143325668,0.));
#6960=DIRECTION('',(-0.939692620785909,-0.342020143325668,0.));
#6961=DIRECTION('',(0.,0.,-1.));
#6962=DIRECTION('',(-0.939692620785909,-0.342020143325668,0.));
#6963=DIRECTION('center_axis',(0.98705030329213,0.160411030702113,0.));
#6964=DIRECTION('ref_axis',(0.160411030702113,-0.98705030329213,0.));
#6965=DIRECTION('',(0.160411030702113,-0.98705030329213,0.));
#6966=DIRECTION('',(0.,0.,-1.));
#6967=DIRECTION('',(0.160411030702113,-0.98705030329213,0.));
#6968=DIRECTION('center_axis',(-0.924030578312288,-0.382318571800872,0.));
#6969=DIRECTION('ref_axis',(-0.382318571800872,0.924030578312288,0.));
#6970=DIRECTION('',(-0.382318571800872,0.924030578312288,0.));
#6971=DIRECTION('',(0.,0.,-1.));
#6972=DIRECTION('',(-0.382318571800872,0.924030578312288,0.));
#6973=DIRECTION('center_axis',(0.342020143325669,-0.939692620785908,0.));
#6974=DIRECTION('ref_axis',(-0.939692620785909,-0.342020143325669,0.));
#6975=DIRECTION('',(-0.939692620785909,-0.342020143325669,0.));
#6976=DIRECTION('',(0.,0.,-1.));
#6977=DIRECTION('',(-0.939692620785909,-0.342020143325669,0.));
#6978=DIRECTION('center_axis',(0.995460347822532,-0.095177181682607,0.));
#6979=DIRECTION('ref_axis',(-0.095177181682607,-0.995460347822532,0.));
#6980=DIRECTION('',(-0.095177181682607,-0.995460347822532,0.));
#6981=DIRECTION('',(-0.095177181682607,-0.995460347822532,0.));
#6982=DIRECTION('center_axis',(0.,0.,-1.));
#6983=DIRECTION('ref_axis',(-1.,0.,0.));
#6984=DIRECTION('',(0.,0.,-1.));
#6985=DIRECTION('',(0.,0.,-1.));
#6986=DIRECTION('',(0.,0.,-1.));
#6987=DIRECTION('',(0.,0.,-1.));
#6988=DIRECTION('',(0.,0.,-1.));
#6989=DIRECTION('',(0.,0.,-1.));
#6990=DIRECTION('',(0.,0.,-1.));
#6991=DIRECTION('',(0.,0.,-1.));
#6992=DIRECTION('',(0.,0.,-1.));
#6993=DIRECTION('',(0.,0.,-1.));
#6994=DIRECTION('',(0.,0.,-1.));
#6995=DIRECTION('',(0.,0.,-1.));
#6996=DIRECTION('',(0.,0.,-1.));
#6997=DIRECTION('center_axis',(0.383901881831991,-0.923373892378302,0.));
#6998=DIRECTION('ref_axis',(-0.923373892378302,-0.383901881831991,0.));
#6999=DIRECTION('',(-0.923373892378302,-0.383901881831991,0.));
#7000=DIRECTION('',(0.,0.,-1.));
#7001=DIRECTION('',(-0.923373892378302,-0.383901881831991,0.));
#7002=DIRECTION('',(0.,0.,-1.));
#7003=DIRECTION('',(0.,0.,-1.));
#7004=DIRECTION('',(0.,0.,-1.));
#7005=DIRECTION('',(0.,0.,-1.));
#7006=DIRECTION('',(0.,0.,-1.));
#7007=DIRECTION('',(0.,0.,-1.));
#7008=DIRECTION('',(0.,0.,-1.));
#7009=DIRECTION('',(0.,0.,-1.));
#7010=DIRECTION('',(0.,0.,-1.));
#7011=DIRECTION('',(0.,0.,-1.));
#7012=DIRECTION('',(0.,0.,-1.));
#7013=DIRECTION('',(0.,0.,-1.));
#7014=DIRECTION('',(0.,0.,-1.));
#7015=DIRECTION('center_axis',(-0.390599953252388,0.920560523007169,0.));
#7016=DIRECTION('ref_axis',(0.920560523007169,0.390599953252388,0.));
#7017=DIRECTION('',(0.920560523007169,0.390599953252388,0.));
#7018=DIRECTION('',(0.,0.,-1.));
#7019=DIRECTION('',(0.920560523007169,0.390599953252388,0.));
#7020=DIRECTION('center_axis',(0.,0.,1.));
#7021=DIRECTION('ref_axis',(-1.,0.,0.));
#7022=DIRECTION('center_axis',(0.981747693583716,-0.190187975810918,0.));
#7023=DIRECTION('ref_axis',(-0.190187975810918,-0.981747693583716,0.));
#7024=DIRECTION('',(-0.190187975810918,-0.981747693583716,0.));
#7025=DIRECTION('',(0.,0.,-1.));
#7026=DIRECTION('',(-0.190187975810918,-0.981747693583716,0.));
#7027=DIRECTION('',(0.,0.,-1.));
#7028=DIRECTION('center_axis',(-0.881319487339876,-0.472520857989335,0.));
#7029=DIRECTION('ref_axis',(-0.472520857989335,0.881319487339876,0.));
#7030=DIRECTION('',(-0.472520857989335,0.881319487339876,0.));
#7031=DIRECTION('',(0.,0.,-1.));
#7032=DIRECTION('',(-0.472520857989335,0.881319487339876,0.));
#7033=DIRECTION('center_axis',(-0.342020143325668,0.939692620785909,0.));
#7034=DIRECTION('ref_axis',(0.939692620785909,0.342020143325668,0.));
#7035=DIRECTION('',(0.939692620785909,0.342020143325668,0.));
#7036=DIRECTION('',(0.939692620785909,0.342020143325668,0.));
#7037=DIRECTION('center_axis',(0.342020143325669,-0.939692620785908,0.));
#7038=DIRECTION('ref_axis',(-0.939692620785908,-0.342020143325669,0.));
#7039=DIRECTION('',(-0.939692620785908,-0.342020143325669,0.));
#7040=DIRECTION('',(0.,0.,-1.));
#7041=DIRECTION('',(-0.939692620785908,-0.342020143325669,0.));
#7042=DIRECTION('',(0.,0.,-1.));
#7043=DIRECTION('center_axis',(0.872740572576499,0.488184281781834,0.));
#7044=DIRECTION('ref_axis',(0.488184281781834,-0.872740572576499,0.));
#7045=DIRECTION('',(0.488184281781834,-0.872740572576499,0.));
#7046=DIRECTION('',(0.,0.,-1.));
#7047=DIRECTION('',(0.488184281781834,-0.872740572576499,0.));
#7048=DIRECTION('center_axis',(-0.342020143325668,0.939692620785909,0.));
#7049=DIRECTION('ref_axis',(0.939692620785909,0.342020143325668,0.));
#7050=DIRECTION('',(0.939692620785909,0.342020143325668,0.));
#7051=DIRECTION('',(0.,0.,-1.));
#7052=DIRECTION('',(0.939692620785909,0.342020143325668,0.));
#7053=DIRECTION('center_axis',(-0.986321657034475,0.164832001943699,0.));
#7054=DIRECTION('ref_axis',(0.164832001943699,0.986321657034475,0.));
#7055=DIRECTION('',(0.164832001943699,0.986321657034475,0.));
#7056=DIRECTION('',(0.,0.,-1.));
#7057=DIRECTION('',(0.164832001943699,0.986321657034475,0.));
#7058=DIRECTION('center_axis',(0.342020143325671,-0.939692620785908,0.));
#7059=DIRECTION('ref_axis',(-0.939692620785907,-0.342020143325671,0.));
#7060=DIRECTION('',(-0.939692620785907,-0.342020143325671,0.));
#7061=DIRECTION('',(0.,0.,-1.));
#7062=DIRECTION('',(-0.939692620785907,-0.342020143325671,0.));
#7063=DIRECTION('center_axis',(0.988986853756247,-0.148003388803499,0.));
#7064=DIRECTION('ref_axis',(-0.148003388803499,-0.988986853756247,0.));
#7065=DIRECTION('',(-0.148003388803499,-0.988986853756247,0.));
#7066=DIRECTION('',(0.,0.,-1.));
#7067=DIRECTION('',(-0.148003388803499,-0.988986853756247,0.));
#7068=DIRECTION('center_axis',(0.34202014332567,-0.939692620785908,0.));
#7069=DIRECTION('ref_axis',(-0.939692620785908,-0.34202014332567,0.));
#7070=DIRECTION('',(-0.939692620785908,-0.34202014332567,0.));
#7071=DIRECTION('',(0.,0.,-1.));
#7072=DIRECTION('',(-0.939692620785908,-0.34202014332567,0.));
#7073=DIRECTION('center_axis',(-0.877983545710334,-0.478690811967297,0.));
#7074=DIRECTION('ref_axis',(-0.478690811967297,0.877983545710334,0.));
#7075=DIRECTION('',(-0.478690811967297,0.877983545710334,0.));
#7076=DIRECTION('',(-0.478690811967297,0.877983545710334,0.));
#7077=DIRECTION('center_axis',(0.,0.,-1.));
#7078=DIRECTION('ref_axis',(-1.,0.,0.));
#7079=DIRECTION('center_axis',(0.989836718522931,0.142208546380854,0.));
#7080=DIRECTION('ref_axis',(0.142208546380854,-0.989836718522931,0.));
#7081=DIRECTION('',(0.142208546380854,-0.989836718522931,0.));
#7082=DIRECTION('',(0.,0.,-1.));
#7083=DIRECTION('',(0.142208546380854,-0.989836718522931,0.));
#7084=DIRECTION('',(0.,0.,-1.));
#7085=DIRECTION('center_axis',(0.875828508928817,-0.482622443476808,0.));
#7086=DIRECTION('ref_axis',(-0.482622443476808,-0.875828508928817,0.));
#7087=DIRECTION('',(-0.482622443476808,-0.875828508928817,0.));
#7088=DIRECTION('',(0.,0.,-1.));
#7089=DIRECTION('',(-0.482622443476808,-0.875828508928817,0.));
#7090=DIRECTION('center_axis',(-0.676716929094612,-0.736243300734721,0.));
#7091=DIRECTION('ref_axis',(-0.736243300734721,0.676716929094612,0.));
#7092=DIRECTION('',(-0.736243300734721,0.676716929094612,0.));
#7093=DIRECTION('',(0.,0.,-1.));
#7094=DIRECTION('',(-0.736243300734721,0.676716929094612,0.));
#7095=DIRECTION('center_axis',(0.342020143325671,-0.939692620785908,0.));
#7096=DIRECTION('ref_axis',(-0.939692620785907,-0.342020143325671,0.));
#7097=DIRECTION('',(-0.939692620785907,-0.342020143325671,0.));
#7098=DIRECTION('',(0.,0.,-1.));
#7099=DIRECTION('',(-0.939692620785907,-0.342020143325671,0.));
#7100=DIRECTION('center_axis',(0.663122326875655,0.748511041734867,0.));
#7101=DIRECTION('ref_axis',(0.748511041734867,-0.663122326875655,0.));
#7102=DIRECTION('',(0.748511041734867,-0.663122326875655,0.));
#7103=DIRECTION('',(0.,0.,-1.));
#7104=DIRECTION('',(0.748511041734867,-0.663122326875655,0.));
#7105=DIRECTION('center_axis',(0.875876804862814,-0.482534789111944,0.));
#7106=DIRECTION('ref_axis',(-0.482534789111944,-0.875876804862814,0.));
#7107=DIRECTION('',(-0.482534789111944,-0.875876804862814,0.));
#7108=DIRECTION('',(0.,0.,-1.));
#7109=DIRECTION('',(-0.482534789111944,-0.875876804862814,0.));
#7110=DIRECTION('center_axis',(-0.34202014332567,0.939692620785908,0.));
#7111=DIRECTION('ref_axis',(0.939692620785908,0.34202014332567,0.));
#7112=DIRECTION('',(0.939692620785908,0.34202014332567,0.));
#7113=DIRECTION('',(0.,0.,-1.));
#7114=DIRECTION('',(0.939692620785908,0.34202014332567,0.));
#7115=DIRECTION('center_axis',(-0.887648729628422,0.460521153465342,0.));
#7116=DIRECTION('ref_axis',(0.460521153465342,0.887648729628422,0.));
#7117=DIRECTION('',(0.460521153465342,0.887648729628422,0.));
#7118=DIRECTION('',(0.,0.,-1.));
#7119=DIRECTION('',(0.460521153465342,0.887648729628422,0.));
#7120=DIRECTION('center_axis',(0.989742958633343,0.142859636831807,0.));
#7121=DIRECTION('ref_axis',(0.142859636831807,-0.989742958633343,0.));
#7122=DIRECTION('',(0.142859636831807,-0.989742958633343,0.));
#7123=DIRECTION('',(0.,0.,-1.));
#7124=DIRECTION('',(0.142859636831807,-0.989742958633343,0.));
#7125=DIRECTION('center_axis',(-0.342020143325671,0.939692620785908,0.));
#7126=DIRECTION('ref_axis',(0.939692620785908,0.342020143325671,0.));
#7127=DIRECTION('',(0.939692620785908,0.342020143325671,0.));
#7128=DIRECTION('',(0.,0.,-1.));
#7129=DIRECTION('',(0.939692620785908,0.342020143325671,0.));
#7130=DIRECTION('center_axis',(-0.989751670587171,-0.142799266699459,0.));
#7131=DIRECTION('ref_axis',(-0.142799266699459,0.989751670587171,0.));
#7132=DIRECTION('',(-0.142799266699459,0.989751670587171,0.));
#7133=DIRECTION('',(0.,0.,-1.));
#7134=DIRECTION('',(-0.142799266699459,0.989751670587171,0.));
#7135=DIRECTION('center_axis',(0.342020143325668,-0.939692620785909,0.));
#7136=DIRECTION('ref_axis',(-0.939692620785909,-0.342020143325668,0.));
#7137=DIRECTION('',(-0.939692620785909,-0.342020143325668,0.));
#7138=DIRECTION('',(-0.939692620785909,-0.342020143325668,0.));
#7139=DIRECTION('center_axis',(0.,0.,-1.));
#7140=DIRECTION('ref_axis',(-1.,0.,0.));
#7141=DIRECTION('center_axis',(0.342020143325672,-0.939692620785907,0.));
#7142=DIRECTION('ref_axis',(-0.939692620785907,-0.342020143325672,0.));
#7143=DIRECTION('',(-0.939692620785907,-0.342020143325672,0.));
#7144=DIRECTION('',(0.,0.,-1.));
#7145=DIRECTION('',(-0.939692620785907,-0.342020143325672,0.));
#7146=DIRECTION('',(0.,0.,-1.));
#7147=DIRECTION('center_axis',(0.989841194299373,0.142177389440062,0.));
#7148=DIRECTION('ref_axis',(0.142177389440062,-0.989841194299373,0.));
#7149=DIRECTION('',(0.142177389440062,-0.989841194299373,0.));
#7150=DIRECTION('',(0.,0.,-1.));
#7151=DIRECTION('',(0.142177389440062,-0.989841194299373,0.));
#7152=DIRECTION('center_axis',(-0.342020143325671,0.939692620785908,0.));
#7153=DIRECTION('ref_axis',(0.939692620785907,0.342020143325671,0.));
#7154=DIRECTION('',(0.939692620785907,0.342020143325671,0.));
#7155=DIRECTION('',(0.,0.,-1.));
#7156=DIRECTION('',(0.939692620785907,0.342020143325671,0.));
#7157=DIRECTION('center_axis',(-0.989841194299373,-0.142177389440062,0.));
#7158=DIRECTION('ref_axis',(-0.142177389440062,0.989841194299373,0.));
#7159=DIRECTION('',(-0.142177389440062,0.989841194299373,0.));
#7160=DIRECTION('',(-0.142177389440062,0.989841194299373,0.));
#7161=DIRECTION('center_axis',(0.,0.,-1.));
#7162=DIRECTION('ref_axis',(-1.,0.,0.));
#7163=DIRECTION('center_axis',(0.342020143325671,-0.939692620785907,0.));
#7164=DIRECTION('ref_axis',(-0.939692620785907,-0.342020143325671,0.));
#7165=DIRECTION('',(-0.939692620785907,-0.342020143325671,0.));
#7166=DIRECTION('',(0.,0.,-1.));
#7167=DIRECTION('',(-0.939692620785907,-0.342020143325671,0.));
#7168=DIRECTION('',(0.,0.,-1.));
#7169=DIRECTION('',(0.,0.,-1.));
#7170=DIRECTION('',(0.,0.,-1.));
#7171=DIRECTION('',(0.,0.,-1.));
#7172=DIRECTION('',(0.,0.,-1.));
#7173=DIRECTION('',(0.,0.,-1.));
#7174=DIRECTION('',(0.,0.,-1.));
#7175=DIRECTION('',(0.,0.,-1.));
#7176=DIRECTION('center_axis',(-0.342020143325669,0.939692620785908,0.));
#7177=DIRECTION('ref_axis',(0.939692620785908,0.342020143325669,0.));
#7178=DIRECTION('',(0.939692620785908,0.342020143325669,0.));
#7179=DIRECTION('',(0.,0.,-1.));
#7180=DIRECTION('',(0.939692620785908,0.342020143325669,0.));
#7181=DIRECTION('center_axis',(0.98972025683266,0.143016828433211,0.));
#7182=DIRECTION('ref_axis',(0.143016828433211,-0.98972025683266,0.));
#7183=DIRECTION('',(0.143016828433211,-0.98972025683266,0.));
#7184=DIRECTION('',(0.143016828433211,-0.98972025683266,0.));
#7185=DIRECTION('',(0.,0.,-1.));
#7186=DIRECTION('',(0.,0.,-1.));
#7187=DIRECTION('',(0.,0.,-1.));
#7188=DIRECTION('',(0.,0.,-1.));
#7189=DIRECTION('',(0.,0.,-1.));
#7190=DIRECTION('',(0.,0.,-1.));
#7191=DIRECTION('',(0.,0.,-1.));
#7192=DIRECTION('',(0.,0.,-1.));
#7193=DIRECTION('',(0.,0.,-1.));
#7194=DIRECTION('',(0.,0.,-1.));
#7195=DIRECTION('',(0.,0.,-1.));
#7196=DIRECTION('center_axis',(-0.342020143325669,0.939692620785908,0.));
#7197=DIRECTION('ref_axis',(0.939692620785908,0.342020143325669,0.));
#7198=DIRECTION('',(0.939692620785908,0.342020143325669,0.));
#7199=DIRECTION('',(0.,0.,-1.));
#7200=DIRECTION('',(0.939692620785908,0.342020143325669,0.));
#7201=DIRECTION('center_axis',(-0.989844779985524,-0.142152423600193,0.));
#7202=DIRECTION('ref_axis',(-0.142152423600193,0.989844779985524,0.));
#7203=DIRECTION('',(-0.142152423600193,0.989844779985524,0.));
#7204=DIRECTION('',(0.,0.,-1.));
#7205=DIRECTION('',(-0.142152423600193,0.989844779985524,0.));
#7206=DIRECTION('center_axis',(0.342020143325669,-0.939692620785908,0.));
#7207=DIRECTION('ref_axis',(-0.939692620785908,-0.342020143325669,0.));
#7208=DIRECTION('',(-0.939692620785908,-0.342020143325669,0.));
#7209=DIRECTION('',(-0.939692620785908,-0.342020143325669,0.));
#7210=DIRECTION('center_axis',(0.,0.,1.));
#7211=DIRECTION('ref_axis',(-1.,0.,0.));
#7212=DIRECTION('center_axis',(0.981747693583716,-0.190187975810918,0.));
#7213=DIRECTION('ref_axis',(-0.190187975810918,-0.981747693583716,0.));
#7214=DIRECTION('',(-0.190187975810918,-0.981747693583716,0.));
#7215=DIRECTION('',(0.,0.,-1.));
#7216=DIRECTION('',(-0.190187975810918,-0.981747693583716,0.));
#7217=DIRECTION('',(0.,0.,-1.));
#7218=DIRECTION('center_axis',(-0.881319487339876,-0.472520857989335,0.));
#7219=DIRECTION('ref_axis',(-0.472520857989335,0.881319487339876,0.));
#7220=DIRECTION('',(-0.472520857989335,0.881319487339876,0.));
#7221=DIRECTION('',(0.,0.,-1.));
#7222=DIRECTION('',(-0.472520857989335,0.881319487339876,0.));
#7223=DIRECTION('center_axis',(-0.342020143325668,0.939692620785909,0.));
#7224=DIRECTION('ref_axis',(0.939692620785909,0.342020143325668,0.));
#7225=DIRECTION('',(0.939692620785909,0.342020143325668,0.));
#7226=DIRECTION('',(0.939692620785909,0.342020143325668,0.));
#7227=DIRECTION('center_axis',(0.342020143325669,-0.939692620785908,0.));
#7228=DIRECTION('ref_axis',(-0.939692620785908,-0.342020143325669,0.));
#7229=DIRECTION('',(-0.939692620785908,-0.342020143325669,0.));
#7230=DIRECTION('',(0.,0.,-1.));
#7231=DIRECTION('',(-0.939692620785908,-0.342020143325669,0.));
#7232=DIRECTION('',(0.,0.,-1.));
#7233=DIRECTION('center_axis',(0.872740557234318,0.488184309209475,0.));
#7234=DIRECTION('ref_axis',(0.488184309209475,-0.872740557234318,0.));
#7235=DIRECTION('',(0.488184309209475,-0.872740557234318,0.));
#7236=DIRECTION('',(0.,0.,-1.));
#7237=DIRECTION('',(0.488184309209475,-0.872740557234318,0.));
#7238=DIRECTION('center_axis',(-0.342020143325668,0.939692620785909,0.));
#7239=DIRECTION('ref_axis',(0.939692620785909,0.342020143325668,0.));
#7240=DIRECTION('',(0.939692620785909,0.342020143325668,0.));
#7241=DIRECTION('',(0.,0.,-1.));
#7242=DIRECTION('',(0.939692620785909,0.342020143325668,0.));
#7243=DIRECTION('center_axis',(-0.986321643002397,0.16483208590882,0.));
#7244=DIRECTION('ref_axis',(0.16483208590882,0.986321643002397,0.));
#7245=DIRECTION('',(0.16483208590882,0.986321643002397,0.));
#7246=DIRECTION('',(0.,0.,-1.));
#7247=DIRECTION('',(0.16483208590882,0.986321643002397,0.));
#7248=DIRECTION('center_axis',(0.342020143325671,-0.939692620785908,0.));
#7249=DIRECTION('ref_axis',(-0.939692620785907,-0.342020143325671,0.));
#7250=DIRECTION('',(-0.939692620785907,-0.342020143325671,0.));
#7251=DIRECTION('',(0.,0.,-1.));
#7252=DIRECTION('',(-0.939692620785907,-0.342020143325671,0.));
#7253=DIRECTION('center_axis',(0.988986853756247,-0.148003388803499,0.));
#7254=DIRECTION('ref_axis',(-0.148003388803499,-0.988986853756247,0.));
#7255=DIRECTION('',(-0.148003388803499,-0.988986853756247,0.));
#7256=DIRECTION('',(0.,0.,-1.));
#7257=DIRECTION('',(-0.148003388803499,-0.988986853756247,0.));
#7258=DIRECTION('center_axis',(0.34202014332567,-0.939692620785908,0.));
#7259=DIRECTION('ref_axis',(-0.939692620785908,-0.34202014332567,0.));
#7260=DIRECTION('',(-0.939692620785908,-0.34202014332567,0.));
#7261=DIRECTION('',(0.,0.,-1.));
#7262=DIRECTION('',(-0.939692620785908,-0.34202014332567,0.));
#7263=DIRECTION('center_axis',(-0.877983545710334,-0.478690811967297,0.));
#7264=DIRECTION('ref_axis',(-0.478690811967297,0.877983545710334,0.));
#7265=DIRECTION('',(-0.478690811967297,0.877983545710334,0.));
#7266=DIRECTION('',(-0.478690811967297,0.877983545710334,0.));
#7267=DIRECTION('center_axis',(0.,0.,-1.));
#7268=DIRECTION('ref_axis',(-1.,0.,0.));
#7269=DIRECTION('center_axis',(0.981747659064966,-0.190188153996142,0.));
#7270=DIRECTION('ref_axis',(-0.190188153996142,-0.981747659064965,0.));
#7271=DIRECTION('',(-0.190188153996142,-0.981747659064965,0.));
#7272=DIRECTION('',(0.,0.,-1.));
#7273=DIRECTION('',(-0.190188153996142,-0.981747659064965,0.));
#7274=DIRECTION('',(0.,0.,-1.));
#7275=DIRECTION('center_axis',(-0.881319715868099,-0.472520431751023,0.));
#7276=DIRECTION('ref_axis',(-0.472520431751023,0.881319715868099,0.));
#7277=DIRECTION('',(-0.472520431751023,0.881319715868099,0.));
#7278=DIRECTION('',(0.,0.,-1.));
#7279=DIRECTION('',(-0.472520431751023,0.881319715868099,0.));
#7280=DIRECTION('center_axis',(-0.342020143325669,0.939692620785908,0.));
#7281=DIRECTION('ref_axis',(0.939692620785908,0.342020143325669,0.));
#7282=DIRECTION('',(0.939692620785908,0.342020143325669,0.));
#7283=DIRECTION('',(0.939692620785908,0.342020143325669,0.));
#7284=DIRECTION('center_axis',(0.342020143325672,-0.939692620785907,0.));
#7285=DIRECTION('ref_axis',(-0.939692620785907,-0.342020143325672,0.));
#7286=DIRECTION('',(-0.939692620785907,-0.342020143325672,0.));
#7287=DIRECTION('',(0.,0.,-1.));
#7288=DIRECTION('',(-0.939692620785907,-0.342020143325672,0.));
#7289=DIRECTION('',(0.,0.,-1.));
#7290=DIRECTION('center_axis',(0.872740368228714,0.488184647099853,0.));
#7291=DIRECTION('ref_axis',(0.488184647099853,-0.872740368228714,0.));
#7292=DIRECTION('',(0.488184647099853,-0.872740368228714,0.));
#7293=DIRECTION('',(0.,0.,-1.));
#7294=DIRECTION('',(0.488184647099853,-0.872740368228714,0.));
#7295=DIRECTION('center_axis',(-0.342020143325668,0.939692620785909,0.));
#7296=DIRECTION('ref_axis',(0.939692620785909,0.342020143325668,0.));
#7297=DIRECTION('',(0.939692620785909,0.342020143325668,0.));
#7298=DIRECTION('',(0.,0.,-1.));
#7299=DIRECTION('',(0.939692620785909,0.342020143325668,0.));
#7300=DIRECTION('center_axis',(-0.986321655409532,0.164832011667034,0.));
#7301=DIRECTION('ref_axis',(0.164832011667034,0.986321655409532,0.));
#7302=DIRECTION('',(0.164832011667034,0.986321655409532,0.));
#7303=DIRECTION('',(0.,0.,-1.));
#7304=DIRECTION('',(0.164832011667034,0.986321655409532,0.));
#7305=DIRECTION('center_axis',(0.342020143325671,-0.939692620785908,0.));
#7306=DIRECTION('ref_axis',(-0.939692620785907,-0.342020143325671,0.));
#7307=DIRECTION('',(-0.939692620785907,-0.342020143325671,0.));
#7308=DIRECTION('',(0.,0.,-1.));
#7309=DIRECTION('',(-0.939692620785907,-0.342020143325671,0.));
#7310=DIRECTION('center_axis',(0.988986802388066,-0.148003732055067,0.));
#7311=DIRECTION('ref_axis',(-0.148003732055067,-0.988986802388066,0.));
#7312=DIRECTION('',(-0.148003732055067,-0.988986802388066,0.));
#7313=DIRECTION('',(0.,0.,-1.));
#7314=DIRECTION('',(-0.148003732055067,-0.988986802388066,0.));
#7315=DIRECTION('center_axis',(0.34202014332567,-0.939692620785908,0.));
#7316=DIRECTION('ref_axis',(-0.939692620785908,-0.34202014332567,0.));
#7317=DIRECTION('',(-0.939692620785908,-0.34202014332567,0.));
#7318=DIRECTION('',(0.,0.,-1.));
#7319=DIRECTION('',(-0.939692620785908,-0.34202014332567,0.));
#7320=DIRECTION('center_axis',(-0.877983545710334,-0.478690811967297,0.));
#7321=DIRECTION('ref_axis',(-0.478690811967297,0.877983545710334,0.));
#7322=DIRECTION('',(-0.478690811967297,0.877983545710334,0.));
#7323=DIRECTION('',(-0.478690811967297,0.877983545710334,0.));
#7324=DIRECTION('center_axis',(0.,0.,-1.));
#7325=DIRECTION('ref_axis',(-1.,0.,0.));
#7326=DIRECTION('center_axis',(0.342020143325672,-0.939692620785907,0.));
#7327=DIRECTION('ref_axis',(-0.939692620785907,-0.342020143325672,0.));
#7328=DIRECTION('',(-0.939692620785907,-0.342020143325672,0.));
#7329=DIRECTION('',(0.,0.,-1.));
#7330=DIRECTION('',(-0.939692620785907,-0.342020143325672,0.));
#7331=DIRECTION('',(0.,0.,-1.));
#7332=DIRECTION('center_axis',(0.989841194299373,0.142177389440062,0.));
#7333=DIRECTION('ref_axis',(0.142177389440062,-0.989841194299373,0.));
#7334=DIRECTION('',(0.142177389440062,-0.989841194299373,0.));
#7335=DIRECTION('',(0.,0.,-1.));
#7336=DIRECTION('',(0.142177389440062,-0.989841194299373,0.));
#7337=DIRECTION('center_axis',(-0.342020143325672,0.939692620785907,0.));
#7338=DIRECTION('ref_axis',(0.939692620785907,0.342020143325672,0.));
#7339=DIRECTION('',(0.939692620785907,0.342020143325672,0.));
#7340=DIRECTION('',(0.,0.,-1.));
#7341=DIRECTION('',(0.939692620785907,0.342020143325672,0.));
#7342=DIRECTION('center_axis',(-0.989841194299373,-0.142177389440062,0.));
#7343=DIRECTION('ref_axis',(-0.142177389440062,0.989841194299373,0.));
#7344=DIRECTION('',(-0.142177389440062,0.989841194299373,0.));
#7345=DIRECTION('',(-0.142177389440062,0.989841194299373,0.));
#7346=DIRECTION('center_axis',(0.,0.,-1.));
#7347=DIRECTION('ref_axis',(-1.,0.,0.));
#7348=DIRECTION('center_axis',(0.342020143325672,-0.939692620785907,0.));
#7349=DIRECTION('ref_axis',(-0.939692620785907,-0.342020143325672,0.));
#7350=DIRECTION('',(-0.939692620785907,-0.342020143325672,0.));
#7351=DIRECTION('',(0.,0.,-1.));
#7352=DIRECTION('',(-0.939692620785907,-0.342020143325672,0.));
#7353=DIRECTION('',(0.,0.,-1.));
#7354=DIRECTION('center_axis',(0.989841194299373,0.142177389440062,0.));
#7355=DIRECTION('ref_axis',(0.142177389440062,-0.989841194299373,0.));
#7356=DIRECTION('',(0.142177389440062,-0.989841194299373,0.));
#7357=DIRECTION('',(0.,0.,-1.));
#7358=DIRECTION('',(0.142177389440062,-0.989841194299373,0.));
#7359=DIRECTION('center_axis',(-0.342020143325672,0.939692620785907,0.));
#7360=DIRECTION('ref_axis',(0.939692620785907,0.342020143325672,0.));
#7361=DIRECTION('',(0.939692620785907,0.342020143325672,0.));
#7362=DIRECTION('',(0.,0.,-1.));
#7363=DIRECTION('',(0.939692620785907,0.342020143325672,0.));
#7364=DIRECTION('center_axis',(-0.989841194299373,-0.142177389440062,0.));
#7365=DIRECTION('ref_axis',(-0.142177389440062,0.989841194299373,0.));
#7366=DIRECTION('',(-0.142177389440062,0.989841194299373,0.));
#7367=DIRECTION('',(-0.142177389440062,0.989841194299373,0.));
#7368=DIRECTION('center_axis',(0.,0.,-1.));
#7369=DIRECTION('ref_axis',(-1.,0.,0.));
#7370=DIRECTION('center_axis',(0.989588840887963,0.143923333723261,0.));
#7371=DIRECTION('ref_axis',(0.143923333723261,-0.989588840887963,0.));
#7372=DIRECTION('',(0.143923333723261,-0.989588840887963,0.));
#7373=DIRECTION('',(0.,0.,-1.));
#7374=DIRECTION('',(0.143923333723261,-0.989588840887963,0.));
#7375=DIRECTION('',(0.,0.,-1.));
#7376=DIRECTION('center_axis',(-0.34202014332567,0.939692620785908,0.));
#7377=DIRECTION('ref_axis',(0.939692620785908,0.34202014332567,0.));
#7378=DIRECTION('',(0.939692620785908,0.34202014332567,0.));
#7379=DIRECTION('',(0.,0.,-1.));
#7380=DIRECTION('',(0.939692620785908,0.34202014332567,0.));
#7381=DIRECTION('center_axis',(-0.989746679468286,-0.142833856215891,0.));
#7382=DIRECTION('ref_axis',(-0.142833856215891,0.989746679468286,0.));
#7383=DIRECTION('',(-0.142833856215891,0.989746679468286,0.));
#7384=DIRECTION('',(0.,0.,-1.));
#7385=DIRECTION('',(-0.142833856215891,0.989746679468286,0.));
#7386=DIRECTION('center_axis',(-0.973821086529679,-0.227315840693418,0.));
#7387=DIRECTION('ref_axis',(-0.227315840693418,0.973821086529679,0.));
#7388=DIRECTION('',(-0.227315840693418,0.973821086529679,0.));
#7389=DIRECTION('',(0.,0.,-1.));
#7390=DIRECTION('',(-0.227315840693418,0.973821086529679,0.));
#7391=DIRECTION('center_axis',(0.342020143325674,-0.939692620785907,0.));
#7392=DIRECTION('ref_axis',(-0.939692620785907,-0.342020143325673,0.));
#7393=DIRECTION('',(-0.939692620785907,-0.342020143325673,0.));
#7394=DIRECTION('',(0.,0.,-1.));
#7395=DIRECTION('',(-0.939692620785907,-0.342020143325673,0.));
#7396=DIRECTION('center_axis',(0.999067587357614,0.0431735554643961,0.));
#7397=DIRECTION('ref_axis',(0.0431735554643961,-0.999067587357614,0.));
#7398=DIRECTION('',(0.0431735554643961,-0.999067587357614,0.));
#7399=DIRECTION('',(0.0431735554643961,-0.999067587357614,0.));
#7400=DIRECTION('center_axis',(0.,0.,-1.));
#7401=DIRECTION('ref_axis',(-1.,0.,0.));
#7402=DIRECTION('center_axis',(0.989588840887963,0.143923333723261,0.));
#7403=DIRECTION('ref_axis',(0.143923333723261,-0.989588840887963,0.));
#7404=DIRECTION('',(0.143923333723261,-0.989588840887963,0.));
#7405=DIRECTION('',(0.,0.,-1.));
#7406=DIRECTION('',(0.143923333723261,-0.989588840887963,0.));
#7407=DIRECTION('',(0.,0.,-1.));
#7408=DIRECTION('center_axis',(-0.34202014332567,0.939692620785908,0.));
#7409=DIRECTION('ref_axis',(0.939692620785908,0.34202014332567,0.));
#7410=DIRECTION('',(0.939692620785908,0.34202014332567,0.));
#7411=DIRECTION('',(0.,0.,-1.));
#7412=DIRECTION('',(0.939692620785908,0.34202014332567,0.));
#7413=DIRECTION('center_axis',(-0.989746679468286,-0.142833856215891,0.));
#7414=DIRECTION('ref_axis',(-0.142833856215891,0.989746679468286,0.));
#7415=DIRECTION('',(-0.142833856215891,0.989746679468286,0.));
#7416=DIRECTION('',(0.,0.,-1.));
#7417=DIRECTION('',(-0.142833856215891,0.989746679468286,0.));
#7418=DIRECTION('center_axis',(-0.973821086529679,-0.227315840693418,0.));
#7419=DIRECTION('ref_axis',(-0.227315840693418,0.973821086529679,0.));
#7420=DIRECTION('',(-0.227315840693418,0.973821086529679,0.));
#7421=DIRECTION('',(0.,0.,-1.));
#7422=DIRECTION('',(-0.227315840693418,0.973821086529679,0.));
#7423=DIRECTION('center_axis',(0.342020143325674,-0.939692620785907,0.));
#7424=DIRECTION('ref_axis',(-0.939692620785907,-0.342020143325673,0.));
#7425=DIRECTION('',(-0.939692620785907,-0.342020143325673,0.));
#7426=DIRECTION('',(0.,0.,-1.));
#7427=DIRECTION('',(-0.939692620785907,-0.342020143325673,0.));
#7428=DIRECTION('center_axis',(0.999067587357614,0.0431735554643961,0.));
#7429=DIRECTION('ref_axis',(0.0431735554643961,-0.999067587357614,0.));
#7430=DIRECTION('',(0.0431735554643961,-0.999067587357614,0.));
#7431=DIRECTION('',(0.0431735554643961,-0.999067587357614,0.));
#7432=DIRECTION('center_axis',(0.,0.,-1.));
#7433=DIRECTION('ref_axis',(-1.,0.,0.));
#7434=DIRECTION('center_axis',(0.989588840887963,0.143923333723261,0.));
#7435=DIRECTION('ref_axis',(0.143923333723261,-0.989588840887963,0.));
#7436=DIRECTION('',(0.143923333723261,-0.989588840887963,0.));
#7437=DIRECTION('',(0.,0.,-1.));
#7438=DIRECTION('',(0.143923333723261,-0.989588840887963,0.));
#7439=DIRECTION('',(0.,0.,-1.));
#7440=DIRECTION('center_axis',(-0.34202014332567,0.939692620785908,0.));
#7441=DIRECTION('ref_axis',(0.939692620785908,0.34202014332567,0.));
#7442=DIRECTION('',(0.939692620785908,0.34202014332567,0.));
#7443=DIRECTION('',(0.,0.,-1.));
#7444=DIRECTION('',(0.939692620785908,0.34202014332567,0.));
#7445=DIRECTION('center_axis',(-0.989746679468286,-0.142833856215891,0.));
#7446=DIRECTION('ref_axis',(-0.142833856215891,0.989746679468286,0.));
#7447=DIRECTION('',(-0.142833856215891,0.989746679468286,0.));
#7448=DIRECTION('',(0.,0.,-1.));
#7449=DIRECTION('',(-0.142833856215891,0.989746679468286,0.));
#7450=DIRECTION('center_axis',(-0.973821086529679,-0.227315840693418,0.));
#7451=DIRECTION('ref_axis',(-0.227315840693418,0.973821086529679,0.));
#7452=DIRECTION('',(-0.227315840693418,0.973821086529679,0.));
#7453=DIRECTION('',(0.,0.,-1.));
#7454=DIRECTION('',(-0.227315840693418,0.973821086529679,0.));
#7455=DIRECTION('center_axis',(0.342020143325674,-0.939692620785907,0.));
#7456=DIRECTION('ref_axis',(-0.939692620785907,-0.342020143325673,0.));
#7457=DIRECTION('',(-0.939692620785907,-0.342020143325673,0.));
#7458=DIRECTION('',(0.,0.,-1.));
#7459=DIRECTION('',(-0.939692620785907,-0.342020143325673,0.));
#7460=DIRECTION('center_axis',(0.999067587357614,0.0431735554643961,0.));
#7461=DIRECTION('ref_axis',(0.0431735554643961,-0.999067587357614,0.));
#7462=DIRECTION('',(0.0431735554643961,-0.999067587357614,0.));
#7463=DIRECTION('',(0.0431735554643961,-0.999067587357614,0.));
#7464=DIRECTION('center_axis',(0.,0.,-1.));
#7465=DIRECTION('ref_axis',(-1.,0.,0.));
#7466=DIRECTION('center_axis',(0.342020143325667,-0.939692620785909,0.));
#7467=DIRECTION('ref_axis',(-0.939692620785909,-0.342020143325667,0.));
#7468=DIRECTION('',(-0.939692620785909,-0.342020143325667,0.));
#7469=DIRECTION('',(0.,0.,-1.));
#7470=DIRECTION('',(-0.939692620785909,-0.342020143325667,0.));
#7471=DIRECTION('',(0.,0.,-1.));
#7472=DIRECTION('center_axis',(0.989751676261981,0.142799227366951,0.));
#7473=DIRECTION('ref_axis',(0.142799227366951,-0.989751676261981,0.));
#7474=DIRECTION('',(0.142799227366951,-0.989751676261981,0.));
#7475=DIRECTION('',(0.,0.,-1.));
#7476=DIRECTION('',(0.142799227366951,-0.989751676261981,0.));
#7477=DIRECTION('center_axis',(-0.34202014332567,0.939692620785908,0.));
#7478=DIRECTION('ref_axis',(0.939692620785908,0.34202014332567,0.));
#7479=DIRECTION('',(0.939692620785908,0.34202014332567,0.));
#7480=DIRECTION('',(0.,0.,-1.));
#7481=DIRECTION('',(0.939692620785908,0.34202014332567,0.));
#7482=DIRECTION('center_axis',(-0.989958079565539,-0.141361241869582,0.));
#7483=DIRECTION('ref_axis',(-0.141361241869582,0.989958079565539,0.));
#7484=DIRECTION('',(-0.141361241869582,0.989958079565539,0.));
#7485=DIRECTION('',(0.,0.,-1.));
#7486=DIRECTION('',(-0.141361241869582,0.989958079565539,0.));
#7487=DIRECTION('center_axis',(-0.342020143325669,0.939692620785908,0.));
#7488=DIRECTION('ref_axis',(0.939692620785908,0.342020143325669,0.));
#7489=DIRECTION('',(0.939692620785908,0.342020143325669,0.));
#7490=DIRECTION('',(0.,0.,-1.));
#7491=DIRECTION('',(0.939692620785908,0.342020143325669,0.));
#7492=DIRECTION('center_axis',(0.989717342637264,0.143036994106533,0.));
#7493=DIRECTION('ref_axis',(0.143036994106533,-0.989717342637264,0.));
#7494=DIRECTION('',(0.143036994106533,-0.989717342637264,0.));
#7495=DIRECTION('',(0.,0.,-1.));
#7496=DIRECTION('',(0.143036994106533,-0.989717342637264,0.));
#7497=DIRECTION('center_axis',(-0.342020143325667,0.939692620785909,0.));
#7498=DIRECTION('ref_axis',(0.939692620785909,0.342020143325667,0.));
#7499=DIRECTION('',(0.939692620785909,0.342020143325667,0.));
#7500=DIRECTION('',(0.,0.,-1.));
#7501=DIRECTION('',(0.939692620785909,0.342020143325667,0.));
#7502=DIRECTION('center_axis',(-0.98984478565154,-0.142152384146228,0.));
#7503=DIRECTION('ref_axis',(-0.142152384146228,0.98984478565154,0.));
#7504=DIRECTION('',(-0.142152384146228,0.98984478565154,0.));
#7505=DIRECTION('',(0.,0.,-1.));
#7506=DIRECTION('',(-0.142152384146228,0.98984478565154,0.));
#7507=DIRECTION('center_axis',(0.342020143325667,-0.939692620785909,0.));
#7508=DIRECTION('ref_axis',(-0.939692620785909,-0.342020143325667,0.));
#7509=DIRECTION('',(-0.939692620785909,-0.342020143325667,0.));
#7510=DIRECTION('',(0.,0.,-1.));
#7511=DIRECTION('',(-0.939692620785909,-0.342020143325667,0.));
#7512=DIRECTION('center_axis',(0.989810276702467,0.142392472182298,0.));
#7513=DIRECTION('ref_axis',(0.142392472182298,-0.989810276702467,0.));
#7514=DIRECTION('',(0.142392472182298,-0.989810276702467,0.));
#7515=DIRECTION('',(0.,0.,-1.));
#7516=DIRECTION('',(0.142392472182298,-0.989810276702467,0.));
#7517=DIRECTION('center_axis',(0.342020143325671,-0.939692620785908,0.));
#7518=DIRECTION('ref_axis',(-0.939692620785908,-0.342020143325671,0.));
#7519=DIRECTION('',(-0.939692620785908,-0.342020143325671,0.));
#7520=DIRECTION('',(0.,0.,-1.));
#7521=DIRECTION('',(-0.939692620785908,-0.342020143325671,0.));
#7522=DIRECTION('center_axis',(-0.989810337368022,-0.142392050478258,0.));
#7523=DIRECTION('ref_axis',(-0.142392050478258,0.989810337368022,0.));
#7524=DIRECTION('',(-0.142392050478258,0.989810337368022,0.));
#7525=DIRECTION('',(-0.142392050478258,0.989810337368022,0.));
#7526=DIRECTION('center_axis',(0.,0.,-1.));
#7527=DIRECTION('ref_axis',(-1.,0.,0.));
#7528=DIRECTION('center_axis',(0.342020143325667,-0.939692620785909,0.));
#7529=DIRECTION('ref_axis',(-0.939692620785909,-0.342020143325667,0.));
#7530=DIRECTION('',(-0.939692620785909,-0.342020143325667,0.));
#7531=DIRECTION('',(0.,0.,-1.));
#7532=DIRECTION('',(-0.939692620785909,-0.342020143325667,0.));
#7533=DIRECTION('',(0.,0.,-1.));
#7534=DIRECTION('center_axis',(0.989751662668401,0.142799321584999,0.));
#7535=DIRECTION('ref_axis',(0.142799321584999,-0.989751662668401,0.));
#7536=DIRECTION('',(0.142799321584999,-0.989751662668401,0.));
#7537=DIRECTION('',(0.,0.,-1.));
#7538=DIRECTION('',(0.142799321584999,-0.989751662668401,0.));
#7539=DIRECTION('center_axis',(-0.342020143325668,0.939692620785909,0.));
#7540=DIRECTION('ref_axis',(0.939692620785909,0.342020143325668,0.));
#7541=DIRECTION('',(0.939692620785909,0.342020143325668,0.));
#7542=DIRECTION('',(0.,0.,-1.));
#7543=DIRECTION('',(0.939692620785909,0.342020143325668,0.));
#7544=DIRECTION('center_axis',(-0.989958027315876,-0.141361607775444,0.));
#7545=DIRECTION('ref_axis',(-0.141361607775444,0.989958027315877,0.));
#7546=DIRECTION('',(-0.141361607775444,0.989958027315877,0.));
#7547=DIRECTION('',(0.,0.,-1.));
#7548=DIRECTION('',(-0.141361607775444,0.989958027315877,0.));
#7549=DIRECTION('center_axis',(-0.34202014332567,0.939692620785908,0.));
#7550=DIRECTION('ref_axis',(0.939692620785908,0.34202014332567,0.));
#7551=DIRECTION('',(0.939692620785908,0.34202014332567,0.));
#7552=DIRECTION('',(0.,0.,-1.));
#7553=DIRECTION('',(0.939692620785908,0.34202014332567,0.));
#7554=DIRECTION('center_axis',(0.989717342637264,0.143036994106533,0.));
#7555=DIRECTION('ref_axis',(0.143036994106533,-0.989717342637264,0.));
#7556=DIRECTION('',(0.143036994106533,-0.989717342637264,0.));
#7557=DIRECTION('',(0.,0.,-1.));
#7558=DIRECTION('',(0.143036994106533,-0.989717342637264,0.));
#7559=DIRECTION('center_axis',(-0.342020143325667,0.939692620785909,0.));
#7560=DIRECTION('ref_axis',(0.939692620785909,0.342020143325667,0.));
#7561=DIRECTION('',(0.939692620785909,0.342020143325667,0.));
#7562=DIRECTION('',(0.,0.,-1.));
#7563=DIRECTION('',(0.939692620785909,0.342020143325667,0.));
#7564=DIRECTION('center_axis',(-0.989844789033616,-0.142152360595937,0.));
#7565=DIRECTION('ref_axis',(-0.142152360595937,0.989844789033615,0.));
#7566=DIRECTION('',(-0.142152360595937,0.989844789033615,0.));
#7567=DIRECTION('',(0.,0.,-1.));
#7568=DIRECTION('',(-0.142152360595937,0.989844789033615,0.));
#7569=DIRECTION('center_axis',(0.342020143325671,-0.939692620785907,0.));
#7570=DIRECTION('ref_axis',(-0.939692620785907,-0.342020143325671,0.));
#7571=DIRECTION('',(-0.939692620785907,-0.342020143325671,0.));
#7572=DIRECTION('',(0.,0.,-1.));
#7573=DIRECTION('',(-0.939692620785907,-0.342020143325671,0.));
#7574=DIRECTION('center_axis',(0.989810291868873,0.142392366756284,0.));
#7575=DIRECTION('ref_axis',(0.142392366756284,-0.989810291868873,0.));
#7576=DIRECTION('',(0.142392366756284,-0.989810291868873,0.));
#7577=DIRECTION('',(0.,0.,-1.));
#7578=DIRECTION('',(0.142392366756284,-0.989810291868873,0.));
#7579=DIRECTION('center_axis',(0.34202014332567,-0.939692620785908,0.));
#7580=DIRECTION('ref_axis',(-0.939692620785908,-0.34202014332567,0.));
#7581=DIRECTION('',(-0.939692620785908,-0.34202014332567,0.));
#7582=DIRECTION('',(0.,0.,-1.));
#7583=DIRECTION('',(-0.939692620785908,-0.34202014332567,0.));
#7584=DIRECTION('center_axis',(-0.989810291868873,-0.142392366756284,0.));
#7585=DIRECTION('ref_axis',(-0.142392366756284,0.989810291868873,0.));
#7586=DIRECTION('',(-0.142392366756284,0.989810291868873,0.));
#7587=DIRECTION('',(-0.142392366756284,0.989810291868873,0.));
#7588=DIRECTION('center_axis',(0.,0.,-1.));
#7589=DIRECTION('ref_axis',(-1.,0.,0.));
#7590=DIRECTION('center_axis',(0.981747659064966,-0.190188153996142,0.));
#7591=DIRECTION('ref_axis',(-0.190188153996142,-0.981747659064965,0.));
#7592=DIRECTION('',(-0.190188153996142,-0.981747659064965,0.));
#7593=DIRECTION('',(0.,0.,-1.));
#7594=DIRECTION('',(-0.190188153996142,-0.981747659064965,0.));
#7595=DIRECTION('',(0.,0.,-1.));
#7596=DIRECTION('center_axis',(-0.881319258811479,-0.472521284227479,0.));
#7597=DIRECTION('ref_axis',(-0.472521284227479,0.881319258811479,0.));
#7598=DIRECTION('',(-0.472521284227479,0.881319258811479,0.));
#7599=DIRECTION('',(0.,0.,-1.));
#7600=DIRECTION('',(-0.472521284227479,0.881319258811479,0.));
#7601=DIRECTION('center_axis',(-0.342020143325669,0.939692620785908,0.));
#7602=DIRECTION('ref_axis',(0.939692620785908,0.342020143325669,0.));
#7603=DIRECTION('',(0.939692620785908,0.342020143325669,0.));
#7604=DIRECTION('',(0.939692620785908,0.342020143325669,0.));
#7605=DIRECTION('center_axis',(0.342020143325669,-0.939692620785908,0.));
#7606=DIRECTION('ref_axis',(-0.939692620785909,-0.342020143325669,0.));
#7607=DIRECTION('',(-0.939692620785909,-0.342020143325669,0.));
#7608=DIRECTION('',(0.,0.,-1.));
#7609=DIRECTION('',(-0.939692620785909,-0.342020143325669,0.));
#7610=DIRECTION('',(0.,0.,-1.));
#7611=DIRECTION('center_axis',(0.872740572576499,0.488184281781834,0.));
#7612=DIRECTION('ref_axis',(0.488184281781834,-0.872740572576499,0.));
#7613=DIRECTION('',(0.488184281781834,-0.872740572576499,0.));
#7614=DIRECTION('',(0.,0.,-1.));
#7615=DIRECTION('',(0.488184281781834,-0.872740572576499,0.));
#7616=DIRECTION('center_axis',(-0.342020143325671,0.939692620785908,0.));
#7617=DIRECTION('ref_axis',(0.939692620785908,0.342020143325671,0.));
#7618=DIRECTION('',(0.939692620785908,0.342020143325671,0.));
#7619=DIRECTION('',(0.,0.,-1.));
#7620=DIRECTION('',(0.939692620785908,0.342020143325671,0.));
#7621=DIRECTION('center_axis',(-0.986321644627343,0.164832076185471,0.));
#7622=DIRECTION('ref_axis',(0.164832076185471,0.986321644627343,0.));
#7623=DIRECTION('',(0.164832076185471,0.986321644627343,0.));
#7624=DIRECTION('',(0.,0.,-1.));
#7625=DIRECTION('',(0.164832076185471,0.986321644627343,0.));
#7626=DIRECTION('center_axis',(0.342020143325671,-0.939692620785908,0.));
#7627=DIRECTION('ref_axis',(-0.939692620785907,-0.342020143325671,0.));
#7628=DIRECTION('',(-0.939692620785907,-0.342020143325671,0.));
#7629=DIRECTION('',(0.,0.,-1.));
#7630=DIRECTION('',(-0.939692620785907,-0.342020143325671,0.));
#7631=DIRECTION('center_axis',(0.988986905124328,-0.148003045551785,0.));
#7632=DIRECTION('ref_axis',(-0.148003045551785,-0.988986905124328,0.));
#7633=DIRECTION('',(-0.148003045551785,-0.988986905124328,0.));
#7634=DIRECTION('',(0.,0.,-1.));
#7635=DIRECTION('',(-0.148003045551785,-0.988986905124328,0.));
#7636=DIRECTION('center_axis',(0.34202014332567,-0.939692620785908,0.));
#7637=DIRECTION('ref_axis',(-0.939692620785908,-0.34202014332567,0.));
#7638=DIRECTION('',(-0.939692620785908,-0.34202014332567,0.));
#7639=DIRECTION('',(0.,0.,-1.));
#7640=DIRECTION('',(-0.939692620785908,-0.34202014332567,0.));
#7641=DIRECTION('center_axis',(-0.877983545710334,-0.478690811967297,0.));
#7642=DIRECTION('ref_axis',(-0.478690811967297,0.877983545710334,0.));
#7643=DIRECTION('',(-0.478690811967297,0.877983545710334,0.));
#7644=DIRECTION('',(-0.478690811967297,0.877983545710334,0.));
#7645=DIRECTION('center_axis',(0.,0.,-1.));
#7646=DIRECTION('ref_axis',(-1.,0.,0.));
#7647=DIRECTION('center_axis',(0.342020143325669,-0.939692620785908,0.));
#7648=DIRECTION('ref_axis',(-0.939692620785908,-0.342020143325669,0.));
#7649=DIRECTION('',(-0.939692620785908,-0.342020143325669,0.));
#7650=DIRECTION('',(0.,0.,-1.));
#7651=DIRECTION('',(-0.939692620785908,-0.342020143325669,0.));
#7652=DIRECTION('',(0.,0.,-1.));
#7653=DIRECTION('',(0.,0.,-1.));
#7654=DIRECTION('',(0.,0.,-1.));
#7655=DIRECTION('',(0.,0.,-1.));
#7656=DIRECTION('',(0.,0.,-1.));
#7657=DIRECTION('',(0.,0.,-1.));
#7658=DIRECTION('',(0.,0.,-1.));
#7659=DIRECTION('center_axis',(-0.342020143325664,0.93969262078591,0.));
#7660=DIRECTION('ref_axis',(0.93969262078591,0.342020143325664,0.));
#7661=DIRECTION('',(0.93969262078591,0.342020143325664,0.));
#7662=DIRECTION('',(0.,0.,-1.));
#7663=DIRECTION('',(0.93969262078591,0.342020143325664,0.));
#7664=DIRECTION('center_axis',(0.989979081166462,0.141214088719245,0.));
#7665=DIRECTION('ref_axis',(0.141214088719245,-0.989979081166462,0.));
#7666=DIRECTION('',(0.141214088719245,-0.989979081166462,0.));
#7667=DIRECTION('',(0.141214088719245,-0.989979081166462,0.));
#7668=DIRECTION('center_axis',(0.342020143325671,-0.939692620785908,0.));
#7669=DIRECTION('ref_axis',(-0.939692620785907,-0.342020143325671,0.));
#7670=DIRECTION('',(-0.939692620785907,-0.342020143325671,0.));
#7671=DIRECTION('',(0.,0.,-1.));
#7672=DIRECTION('',(-0.939692620785907,-0.342020143325671,0.));
#7673=DIRECTION('',(0.,0.,-1.));
#7674=DIRECTION('',(0.,0.,-1.));
#7675=DIRECTION('',(0.,0.,-1.));
#7676=DIRECTION('',(0.,0.,-1.));
#7677=DIRECTION('',(0.,0.,-1.));
#7678=DIRECTION('',(0.,0.,-1.));
#7679=DIRECTION('',(0.,0.,-1.));
#7680=DIRECTION('',(0.,0.,-1.));
#7681=DIRECTION('',(0.,0.,-1.));
#7682=DIRECTION('center_axis',(-0.34202014332567,0.939692620785908,0.));
#7683=DIRECTION('ref_axis',(0.939692620785908,0.34202014332567,0.));
#7684=DIRECTION('',(0.939692620785908,0.34202014332567,0.));
#7685=DIRECTION('',(0.,0.,-1.));
#7686=DIRECTION('',(0.939692620785908,0.34202014332567,0.));
#7687=DIRECTION('center_axis',(-0.989844779985524,-0.142152423600193,0.));
#7688=DIRECTION('ref_axis',(-0.142152423600193,0.989844779985524,0.));
#7689=DIRECTION('',(-0.142152423600193,0.989844779985524,0.));
#7690=DIRECTION('',(0.,0.,-1.));
#7691=DIRECTION('',(-0.142152423600193,0.989844779985524,0.));
#7692=DIRECTION('center_axis',(0.342020143325667,-0.939692620785909,0.));
#7693=DIRECTION('ref_axis',(-0.939692620785909,-0.342020143325667,0.));
#7694=DIRECTION('',(-0.939692620785909,-0.342020143325667,0.));
#7695=DIRECTION('',(0.,0.,-1.));
#7696=DIRECTION('',(-0.939692620785909,-0.342020143325667,0.));
#7697=DIRECTION('center_axis',(0.989829669694333,0.142257600826136,0.));
#7698=DIRECTION('ref_axis',(0.142257600826136,-0.989829669694333,0.));
#7699=DIRECTION('',(0.142257600826136,-0.989829669694333,0.));
#7700=DIRECTION('',(0.142257600826136,-0.989829669694333,0.));
#7701=DIRECTION('center_axis',(0.,0.,1.));
#7702=DIRECTION('ref_axis',(-1.,0.,0.));
#7703=DIRECTION('',(0.,0.,-1.));
#7704=DIRECTION('',(0.,0.,-1.));
#7705=DIRECTION('',(0.,0.,-1.));
#7706=DIRECTION('',(0.,0.,-1.));
#7707=DIRECTION('',(0.,0.,-1.));
#7708=DIRECTION('',(0.,0.,-1.));
#7709=DIRECTION('',(0.,0.,-1.));
#7710=DIRECTION('',(0.,0.,-1.));
#7711=DIRECTION('',(0.,0.,-1.));
#7712=DIRECTION('center_axis',(0.431044346923809,-0.902330743677188,0.));
#7713=DIRECTION('ref_axis',(-0.902330743677188,-0.431044346923809,0.));
#7714=DIRECTION('',(-0.902330743677188,-0.431044346923809,0.));
#7715=DIRECTION('',(0.,0.,-1.));
#7716=DIRECTION('',(-0.902330743677188,-0.431044346923809,0.));
#7717=DIRECTION('',(0.,0.,-1.));
#7718=DIRECTION('',(0.,0.,-1.));
#7719=DIRECTION('',(0.,0.,-1.));
#7720=DIRECTION('',(0.,0.,-1.));
#7721=DIRECTION('',(0.,0.,-1.));
#7722=DIRECTION('',(0.,0.,-1.));
#7723=DIRECTION('',(0.,0.,-1.));
#7724=DIRECTION('',(0.,0.,-1.));
#7725=DIRECTION('',(0.,0.,-1.));
#7726=DIRECTION('center_axis',(-0.197580761032968,0.980286612613695,0.));
#7727=DIRECTION('ref_axis',(0.980286612613696,0.197580761032968,0.));
#7728=DIRECTION('',(0.980286612613696,0.197580761032968,0.));
#7729=DIRECTION('',(0.,0.,-1.));
#7730=DIRECTION('',(0.980286612613695,0.197580761032968,0.));
#7731=DIRECTION('center_axis',(0.,0.,1.));
#7732=DIRECTION('ref_axis',(-1.,0.,0.));
#7733=DIRECTION('center_axis',(0.342020143325667,-0.939692620785909,0.));
#7734=DIRECTION('ref_axis',(-0.939692620785909,-0.342020143325667,0.));
#7735=DIRECTION('',(-0.939692620785909,-0.342020143325667,0.));
#7736=DIRECTION('',(0.,0.,-1.));
#7737=DIRECTION('',(-0.939692620785909,-0.342020143325667,0.));
#7738=DIRECTION('',(0.,0.,-1.));
#7739=DIRECTION('center_axis',(0.98975165699359,0.14279936091749,0.));
#7740=DIRECTION('ref_axis',(0.14279936091749,-0.98975165699359,0.));
#7741=DIRECTION('',(0.14279936091749,-0.98975165699359,0.));
#7742=DIRECTION('',(0.,0.,-1.));
#7743=DIRECTION('',(0.14279936091749,-0.98975165699359,0.));
#7744=DIRECTION('center_axis',(-0.342020143325668,0.939692620785909,0.));
#7745=DIRECTION('ref_axis',(0.939692620785909,0.342020143325668,0.));
#7746=DIRECTION('',(0.939692620785909,0.342020143325668,0.));
#7747=DIRECTION('',(0.,0.,-1.));
#7748=DIRECTION('',(0.939692620785909,0.342020143325668,0.));
#7749=DIRECTION('center_axis',(-0.989958012668716,-0.141361710349748,0.));
#7750=DIRECTION('ref_axis',(-0.141361710349748,0.989958012668716,0.));
#7751=DIRECTION('',(-0.141361710349748,0.989958012668716,0.));
#7752=DIRECTION('',(0.,0.,-1.));
#7753=DIRECTION('',(-0.141361710349748,0.989958012668716,0.));
#7754=DIRECTION('center_axis',(-0.34202014332567,0.939692620785908,0.));
#7755=DIRECTION('ref_axis',(0.939692620785908,0.34202014332567,0.));
#7756=DIRECTION('',(0.939692620785908,0.34202014332567,0.));
#7757=DIRECTION('',(0.,0.,-1.));
#7758=DIRECTION('',(0.939692620785908,0.34202014332567,0.));
#7759=DIRECTION('center_axis',(0.989717327930633,0.143037095866237,0.));
#7760=DIRECTION('ref_axis',(0.143037095866237,-0.989717327930633,0.));
#7761=DIRECTION('',(0.143037095866237,-0.989717327930633,0.));
#7762=DIRECTION('',(0.,0.,-1.));
#7763=DIRECTION('',(0.143037095866237,-0.989717327930633,0.));
#7764=DIRECTION('center_axis',(-0.342020143325667,0.939692620785909,0.));
#7765=DIRECTION('ref_axis',(0.939692620785909,0.342020143325667,0.));
#7766=DIRECTION('',(0.939692620785909,0.342020143325667,0.));
#7767=DIRECTION('',(0.,0.,-1.));
#7768=DIRECTION('',(0.939692620785909,0.342020143325667,0.));
#7769=DIRECTION('center_axis',(-0.9898447833676,-0.142152400049907,0.));
#7770=DIRECTION('ref_axis',(-0.142152400049907,0.9898447833676,0.));
#7771=DIRECTION('',(-0.142152400049907,0.9898447833676,0.));
#7772=DIRECTION('',(0.,0.,-1.));
#7773=DIRECTION('',(-0.142152400049907,0.9898447833676,0.));
#7774=DIRECTION('center_axis',(0.342020143325671,-0.939692620785908,0.));
#7775=DIRECTION('ref_axis',(-0.939692620785907,-0.342020143325671,0.));
#7776=DIRECTION('',(-0.939692620785907,-0.342020143325671,0.));
#7777=DIRECTION('',(0.,0.,-1.));
#7778=DIRECTION('',(-0.939692620785907,-0.342020143325671,0.));
#7779=DIRECTION('center_axis',(0.989810291868873,0.142392366756284,0.));
#7780=DIRECTION('ref_axis',(0.142392366756284,-0.989810291868873,0.));
#7781=DIRECTION('',(0.142392366756284,-0.989810291868873,0.));
#7782=DIRECTION('',(0.,0.,-1.));
#7783=DIRECTION('',(0.142392366756284,-0.989810291868873,0.));
#7784=DIRECTION('center_axis',(0.34202014332567,-0.939692620785908,0.));
#7785=DIRECTION('ref_axis',(-0.939692620785908,-0.34202014332567,0.));
#7786=DIRECTION('',(-0.939692620785908,-0.34202014332567,0.));
#7787=DIRECTION('',(0.,0.,-1.));
#7788=DIRECTION('',(-0.939692620785908,-0.34202014332567,0.));
#7789=DIRECTION('center_axis',(-0.989810291868873,-0.142392366756284,0.));
#7790=DIRECTION('ref_axis',(-0.142392366756284,0.989810291868873,0.));
#7791=DIRECTION('',(-0.142392366756284,0.989810291868873,0.));
#7792=DIRECTION('',(-0.142392366756284,0.989810291868873,0.));
#7793=DIRECTION('center_axis',(0.,0.,-1.));
#7794=DIRECTION('ref_axis',(-1.,0.,0.));
#7795=DIRECTION('center_axis',(0.981747638353692,-0.190188260907316,0.));
#7796=DIRECTION('ref_axis',(-0.190188260907316,-0.981747638353691,0.));
#7797=DIRECTION('',(-0.190188260907316,-0.981747638353691,0.));
#7798=DIRECTION('',(0.,0.,-1.));
#7799=DIRECTION('',(-0.190188260907316,-0.981747638353691,0.));
#7800=DIRECTION('',(0.,0.,-1.));
#7801=DIRECTION('center_axis',(-0.881319242349647,-0.472521314931131,0.));
#7802=DIRECTION('ref_axis',(-0.472521314931131,0.881319242349647,0.));
#7803=DIRECTION('',(-0.472521314931131,0.881319242349647,0.));
#7804=DIRECTION('',(0.,0.,-1.));
#7805=DIRECTION('',(-0.472521314931131,0.881319242349647,0.));
#7806=DIRECTION('center_axis',(-0.342020143325669,0.939692620785908,0.));
#7807=DIRECTION('ref_axis',(0.939692620785908,0.342020143325669,0.));
#7808=DIRECTION('',(0.939692620785908,0.342020143325669,0.));
#7809=DIRECTION('',(0.939692620785908,0.342020143325669,0.));
#7810=DIRECTION('center_axis',(0.342020143325669,-0.939692620785908,0.));
#7811=DIRECTION('ref_axis',(-0.939692620785909,-0.342020143325669,0.));
#7812=DIRECTION('',(-0.939692620785909,-0.342020143325669,0.));
#7813=DIRECTION('',(0.,0.,-1.));
#7814=DIRECTION('',(-0.939692620785909,-0.342020143325669,0.));
#7815=DIRECTION('',(0.,0.,-1.));
#7816=DIRECTION('center_axis',(0.872740572576499,0.488184281781834,0.));
#7817=DIRECTION('ref_axis',(0.488184281781834,-0.872740572576499,0.));
#7818=DIRECTION('',(0.488184281781834,-0.872740572576499,0.));
#7819=DIRECTION('',(0.,0.,-1.));
#7820=DIRECTION('',(0.488184281781834,-0.872740572576499,0.));
#7821=DIRECTION('center_axis',(-0.342020143325671,0.939692620785908,0.));
#7822=DIRECTION('ref_axis',(0.939692620785908,0.342020143325671,0.));
#7823=DIRECTION('',(0.939692620785908,0.342020143325671,0.));
#7824=DIRECTION('',(0.,0.,-1.));
#7825=DIRECTION('',(0.939692620785908,0.342020143325671,0.));
#7826=DIRECTION('center_axis',(-0.986321644627343,0.164832076185471,0.));
#7827=DIRECTION('ref_axis',(0.164832076185471,0.986321644627343,0.));
#7828=DIRECTION('',(0.164832076185471,0.986321644627343,0.));
#7829=DIRECTION('',(0.,0.,-1.));
#7830=DIRECTION('',(0.164832076185471,0.986321644627343,0.));
#7831=DIRECTION('center_axis',(0.342020143325668,-0.939692620785909,0.));
#7832=DIRECTION('ref_axis',(-0.939692620785909,-0.342020143325668,0.));
#7833=DIRECTION('',(-0.939692620785909,-0.342020143325668,0.));
#7834=DIRECTION('',(0.,0.,-1.));
#7835=DIRECTION('',(-0.939692620785909,-0.342020143325668,0.));
#7836=DIRECTION('center_axis',(0.988986877220712,-0.148003232009387,0.));
#7837=DIRECTION('ref_axis',(-0.148003232009387,-0.988986877220712,0.));
#7838=DIRECTION('',(-0.148003232009387,-0.988986877220712,0.));
#7839=DIRECTION('',(0.,0.,-1.));
#7840=DIRECTION('',(-0.148003232009387,-0.988986877220712,0.));
#7841=DIRECTION('center_axis',(0.34202014332567,-0.939692620785908,0.));
#7842=DIRECTION('ref_axis',(-0.939692620785908,-0.34202014332567,0.));
#7843=DIRECTION('',(-0.939692620785908,-0.34202014332567,0.));
#7844=DIRECTION('',(0.,0.,-1.));
#7845=DIRECTION('',(-0.939692620785908,-0.34202014332567,0.));
#7846=DIRECTION('center_axis',(-0.877983513897472,-0.478690870316373,0.));
#7847=DIRECTION('ref_axis',(-0.478690870316373,0.877983513897472,0.));
#7848=DIRECTION('',(-0.478690870316373,0.877983513897472,0.));
#7849=DIRECTION('',(-0.478690870316373,0.877983513897472,0.));
#7850=DIRECTION('center_axis',(0.,0.,-1.));
#7851=DIRECTION('ref_axis',(-1.,0.,0.));
#7852=DIRECTION('center_axis',(0.981747638353692,-0.190188260907316,0.));
#7853=DIRECTION('ref_axis',(-0.190188260907316,-0.981747638353691,0.));
#7854=DIRECTION('',(-0.190188260907316,-0.981747638353691,0.));
#7855=DIRECTION('',(0.,0.,-1.));
#7856=DIRECTION('',(-0.190188260907316,-0.981747638353691,0.));
#7857=DIRECTION('',(0.,0.,-1.));
#7858=DIRECTION('center_axis',(-0.881319470878113,-0.472520888692894,0.));
#7859=DIRECTION('ref_axis',(-0.472520888692894,0.881319470878113,0.));
#7860=DIRECTION('',(-0.472520888692894,0.881319470878113,0.));
#7861=DIRECTION('',(0.,0.,-1.));
#7862=DIRECTION('',(-0.472520888692894,0.881319470878113,0.));
#7863=DIRECTION('center_axis',(-0.342020143325669,0.939692620785908,0.));
#7864=DIRECTION('ref_axis',(0.939692620785908,0.342020143325669,0.));
#7865=DIRECTION('',(0.939692620785908,0.342020143325669,0.));
#7866=DIRECTION('',(0.939692620785908,0.342020143325669,0.));
#7867=DIRECTION('center_axis',(0.342020143325669,-0.939692620785908,0.));
#7868=DIRECTION('ref_axis',(-0.939692620785908,-0.342020143325669,0.));
#7869=DIRECTION('',(-0.939692620785908,-0.342020143325669,0.));
#7870=DIRECTION('',(0.,0.,-1.));
#7871=DIRECTION('',(-0.939692620785908,-0.342020143325669,0.));
#7872=DIRECTION('',(0.,0.,-1.));
#7873=DIRECTION('center_axis',(0.872740478073733,0.488184450727009,0.));
#7874=DIRECTION('ref_axis',(0.488184450727009,-0.872740478073733,0.));
#7875=DIRECTION('',(0.488184450727009,-0.872740478073733,0.));
#7876=DIRECTION('',(0.,0.,-1.));
#7877=DIRECTION('',(0.488184450727009,-0.872740478073733,0.));
#7878=DIRECTION('center_axis',(-0.342020143325668,0.939692620785909,0.));
#7879=DIRECTION('ref_axis',(0.939692620785909,0.342020143325668,0.));
#7880=DIRECTION('',(0.939692620785909,0.342020143325668,0.));
#7881=DIRECTION('',(0.,0.,-1.));
#7882=DIRECTION('',(0.939692620785909,0.342020143325668,0.));
#7883=DIRECTION('center_axis',(-0.986321644627343,0.164832076185471,0.));
#7884=DIRECTION('ref_axis',(0.164832076185471,0.986321644627343,0.));
#7885=DIRECTION('',(0.164832076185471,0.986321644627343,0.));
#7886=DIRECTION('',(0.,0.,-1.));
#7887=DIRECTION('',(0.164832076185471,0.986321644627343,0.));
#7888=DIRECTION('center_axis',(0.342020143325668,-0.939692620785909,0.));
#7889=DIRECTION('ref_axis',(-0.939692620785909,-0.342020143325668,0.));
#7890=DIRECTION('',(-0.939692620785909,-0.342020143325668,0.));
#7891=DIRECTION('',(0.,0.,-1.));
#7892=DIRECTION('',(-0.939692620785909,-0.342020143325668,0.));
#7893=DIRECTION('center_axis',(0.988986877220712,-0.148003232009387,0.));
#7894=DIRECTION('ref_axis',(-0.148003232009387,-0.988986877220712,0.));
#7895=DIRECTION('',(-0.148003232009387,-0.988986877220712,0.));
#7896=DIRECTION('',(0.,0.,-1.));
#7897=DIRECTION('',(-0.148003232009387,-0.988986877220712,0.));
#7898=DIRECTION('center_axis',(0.342020143325669,-0.939692620785908,0.));
#7899=DIRECTION('ref_axis',(-0.939692620785908,-0.342020143325669,0.));
#7900=DIRECTION('',(-0.939692620785908,-0.342020143325669,0.));
#7901=DIRECTION('',(0.,0.,-1.));
#7902=DIRECTION('',(-0.939692620785908,-0.342020143325669,0.));
#7903=DIRECTION('center_axis',(-0.877983513897472,-0.478690870316373,0.));
#7904=DIRECTION('ref_axis',(-0.478690870316373,0.877983513897472,0.));
#7905=DIRECTION('',(-0.478690870316373,0.877983513897472,0.));
#7906=DIRECTION('',(-0.478690870316373,0.877983513897472,0.));
#7907=DIRECTION('center_axis',(0.,0.,-1.));
#7908=DIRECTION('ref_axis',(-1.,0.,0.));
#7909=DIRECTION('center_axis',(0.989673800709137,0.14333795097577,0.));
#7910=DIRECTION('ref_axis',(0.14333795097577,-0.989673800709136,0.));
#7911=DIRECTION('',(0.14333795097577,-0.989673800709136,0.));
#7912=DIRECTION('',(0.,0.,-1.));
#7913=DIRECTION('',(0.14333795097577,-0.989673800709136,0.));
#7914=DIRECTION('',(0.,0.,-1.));
#7915=DIRECTION('center_axis',(-0.342020143325669,0.939692620785908,0.));
#7916=DIRECTION('ref_axis',(0.939692620785908,0.342020143325669,0.));
#7917=DIRECTION('',(0.939692620785908,0.342020143325669,0.));
#7918=DIRECTION('',(0.,0.,-1.));
#7919=DIRECTION('',(0.939692620785908,0.342020143325669,0.));
#7920=DIRECTION('center_axis',(0.989767254059476,0.142691214836673,0.));
#7921=DIRECTION('ref_axis',(0.142691214836673,-0.989767254059476,0.));
#7922=DIRECTION('',(0.142691214836673,-0.989767254059476,0.));
#7923=DIRECTION('',(0.,0.,-1.));
#7924=DIRECTION('',(0.142691214836673,-0.989767254059476,0.));
#7925=DIRECTION('center_axis',(-0.342020143325668,0.939692620785909,0.));
#7926=DIRECTION('ref_axis',(0.939692620785909,0.342020143325668,0.));
#7927=DIRECTION('',(0.939692620785909,0.342020143325668,0.));
#7928=DIRECTION('',(0.,0.,-1.));
#7929=DIRECTION('',(0.939692620785909,0.342020143325668,0.));
#7930=DIRECTION('center_axis',(-0.989844779140005,-0.142152429487765,0.));
#7931=DIRECTION('ref_axis',(-0.142152429487765,0.989844779140005,0.));
#7932=DIRECTION('',(-0.142152429487765,0.989844779140005,0.));
#7933=DIRECTION('',(0.,0.,-1.));
#7934=DIRECTION('',(-0.142152429487765,0.989844779140005,0.));
#7935=DIRECTION('center_axis',(0.34202014332567,-0.939692620785908,0.));
#7936=DIRECTION('ref_axis',(-0.939692620785908,-0.34202014332567,0.));
#7937=DIRECTION('',(-0.939692620785908,-0.34202014332567,0.));
#7938=DIRECTION('',(-0.939692620785908,-0.34202014332567,0.));
#7939=DIRECTION('center_axis',(0.,0.,-1.));
#7940=DIRECTION('ref_axis',(-1.,0.,0.));
#7941=DIRECTION('center_axis',(0.,0.,1.));
#7942=DIRECTION('ref_axis',(1.,0.,0.));
#7943=DIRECTION('center_axis',(0.,0.,1.));
#7944=DIRECTION('ref_axis',(1.,0.,0.));
#7945=DIRECTION('center_axis',(0.,0.,1.));
#7946=DIRECTION('ref_axis',(1.,0.,0.));
#7947=DIRECTION('center_axis',(0.,0.,1.));
#7948=DIRECTION('ref_axis',(1.,0.,0.));
#7949=DIRECTION('center_axis',(0.,0.,1.));
#7950=DIRECTION('ref_axis',(1.,0.,0.));
#7951=DIRECTION('center_axis',(0.,0.,1.));
#7952=DIRECTION('ref_axis',(1.,0.,0.));
#7953=DIRECTION('center_axis',(0.,0.,1.));
#7954=DIRECTION('ref_axis',(1.,0.,0.));
#7955=DIRECTION('center_axis',(0.,0.,1.));
#7956=DIRECTION('ref_axis',(1.,0.,0.));
#7957=DIRECTION('center_axis',(0.,0.,1.));
#7958=DIRECTION('ref_axis',(-0.707106781186547,0.707106781186548,0.));
#7959=DIRECTION('center_axis',(0.,0.,-1.));
#7960=DIRECTION('ref_axis',(-0.707106781186547,0.707106781186548,0.));
#7961=DIRECTION('',(0.,0.,-1.));
#7962=DIRECTION('center_axis',(0.,0.,1.));
#7963=DIRECTION('ref_axis',(-0.707106781186547,0.707106781186548,0.));
#7964=DIRECTION('',(0.,0.,1.));
#7965=DIRECTION('center_axis',(-1.,0.,0.));
#7966=DIRECTION('ref_axis',(0.,-1.,0.));
#7967=DIRECTION('',(0.,1.,0.));
#7968=DIRECTION('',(0.,0.,-1.));
#7969=DIRECTION('',(0.,-1.,0.));
#7970=DIRECTION('center_axis',(0.,0.,1.));
#7971=DIRECTION('ref_axis',(1.,0.,0.));
#7972=DIRECTION('',(1.,0.,0.));
#7973=DIRECTION('',(0.,1.,0.));
#7974=DIRECTION('',(-1.,0.,0.));
#7975=DIRECTION('',(0.,-1.,0.));
#7976=DIRECTION('',(1.,0.,0.));
#7977=DIRECTION('center_axis',(0.,0.,1.));
#7978=DIRECTION('ref_axis',(0.707106781186548,0.707106781186547,0.));
#7979=DIRECTION('',(0.,-1.,0.));
#7980=DIRECTION('center_axis',(0.,0.,1.));
#7981=DIRECTION('ref_axis',(0.707106781186548,-0.707106781186548,0.));
#7982=DIRECTION('',(-1.,0.,0.));
#7983=DIRECTION('center_axis',(0.,0.,1.));
#7984=DIRECTION('ref_axis',(-0.707106781186548,-0.707106781186547,0.));
#7985=DIRECTION('center_axis',(0.,0.,-1.));
#7986=DIRECTION('ref_axis',(0.,1.,0.));
#7987=DIRECTION('',(0.,1.,0.));
#7988=DIRECTION('center_axis',(0.,0.,-1.));
#7989=DIRECTION('ref_axis',(-1.,0.,0.));
#7990=DIRECTION('',(-1.,0.,0.));
#7991=DIRECTION('center_axis',(0.,0.,-1.));
#7992=DIRECTION('ref_axis',(0.,-1.,0.));
#7993=DIRECTION('',(0.,-1.,0.));
#7994=DIRECTION('center_axis',(0.,0.,-1.));
#7995=DIRECTION('ref_axis',(1.,0.,0.));
#7996=DIRECTION('',(1.,0.,0.));
#7997=DIRECTION('center_axis',(0.,0.,-1.));
#7998=DIRECTION('ref_axis',(1.,0.,0.));
#7999=DIRECTION('center_axis',(0.,0.,-1.));
#8000=DIRECTION('ref_axis',(1.,0.,0.));
#8001=DIRECTION('center_axis',(0.,0.,-1.));
#8002=DIRECTION('ref_axis',(0.,1.,0.));
#8003=DIRECTION('',(0.,1.,0.));
#8004=DIRECTION('center_axis',(0.,0.,-1.));
#8005=DIRECTION('ref_axis',(-1.,0.,0.));
#8006=DIRECTION('',(-1.,0.,0.));
#8007=DIRECTION('center_axis',(0.,0.,-1.));
#8008=DIRECTION('ref_axis',(0.,-1.,0.));
#8009=DIRECTION('',(0.,-1.,0.));
#8010=DIRECTION('center_axis',(0.,0.,-1.));
#8011=DIRECTION('ref_axis',(1.,0.,0.));
#8012=DIRECTION('',(1.,0.,0.));
#8013=DIRECTION('center_axis',(0.,0.,-1.));
#8014=DIRECTION('ref_axis',(1.,0.,0.));
#8015=DIRECTION('center_axis',(0.,0.,-1.));
#8016=DIRECTION('ref_axis',(0.,1.,0.));
#8017=DIRECTION('',(0.,1.,0.));
#8018=DIRECTION('center_axis',(0.,0.,-1.));
#8019=DIRECTION('ref_axis',(-1.,0.,0.));
#8020=DIRECTION('',(-1.,0.,0.));
#8021=DIRECTION('center_axis',(0.,0.,-1.));
#8022=DIRECTION('ref_axis',(0.,-1.,0.));
#8023=DIRECTION('',(0.,-1.,0.));
#8024=DIRECTION('center_axis',(0.,0.,-1.));
#8025=DIRECTION('ref_axis',(1.,0.,0.));
#8026=DIRECTION('',(1.,0.,0.));
#8027=DIRECTION('center_axis',(0.,0.,-1.));
#8028=DIRECTION('ref_axis',(0.,1.,0.));
#8029=DIRECTION('',(0.,1.,0.));
#8030=DIRECTION('center_axis',(0.,0.,-1.));
#8031=DIRECTION('ref_axis',(-1.,0.,0.));
#8032=DIRECTION('',(-1.,0.,0.));
#8033=DIRECTION('center_axis',(0.,0.,-1.));
#8034=DIRECTION('ref_axis',(0.,-1.,0.));
#8035=DIRECTION('',(0.,-1.,0.));
#8036=DIRECTION('center_axis',(0.,0.,-1.));
#8037=DIRECTION('ref_axis',(1.,0.,0.));
#8038=DIRECTION('',(1.,0.,0.));
#8039=DIRECTION('center_axis',(0.,0.,-1.));
#8040=DIRECTION('ref_axis',(1.,0.,0.));
#8041=DIRECTION('center_axis',(0.,0.,1.));
#8042=DIRECTION('ref_axis',(0.707106781186548,-0.707106781186548,0.));
#8043=DIRECTION('center_axis',(0.,0.,-1.));
#8044=DIRECTION('ref_axis',(0.707106781186548,-0.707106781186548,0.));
#8045=DIRECTION('',(0.,0.,-1.));
#8046=DIRECTION('',(0.,0.,1.));
#8047=DIRECTION('center_axis',(0.,-1.,0.));
#8048=DIRECTION('ref_axis',(1.,0.,0.));
#8049=DIRECTION('',(1.,0.,0.));
#8050=DIRECTION('',(0.,0.,1.));
#8051=DIRECTION('center_axis',(0.,0.,1.));
#8052=DIRECTION('ref_axis',(-0.707106781186548,-0.707106781186547,0.));
#8053=DIRECTION('center_axis',(0.,0.,-1.));
#8054=DIRECTION('ref_axis',(-0.707106781186548,-0.707106781186547,0.));
#8055=DIRECTION('center_axis',(0.,0.,1.));
#8056=DIRECTION('ref_axis',(0.707106781186548,0.707106781186547,0.));
#8057=DIRECTION('center_axis',(0.,0.,-1.));
#8058=DIRECTION('ref_axis',(0.707106781186548,0.707106781186547,0.));
#8059=DIRECTION('',(0.,0.,-1.));
#8060=DIRECTION('',(0.,0.,1.));
#8061=DIRECTION('center_axis',(1.,0.,0.));
#8062=DIRECTION('ref_axis',(0.,1.,0.));
#8063=DIRECTION('',(0.,1.,0.));
#8064=DIRECTION('center_axis',(0.,0.,1.));
#8065=DIRECTION('ref_axis',(1.,0.,0.));
#8066=DIRECTION('center_axis',(0.,0.,-1.));
#8067=DIRECTION('ref_axis',(1.,0.,0.));
#8068=DIRECTION('',(0.,0.,-1.));
#8069=DIRECTION('center_axis',(1.,0.,0.));
#8070=DIRECTION('ref_axis',(0.,1.,0.));
#8071=DIRECTION('',(0.,0.,1.));
#8072=DIRECTION('',(0.,1.,0.));
#8073=DIRECTION('',(0.,0.,1.));
#8074=DIRECTION('center_axis',(0.,0.,1.));
#8075=DIRECTION('ref_axis',(-1.,0.,0.));
#8076=DIRECTION('center_axis',(0.,0.,-1.));
#8077=DIRECTION('ref_axis',(-1.,0.,0.));
#8078=DIRECTION('',(0.,0.,1.));
#8079=DIRECTION('center_axis',(0.,1.,0.));
#8080=DIRECTION('ref_axis',(-1.,0.,0.));
#8081=DIRECTION('',(-1.,0.,0.));
#8082=DIRECTION('',(0.,0.,1.));
#8083=DIRECTION('center_axis',(0.,0.,1.));
#8084=DIRECTION('ref_axis',(0.,-1.,0.));
#8085=DIRECTION('center_axis',(0.,0.,-1.));
#8086=DIRECTION('ref_axis',(0.,-1.,0.));
#8087=DIRECTION('',(0.,0.,1.));
#8088=DIRECTION('center_axis',(-1.,0.,0.));
#8089=DIRECTION('ref_axis',(0.,-1.,0.));
#8090=DIRECTION('',(0.,-1.,0.));
#8091=DIRECTION('',(0.,0.,1.));
#8092=DIRECTION('center_axis',(0.,0.,1.));
#8093=DIRECTION('ref_axis',(1.,0.,0.));
#8094=DIRECTION('center_axis',(0.,0.,-1.));
#8095=DIRECTION('ref_axis',(1.,0.,0.));
#8096=DIRECTION('',(0.,0.,1.));
#8097=DIRECTION('center_axis',(0.,-1.,0.));
#8098=DIRECTION('ref_axis',(1.,0.,0.));
#8099=DIRECTION('',(1.,0.,0.));
#8100=DIRECTION('',(0.,0.,1.));
#8101=DIRECTION('center_axis',(0.,0.,1.));
#8102=DIRECTION('ref_axis',(0.,1.,0.));
#8103=DIRECTION('center_axis',(0.,0.,-1.));
#8104=DIRECTION('ref_axis',(0.,1.,0.));
#8105=DIRECTION('center_axis',(1.,0.,0.));
#8106=DIRECTION('ref_axis',(0.,1.,0.));
#8107=DIRECTION('',(0.,0.,1.));
#8108=DIRECTION('',(0.,1.,0.));
#8109=DIRECTION('',(0.,0.,1.));
#8110=DIRECTION('center_axis',(0.,0.,1.));
#8111=DIRECTION('ref_axis',(-1.,0.,0.));
#8112=DIRECTION('center_axis',(0.,0.,-1.));
#8113=DIRECTION('ref_axis',(-1.,0.,0.));
#8114=DIRECTION('',(0.,0.,1.));
#8115=DIRECTION('center_axis',(0.,1.,0.));
#8116=DIRECTION('ref_axis',(-1.,0.,0.));
#8117=DIRECTION('',(-1.,0.,0.));
#8118=DIRECTION('',(0.,0.,1.));
#8119=DIRECTION('center_axis',(0.,0.,1.));
#8120=DIRECTION('ref_axis',(0.,-1.,0.));
#8121=DIRECTION('center_axis',(0.,0.,-1.));
#8122=DIRECTION('ref_axis',(0.,-1.,0.));
#8123=DIRECTION('',(0.,0.,1.));
#8124=DIRECTION('center_axis',(-1.,0.,0.));
#8125=DIRECTION('ref_axis',(0.,-1.,0.));
#8126=DIRECTION('',(0.,-1.,0.));
#8127=DIRECTION('',(0.,0.,1.));
#8128=DIRECTION('center_axis',(0.,0.,1.));
#8129=DIRECTION('ref_axis',(1.,0.,0.));
#8130=DIRECTION('center_axis',(0.,0.,-1.));
#8131=DIRECTION('ref_axis',(1.,0.,0.));
#8132=DIRECTION('',(0.,0.,1.));
#8133=DIRECTION('center_axis',(0.,-1.,0.));
#8134=DIRECTION('ref_axis',(1.,0.,0.));
#8135=DIRECTION('',(1.,0.,0.));
#8136=DIRECTION('',(0.,0.,1.));
#8137=DIRECTION('center_axis',(0.,0.,1.));
#8138=DIRECTION('ref_axis',(0.,1.,0.));
#8139=DIRECTION('center_axis',(0.,0.,-1.));
#8140=DIRECTION('ref_axis',(0.,1.,0.));
#8141=DIRECTION('center_axis',(0.,0.,1.));
#8142=DIRECTION('ref_axis',(1.,0.,0.));
#8143=DIRECTION('center_axis',(0.,0.,-1.));
#8144=DIRECTION('ref_axis',(1.,0.,0.));
#8145=DIRECTION('',(0.,0.,-1.));
#8146=DIRECTION('center_axis',(1.,0.,0.));
#8147=DIRECTION('ref_axis',(0.,1.,0.));
#8148=DIRECTION('',(0.,0.,1.));
#8149=DIRECTION('',(0.,1.,0.));
#8150=DIRECTION('',(0.,0.,1.));
#8151=DIRECTION('center_axis',(0.,0.,1.));
#8152=DIRECTION('ref_axis',(-1.,0.,0.));
#8153=DIRECTION('center_axis',(0.,0.,-1.));
#8154=DIRECTION('ref_axis',(-1.,0.,0.));
#8155=DIRECTION('',(0.,0.,1.));
#8156=DIRECTION('center_axis',(0.,1.,0.));
#8157=DIRECTION('ref_axis',(-1.,0.,0.));
#8158=DIRECTION('',(-1.,0.,0.));
#8159=DIRECTION('',(0.,0.,1.));
#8160=DIRECTION('center_axis',(0.,0.,1.));
#8161=DIRECTION('ref_axis',(0.,-1.,0.));
#8162=DIRECTION('center_axis',(0.,0.,-1.));
#8163=DIRECTION('ref_axis',(0.,-1.,0.));
#8164=DIRECTION('',(0.,0.,1.));
#8165=DIRECTION('center_axis',(-1.,0.,0.));
#8166=DIRECTION('ref_axis',(0.,-1.,0.));
#8167=DIRECTION('',(0.,-1.,0.));
#8168=DIRECTION('',(0.,0.,1.));
#8169=DIRECTION('center_axis',(0.,0.,1.));
#8170=DIRECTION('ref_axis',(1.,0.,0.));
#8171=DIRECTION('center_axis',(0.,0.,-1.));
#8172=DIRECTION('ref_axis',(1.,0.,0.));
#8173=DIRECTION('',(0.,0.,1.));
#8174=DIRECTION('center_axis',(0.,-1.,0.));
#8175=DIRECTION('ref_axis',(1.,0.,0.));
#8176=DIRECTION('',(1.,0.,0.));
#8177=DIRECTION('',(0.,0.,1.));
#8178=DIRECTION('center_axis',(0.,0.,1.));
#8179=DIRECTION('ref_axis',(0.,1.,0.));
#8180=DIRECTION('center_axis',(0.,0.,-1.));
#8181=DIRECTION('ref_axis',(0.,1.,0.));
#8182=DIRECTION('center_axis',(0.,0.,1.));
#8183=DIRECTION('ref_axis',(1.,0.,0.));
#8184=DIRECTION('center_axis',(0.,0.,-1.));
#8185=DIRECTION('ref_axis',(1.,0.,0.));
#8186=DIRECTION('',(0.,0.,-1.));
#8187=DIRECTION('center_axis',(0.,0.,1.));
#8188=DIRECTION('ref_axis',(1.,0.,0.));
#8189=DIRECTION('center_axis',(0.,0.,-1.));
#8190=DIRECTION('ref_axis',(1.,0.,0.));
#8191=DIRECTION('',(0.,0.,-1.));
#8192=DIRECTION('center_axis',(1.,0.,0.));
#8193=DIRECTION('ref_axis',(0.,1.,0.));
#8194=DIRECTION('',(0.,0.,1.));
#8195=DIRECTION('',(0.,1.,0.));
#8196=DIRECTION('',(0.,0.,1.));
#8197=DIRECTION('center_axis',(0.,0.,1.));
#8198=DIRECTION('ref_axis',(-1.,0.,0.));
#8199=DIRECTION('center_axis',(0.,0.,-1.));
#8200=DIRECTION('ref_axis',(-1.,0.,0.));
#8201=DIRECTION('',(0.,0.,1.));
#8202=DIRECTION('center_axis',(0.,1.,0.));
#8203=DIRECTION('ref_axis',(-1.,0.,0.));
#8204=DIRECTION('',(-1.,0.,0.));
#8205=DIRECTION('',(0.,0.,1.));
#8206=DIRECTION('center_axis',(0.,0.,1.));
#8207=DIRECTION('ref_axis',(0.,-1.,0.));
#8208=DIRECTION('center_axis',(0.,0.,-1.));
#8209=DIRECTION('ref_axis',(0.,-1.,0.));
#8210=DIRECTION('',(0.,0.,1.));
#8211=DIRECTION('center_axis',(-1.,0.,0.));
#8212=DIRECTION('ref_axis',(0.,-1.,0.));
#8213=DIRECTION('',(0.,-1.,0.));
#8214=DIRECTION('',(0.,0.,1.));
#8215=DIRECTION('center_axis',(0.,0.,1.));
#8216=DIRECTION('ref_axis',(1.,0.,0.));
#8217=DIRECTION('center_axis',(0.,0.,-1.));
#8218=DIRECTION('ref_axis',(1.,0.,0.));
#8219=DIRECTION('',(0.,0.,1.));
#8220=DIRECTION('center_axis',(0.,-1.,0.));
#8221=DIRECTION('ref_axis',(1.,0.,0.));
#8222=DIRECTION('',(1.,0.,0.));
#8223=DIRECTION('',(0.,0.,1.));
#8224=DIRECTION('center_axis',(0.,0.,1.));
#8225=DIRECTION('ref_axis',(0.,1.,0.));
#8226=DIRECTION('center_axis',(0.,0.,-1.));
#8227=DIRECTION('ref_axis',(0.,1.,0.));
#8228=DIRECTION('center_axis',(0.,1.,0.));
#8229=DIRECTION('ref_axis',(-1.,0.,0.));
#8230=DIRECTION('',(0.,0.,1.));
#8231=DIRECTION('',(-1.,0.,0.));
#8232=DIRECTION('center_axis',(0.,1.,0.));
#8233=DIRECTION('ref_axis',(-1.,0.,0.));
#8234=DIRECTION('',(-1.,0.,0.));
#8235=DIRECTION('',(0.,0.,1.));
#8236=DIRECTION('center_axis',(1.,0.,0.));
#8237=DIRECTION('ref_axis',(0.,1.,0.));
#8238=DIRECTION('',(0.,1.,0.));
#8239=DIRECTION('',(0.,0.,1.));
#8240=DIRECTION('center_axis',(0.,1.,0.));
#8241=DIRECTION('ref_axis',(-1.,0.,0.));
#8242=DIRECTION('',(-1.,0.,0.));
#8243=DIRECTION('',(0.,0.,1.));
#8244=DIRECTION('center_axis',(-1.,0.,0.));
#8245=DIRECTION('ref_axis',(0.,-1.,0.));
#8246=DIRECTION('',(0.,-1.,0.));
#8247=DIRECTION('center_axis',(0.,0.,1.));
#8248=DIRECTION('ref_axis',(1.,0.,0.));
#8249=CARTESIAN_POINT('',(0.,0.,0.));
#8250=CARTESIAN_POINT('Origin',(-3.35509860774642,-18.8701379946592,1.5));
#8251=CARTESIAN_POINT('',(-3.35509860774642,-18.8701379946592,1.5));
#8252=CARTESIAN_POINT('',(-3.28169359014822,-19.3769613604391,1.5));
#8253=CARTESIAN_POINT('',(-1.71399751409147,-30.2010852117014,1.5));
#8254=CARTESIAN_POINT('',(-3.35509860774642,-18.8701379946592,1.3));
#8255=CARTESIAN_POINT('',(-3.35509860774642,-18.8701379946592,1.5));
#8256=CARTESIAN_POINT('',(-3.28169359014822,-19.3769613604391,1.3));
#8257=CARTESIAN_POINT('',(-3.35509860774642,-18.8701379946592,1.3));
#8258=CARTESIAN_POINT('',(-3.28169359014822,-19.3769613604391,1.5));
#8259=CARTESIAN_POINT('Origin',(-4.78963627820747,-19.3922670066406,1.5));
#8260=CARTESIAN_POINT('',(-4.78963627820747,-19.3922670066406,1.5));
#8261=CARTESIAN_POINT('',(7.68833972010099,-14.8506551593682,1.5));
#8262=CARTESIAN_POINT('',(-4.78963627820747,-19.3922670066406,1.3));
#8263=CARTESIAN_POINT('',(-4.78963627820747,-19.3922670066406,1.5));
#8264=CARTESIAN_POINT('',(-4.78963627820747,-19.3922670066406,1.3));
#8265=CARTESIAN_POINT('Origin',(-5.15386196216852,-16.8658414771015,1.5));
#8266=CARTESIAN_POINT('',(-5.15386196216852,-16.8658414771015,1.5));
#8267=CARTESIAN_POINT('',(-3.36173383210431,-29.2968106793823,1.5));
#8268=CARTESIAN_POINT('',(-5.15386196216852,-16.8658414771015,1.3));
#8269=CARTESIAN_POINT('',(-5.15386196216852,-16.8658414771015,1.5));
#8270=CARTESIAN_POINT('',(-5.15386196216852,-16.8658414771015,1.3));
#8271=CARTESIAN_POINT('Origin',(-5.73267676700736,-17.0765128372154,1.5));
#8272=CARTESIAN_POINT('',(-5.73267676700736,-17.0765128372154,1.5));
#8273=CARTESIAN_POINT('',(6.78952756322482,-12.5188031936116,1.5));
#8274=CARTESIAN_POINT('',(-5.73267676700736,-17.0765128372154,1.3));
#8275=CARTESIAN_POINT('',(-5.73267676700736,-17.0765128372154,1.5));
#8276=CARTESIAN_POINT('',(-5.73267676700736,-17.0765128372154,1.3));
#8277=CARTESIAN_POINT('Origin',(-5.29696889028816,-20.1104615835419,1.5));
#8278=CARTESIAN_POINT('',(-5.29696889028816,-20.1104615835419,1.5));
#8279=CARTESIAN_POINT('',(-3.7396670117082,-30.9543648834919,1.5));
#8280=CARTESIAN_POINT('',(-5.29696889028816,-20.1104615835419,1.3));
#8281=CARTESIAN_POINT('',(-5.29696889028816,-20.1104615835419,1.5));
#8282=CARTESIAN_POINT('',(-5.29696889028816,-20.1104615835419,1.3));
#8283=CARTESIAN_POINT('Origin',(-3.28169359014822,-19.3769613604391,1.5));
#8284=CARTESIAN_POINT('',(8.52804938702887,-15.0785664424123,1.5));
#8285=CARTESIAN_POINT('',(-3.28169359014822,-19.3769613604391,1.3));
#8286=CARTESIAN_POINT('Origin',(2.26422784695935,-21.1174146568875,1.3));
#8287=CARTESIAN_POINT('Origin',(2.11609077028713,-17.412328522253,1.5));
#8288=CARTESIAN_POINT('',(2.11609077028713,-17.412328522253,1.5));
#8289=CARTESIAN_POINT('',(1.82074601266908,-14.8717210861413,1.5));
#8290=CARTESIAN_POINT('',(3.43554475004814,-28.7625032117365,1.5));
#8291=CARTESIAN_POINT('',(2.11609077028713,-17.412328522253,1.3));
#8292=CARTESIAN_POINT('',(2.11609077028713,-17.412328522253,1.5));
#8293=CARTESIAN_POINT('',(1.82074601266908,-14.8717210861413,1.3));
#8294=CARTESIAN_POINT('',(2.11609077028713,-17.412328522253,1.3));
#8295=CARTESIAN_POINT('',(1.82074601266908,-14.8717210861413,1.5));
#8296=CARTESIAN_POINT('Origin',(2.64490848863192,-17.2198546134229,1.5));
#8297=CARTESIAN_POINT('',(2.64490848863192,-17.2198546134229,1.5));
#8298=CARTESIAN_POINT('',(11.4913504264189,-14.0000130689042,1.5));
#8299=CARTESIAN_POINT('',(2.64490848863192,-17.2198546134229,1.3));
#8300=CARTESIAN_POINT('',(2.64490848863192,-17.2198546134229,1.5));
#8301=CARTESIAN_POINT('',(2.64490848863192,-17.2198546134229,1.3));
#8302=CARTESIAN_POINT('Origin',(2.20920061191271,-14.1859058670964,1.5));
#8303=CARTESIAN_POINT('',(2.20920061191271,-14.1859058670964,1.5));
#8304=CARTESIAN_POINT('',(4.1074814024943,-27.4041351727657,1.5));
#8305=CARTESIAN_POINT('',(2.20920061191271,-14.1859058670964,1.3));
#8306=CARTESIAN_POINT('',(2.20920061191271,-14.1859058670964,1.5));
#8307=CARTESIAN_POINT('',(2.20920061191271,-14.1859058670964,1.3));
#8308=CARTESIAN_POINT('Origin',(1.37270739494207,-14.4903644992393,1.5));
#8309=CARTESIAN_POINT('',(1.37270739494207,-14.4903644992393,1.5));
#8310=CARTESIAN_POINT('',(10.3422196441995,-11.2257290246235,1.5));
#8311=CARTESIAN_POINT('',(1.37270739494207,-14.4903644992393,1.3));
#8312=CARTESIAN_POINT('',(1.37270739494207,-14.4903644992393,1.5));
#8313=CARTESIAN_POINT('',(1.37270739494207,-14.4903644992393,1.3));
#8314=CARTESIAN_POINT('Origin',(1.13002327237723,-16.8152098104334,1.5));
#8315=CARTESIAN_POINT('',(1.13002327237723,-16.8152098104334,1.5));
#8316=CARTESIAN_POINT('',(0.233680109359493,-25.4019240039248,1.5));
#8317=CARTESIAN_POINT('',(1.13002327237723,-16.8152098104334,1.3));
#8318=CARTESIAN_POINT('',(1.13002327237723,-16.8152098104334,1.5));
#8319=CARTESIAN_POINT('',(1.13002327237723,-16.8152098104334,1.3));
#8320=CARTESIAN_POINT('Origin',(0.324687202653606,-14.8718126541423,1.5));
#8321=CARTESIAN_POINT('',(0.324687202653605,-14.8718126541423,1.5));
#8322=CARTESIAN_POINT('',(6.44093851286355,-29.6312476903786,1.5));
#8323=CARTESIAN_POINT('',(0.324687202653605,-14.8718126541423,1.3));
#8324=CARTESIAN_POINT('',(0.324687202653605,-14.8718126541423,1.5));
#8325=CARTESIAN_POINT('',(0.324687202653606,-14.8718126541423,1.3));
#8326=CARTESIAN_POINT('Origin',(-0.502190769915918,-15.172771623528,1.5));
#8327=CARTESIAN_POINT('',(-0.502190769915918,-15.172771623528,1.5));
#8328=CARTESIAN_POINT('',(9.4047705617705,-11.5669325867678,1.5));
#8329=CARTESIAN_POINT('',(-0.502190769915918,-15.172771623528,1.3));
#8330=CARTESIAN_POINT('',(-0.502190769915918,-15.172771623528,1.5));
#8331=CARTESIAN_POINT('',(-0.502190769915919,-15.172771623528,1.3));
#8332=CARTESIAN_POINT('Origin',(-0.0645600683566719,-18.206020518847,1.5));
#8333=CARTESIAN_POINT('',(-0.0645600683566714,-18.206020518847,1.5));
#8334=CARTESIAN_POINT('',(1.58257652772126,-29.6224390715031,1.5));
#8335=CARTESIAN_POINT('',(-0.0645600683566713,-18.206020518847,1.3));
#8336=CARTESIAN_POINT('',(-0.0645600683566714,-18.206020518847,1.5));
#8337=CARTESIAN_POINT('',(-0.0645600683566716,-18.206020518847,1.3));
#8338=CARTESIAN_POINT('Origin',(0.458488615367539,-18.0156463668992,1.5));
#8339=CARTESIAN_POINT('',(0.45848861536754,-18.0156463668992,1.5));
#8340=CARTESIAN_POINT('',(10.3981404897868,-14.3979089456424,1.5));
#8341=CARTESIAN_POINT('',(0.45848861536754,-18.0156463668992,1.3));
#8342=CARTESIAN_POINT('',(0.45848861536754,-18.0156463668992,1.5));
#8343=CARTESIAN_POINT('',(0.45848861536754,-18.0156463668992,1.3));
#8344=CARTESIAN_POINT('Origin',(0.0491575363827845,-15.4969270251534,1.5));
#8345=CARTESIAN_POINT('',(0.0491575363827833,-15.4969270251534,1.5));
#8346=CARTESIAN_POINT('',(2.15072940618197,-28.4284389192926,1.5));
#8347=CARTESIAN_POINT('',(0.0491575363827831,-15.4969270251534,1.3));
#8348=CARTESIAN_POINT('',(0.0491575363827833,-15.4969270251534,1.5));
#8349=CARTESIAN_POINT('',(0.0491575363827845,-15.4969270251534,1.3));
#8350=CARTESIAN_POINT('Origin',(1.00845852715371,-17.8154736892671,1.5));
#8351=CARTESIAN_POINT('',(1.00845852715371,-17.8154736892671,1.5));
#8352=CARTESIAN_POINT('',(6.54466747740069,-31.1960069284915,1.5));
#8353=CARTESIAN_POINT('',(1.00845852715371,-17.8154736892671,1.3));
#8354=CARTESIAN_POINT('',(1.00845852715371,-17.8154736892671,1.5));
#8355=CARTESIAN_POINT('',(1.00845852715371,-17.8154736892671,1.3));
#8356=CARTESIAN_POINT('Origin',(1.55842899904033,-17.615300807775,1.5));
#8357=CARTESIAN_POINT('',(1.55842899904033,-17.615300807775,1.5));
#8358=CARTESIAN_POINT('',(10.9481106816232,-14.1977361660803,1.5));
#8359=CARTESIAN_POINT('',(1.55842899904033,-17.615300807775,1.3));
#8360=CARTESIAN_POINT('',(1.55842899904033,-17.615300807775,1.5));
#8361=CARTESIAN_POINT('',(1.55842899904033,-17.615300807775,1.3));
#8362=CARTESIAN_POINT('Origin',(1.82074601266908,-14.8717210861413,1.5));
#8363=CARTESIAN_POINT('',(0.891154468749431,-24.5943405762732,1.5));
#8364=CARTESIAN_POINT('',(1.82074601266908,-14.8717210861413,1.3));
#8365=CARTESIAN_POINT('Origin',(2.26422784695935,-21.1174146568875,1.3));
#8366=CARTESIAN_POINT('Ctrl Pts',(6.60140105749166,-15.695967076924,1.5));
#8367=CARTESIAN_POINT('Ctrl Pts',(6.60140105749166,-15.695967076924,1.3));
#8368=CARTESIAN_POINT('Ctrl Pts',(6.50467391624645,-15.6828464371585,1.5));
#8369=CARTESIAN_POINT('Ctrl Pts',(6.50467391624645,-15.6828464371585,1.3));
#8370=CARTESIAN_POINT('Ctrl Pts',(6.32049356794605,-15.6578631287424,1.5));
#8371=CARTESIAN_POINT('Ctrl Pts',(6.32049356794605,-15.6578631287424,1.3));
#8372=CARTESIAN_POINT('Ctrl Pts',(6.17229460415296,-15.5463453259597,1.5));
#8373=CARTESIAN_POINT('Ctrl Pts',(6.17229460415296,-15.5463453259597,1.3));
#8374=CARTESIAN_POINT('Ctrl Pts',(6.10192621368374,-15.4933940225927,1.5));
#8375=CARTESIAN_POINT('Ctrl Pts',(6.10192621368374,-15.4933940225927,1.3));
#8376=CARTESIAN_POINT('',(6.60140105749166,-15.695967076924,1.5));
#8377=CARTESIAN_POINT('',(6.10192621368374,-15.4933940225927,1.5));
#8378=CARTESIAN_POINT('Ctrl Pts',(6.60140105749166,-15.695967076924,1.5));
#8379=CARTESIAN_POINT('Ctrl Pts',(6.50467391624645,-15.6828464371585,1.5));
#8380=CARTESIAN_POINT('Ctrl Pts',(6.32049356794605,-15.6578631287424,1.5));
#8381=CARTESIAN_POINT('Ctrl Pts',(6.17229460415296,-15.5463453259597,1.5));
#8382=CARTESIAN_POINT('Ctrl Pts',(6.10192621368374,-15.4933940225927,1.5));
#8383=CARTESIAN_POINT('',(6.60140105749166,-15.695967076924,1.3));
#8384=CARTESIAN_POINT('',(6.60140105749166,-15.695967076924,1.5));
#8385=CARTESIAN_POINT('',(6.10192621368374,-15.4933940225927,1.3));
#8386=CARTESIAN_POINT('Ctrl Pts',(6.60140105749166,-15.695967076924,1.3));
#8387=CARTESIAN_POINT('Ctrl Pts',(6.50467391624645,-15.6828464371585,1.3));
#8388=CARTESIAN_POINT('Ctrl Pts',(6.32049356794605,-15.6578631287424,1.3));
#8389=CARTESIAN_POINT('Ctrl Pts',(6.17229460415296,-15.5463453259597,1.3));
#8390=CARTESIAN_POINT('Ctrl Pts',(6.10192621368374,-15.4933940225927,1.3));
#8391=CARTESIAN_POINT('',(6.10192621368374,-15.4933940225927,1.5));
#8392=CARTESIAN_POINT('Ctrl Pts',(7.27561854395823,-15.5888568570926,1.5));
#8393=CARTESIAN_POINT('Ctrl Pts',(7.27561854395823,-15.5888568570926,1.3));
#8394=CARTESIAN_POINT('Ctrl Pts',(7.1598952051936,-15.6266078541371,1.5));
#8395=CARTESIAN_POINT('Ctrl Pts',(7.1598952051936,-15.6266078541371,1.3));
#8396=CARTESIAN_POINT('Ctrl Pts',(6.94062705477238,-15.6981369975826,1.5));
#8397=CARTESIAN_POINT('Ctrl Pts',(6.94062705477238,-15.6981369975826,1.3));
#8398=CARTESIAN_POINT('Ctrl Pts',(6.7102104800482,-15.6966630961435,1.5));
#8399=CARTESIAN_POINT('Ctrl Pts',(6.7102104800482,-15.6966630961435,1.3));
#8400=CARTESIAN_POINT('Ctrl Pts',(6.60140105749166,-15.695967076924,1.5));
#8401=CARTESIAN_POINT('Ctrl Pts',(6.60140105749166,-15.695967076924,1.3));
#8402=CARTESIAN_POINT('',(7.27561854395823,-15.5888568570926,1.5));
#8403=CARTESIAN_POINT('Ctrl Pts',(7.27561854395823,-15.5888568570926,1.5));
#8404=CARTESIAN_POINT('Ctrl Pts',(7.1598952051936,-15.6266078541371,1.5));
#8405=CARTESIAN_POINT('Ctrl Pts',(6.94062705477238,-15.6981369975826,1.5));
#8406=CARTESIAN_POINT('Ctrl Pts',(6.7102104800482,-15.6966630961435,1.5));
#8407=CARTESIAN_POINT('Ctrl Pts',(6.60140105749166,-15.695967076924,1.5));
#8408=CARTESIAN_POINT('',(7.27561854395823,-15.5888568570926,1.3));
#8409=CARTESIAN_POINT('',(7.27561854395823,-15.5888568570926,1.5));
#8410=CARTESIAN_POINT('Ctrl Pts',(7.27561854395823,-15.5888568570926,1.3));
#8411=CARTESIAN_POINT('Ctrl Pts',(7.1598952051936,-15.6266078541371,1.3));
#8412=CARTESIAN_POINT('Ctrl Pts',(6.94062705477238,-15.6981369975826,1.3));
#8413=CARTESIAN_POINT('Ctrl Pts',(6.7102104800482,-15.6966630961435,1.3));
#8414=CARTESIAN_POINT('Ctrl Pts',(6.60140105749166,-15.695967076924,1.3));
#8415=CARTESIAN_POINT('Ctrl Pts',(8.00145232189233,-15.0252390380334,1.5));
#8416=CARTESIAN_POINT('Ctrl Pts',(8.00145232189233,-15.0252390380334,1.3));
#8417=CARTESIAN_POINT('Ctrl Pts',(7.91545504040186,-15.1437338882937,1.5));
#8418=CARTESIAN_POINT('Ctrl Pts',(7.91545504040186,-15.1437338882937,1.3));
#8419=CARTESIAN_POINT('Ctrl Pts',(7.72888883748013,-15.4008017152724,1.5));
#8420=CARTESIAN_POINT('Ctrl Pts',(7.72888883748013,-15.4008017152724,1.3));
#8421=CARTESIAN_POINT('Ctrl Pts',(7.43437621820322,-15.5229906457572,1.5));
#8422=CARTESIAN_POINT('Ctrl Pts',(7.43437621820322,-15.5229906457572,1.3));
#8423=CARTESIAN_POINT('Ctrl Pts',(7.27561854395823,-15.5888568570926,1.5));
#8424=CARTESIAN_POINT('Ctrl Pts',(7.27561854395823,-15.5888568570926,1.3));
#8425=CARTESIAN_POINT('',(8.00145232189233,-15.0252390380334,1.5));
#8426=CARTESIAN_POINT('Ctrl Pts',(8.00145232189233,-15.0252390380334,1.5));
#8427=CARTESIAN_POINT('Ctrl Pts',(7.91545504040186,-15.1437338882937,1.5));
#8428=CARTESIAN_POINT('Ctrl Pts',(7.72888883748013,-15.4008017152724,1.5));
#8429=CARTESIAN_POINT('Ctrl Pts',(7.43437621820322,-15.5229906457572,1.5));
#8430=CARTESIAN_POINT('Ctrl Pts',(7.27561854395823,-15.5888568570926,1.5));
#8431=CARTESIAN_POINT('',(8.00145232189233,-15.0252390380334,1.3));
#8432=CARTESIAN_POINT('',(8.00145232189233,-15.0252390380334,1.5));
#8433=CARTESIAN_POINT('Ctrl Pts',(8.00145232189233,-15.0252390380334,1.3));
#8434=CARTESIAN_POINT('Ctrl Pts',(7.91545504040186,-15.1437338882937,1.3));
#8435=CARTESIAN_POINT('Ctrl Pts',(7.72888883748013,-15.4008017152724,1.3));
#8436=CARTESIAN_POINT('Ctrl Pts',(7.43437621820322,-15.5229906457572,1.3));
#8437=CARTESIAN_POINT('Ctrl Pts',(7.27561854395823,-15.5888568570926,1.3));
#8438=CARTESIAN_POINT('Ctrl Pts',(8.0646101721859,-14.2803382087953,1.5));
#8439=CARTESIAN_POINT('Ctrl Pts',(8.0646101721859,-14.2803382087953,1.3));
#8440=CARTESIAN_POINT('Ctrl Pts',(8.09536327307407,-14.4056725382834,1.5));
#8441=CARTESIAN_POINT('Ctrl Pts',(8.09536327307407,-14.4056725382834,1.3));
#8442=CARTESIAN_POINT('Ctrl Pts',(8.15794881948144,-14.6607400686484,1.5));
#8443=CARTESIAN_POINT('Ctrl Pts',(8.15794881948144,-14.6607400686484,1.3));
#8444=CARTESIAN_POINT('Ctrl Pts',(8.05421415395211,-14.9023504513563,1.5));
#8445=CARTESIAN_POINT('Ctrl Pts',(8.05421415395211,-14.9023504513563,1.3));
#8446=CARTESIAN_POINT('Ctrl Pts',(8.00145232189233,-15.0252390380334,1.5));
#8447=CARTESIAN_POINT('Ctrl Pts',(8.00145232189233,-15.0252390380334,1.3));
#8448=CARTESIAN_POINT('',(8.0646101721859,-14.2803382087953,1.5));
#8449=CARTESIAN_POINT('Ctrl Pts',(8.0646101721859,-14.2803382087953,1.5));
#8450=CARTESIAN_POINT('Ctrl Pts',(8.09536327307407,-14.4056725382834,1.5));
#8451=CARTESIAN_POINT('Ctrl Pts',(8.15794881948144,-14.6607400686484,1.5));
#8452=CARTESIAN_POINT('Ctrl Pts',(8.05421415395211,-14.9023504513563,1.5));
#8453=CARTESIAN_POINT('Ctrl Pts',(8.00145232189233,-15.0252390380334,1.5));
#8454=CARTESIAN_POINT('',(8.0646101721859,-14.2803382087953,1.3));
#8455=CARTESIAN_POINT('',(8.0646101721859,-14.2803382087953,1.5));
#8456=CARTESIAN_POINT('Ctrl Pts',(8.0646101721859,-14.2803382087953,1.3));
#8457=CARTESIAN_POINT('Ctrl Pts',(8.09536327307407,-14.4056725382834,1.3));
#8458=CARTESIAN_POINT('Ctrl Pts',(8.15794881948144,-14.6607400686484,1.3));
#8459=CARTESIAN_POINT('Ctrl Pts',(8.05421415395211,-14.9023504513563,1.3));
#8460=CARTESIAN_POINT('Ctrl Pts',(8.00145232189233,-15.0252390380334,1.3));
#8461=CARTESIAN_POINT('Ctrl Pts',(7.68666851955336,-13.8582242960614,1.5));
#8462=CARTESIAN_POINT('Ctrl Pts',(7.68666851955336,-13.8582242960614,1.3));
#8463=CARTESIAN_POINT('Ctrl Pts',(7.76986146712323,-13.9070804204792,1.5));
#8464=CARTESIAN_POINT('Ctrl Pts',(7.76986146712323,-13.9070804204792,1.3));
#8465=CARTESIAN_POINT('Ctrl Pts',(7.94055342858594,-14.0073214619369,1.5));
#8466=CARTESIAN_POINT('Ctrl Pts',(7.94055342858594,-14.0073214619369,1.3));
#8467=CARTESIAN_POINT('Ctrl Pts',(8.02256825837848,-14.187814850481,1.5));
#8468=CARTESIAN_POINT('Ctrl Pts',(8.02256825837848,-14.187814850481,1.3));
#8469=CARTESIAN_POINT('Ctrl Pts',(8.0646101721859,-14.2803382087953,1.5));
#8470=CARTESIAN_POINT('Ctrl Pts',(8.0646101721859,-14.2803382087953,1.3));
#8471=CARTESIAN_POINT('',(7.68666851955336,-13.8582242960614,1.5));
#8472=CARTESIAN_POINT('Ctrl Pts',(7.68666851955336,-13.8582242960614,1.5));
#8473=CARTESIAN_POINT('Ctrl Pts',(7.76986146712323,-13.9070804204792,1.5));
#8474=CARTESIAN_POINT('Ctrl Pts',(7.94055342858594,-14.0073214619369,1.5));
#8475=CARTESIAN_POINT('Ctrl Pts',(8.02256825837848,-14.187814850481,1.5));
#8476=CARTESIAN_POINT('Ctrl Pts',(8.0646101721859,-14.2803382087953,1.5));
#8477=CARTESIAN_POINT('',(7.68666851955336,-13.8582242960614,1.3));
#8478=CARTESIAN_POINT('',(7.68666851955336,-13.8582242960614,1.5));
#8479=CARTESIAN_POINT('Ctrl Pts',(7.68666851955336,-13.8582242960614,1.3));
#8480=CARTESIAN_POINT('Ctrl Pts',(7.76986146712323,-13.9070804204792,1.3));
#8481=CARTESIAN_POINT('Ctrl Pts',(7.94055342858594,-14.0073214619369,1.3));
#8482=CARTESIAN_POINT('Ctrl Pts',(8.02256825837848,-14.187814850481,1.3));
#8483=CARTESIAN_POINT('Ctrl Pts',(8.0646101721859,-14.2803382087953,1.3));
#8484=CARTESIAN_POINT('Ctrl Pts',(6.94358759364616,-13.7432276710381,1.5));
#8485=CARTESIAN_POINT('Ctrl Pts',(6.94358759364616,-13.7432276710381,1.3));
#8486=CARTESIAN_POINT('Ctrl Pts',(7.10058183427153,-13.7509303201213,1.5));
#8487=CARTESIAN_POINT('Ctrl Pts',(7.10058183427153,-13.7509303201213,1.3));
#8488=CARTESIAN_POINT('Ctrl Pts',(7.3527910235218,-13.7633045248859,1.5));
#8489=CARTESIAN_POINT('Ctrl Pts',(7.3527910235218,-13.7633045248859,1.3));
#8490=CARTESIAN_POINT('Ctrl Pts',(7.59516615927961,-13.8322106137904,1.5));
#8491=CARTESIAN_POINT('Ctrl Pts',(7.59516615927961,-13.8322106137904,1.3));
#8492=CARTESIAN_POINT('Ctrl Pts',(7.68666851955336,-13.8582242960614,1.5));
#8493=CARTESIAN_POINT('Ctrl Pts',(7.68666851955336,-13.8582242960614,1.3));
#8494=CARTESIAN_POINT('',(6.94358759364616,-13.7432276710381,1.5));
#8495=CARTESIAN_POINT('Ctrl Pts',(6.94358759364616,-13.7432276710381,1.5));
#8496=CARTESIAN_POINT('Ctrl Pts',(7.10058183427153,-13.7509303201213,1.5));
#8497=CARTESIAN_POINT('Ctrl Pts',(7.3527910235218,-13.7633045248859,1.5));
#8498=CARTESIAN_POINT('Ctrl Pts',(7.59516615927961,-13.8322106137904,1.5));
#8499=CARTESIAN_POINT('Ctrl Pts',(7.68666851955336,-13.8582242960614,1.5));
#8500=CARTESIAN_POINT('',(6.94358759364616,-13.7432276710381,1.3));
#8501=CARTESIAN_POINT('',(6.94358759364616,-13.7432276710381,1.5));
#8502=CARTESIAN_POINT('Ctrl Pts',(6.94358759364616,-13.7432276710381,1.3));
#8503=CARTESIAN_POINT('Ctrl Pts',(7.10058183427153,-13.7509303201213,1.3));
#8504=CARTESIAN_POINT('Ctrl Pts',(7.3527910235218,-13.7633045248859,1.3));
#8505=CARTESIAN_POINT('Ctrl Pts',(7.59516615927961,-13.8322106137904,1.3));
#8506=CARTESIAN_POINT('Ctrl Pts',(7.68666851955336,-13.8582242960614,1.3));
#8507=CARTESIAN_POINT('Ctrl Pts',(6.44581359404378,-13.6739650200072,1.5));
#8508=CARTESIAN_POINT('Ctrl Pts',(6.44581359404378,-13.6739650200072,1.3));
#8509=CARTESIAN_POINT('Ctrl Pts',(6.50767392044971,-13.6889366777653,1.5));
#8510=CARTESIAN_POINT('Ctrl Pts',(6.50767392044971,-13.6889366777653,1.3));
#8511=CARTESIAN_POINT('Ctrl Pts',(6.67105873141263,-13.7284796549,1.5));
#8512=CARTESIAN_POINT('Ctrl Pts',(6.67105873141263,-13.7284796549,1.3));
#8513=CARTESIAN_POINT('Ctrl Pts',(6.83914296775691,-13.7375756053614,1.5));
#8514=CARTESIAN_POINT('Ctrl Pts',(6.83914296775691,-13.7375756053614,1.3));
#8515=CARTESIAN_POINT('Ctrl Pts',(6.94358759364616,-13.7432276710381,1.5));
#8516=CARTESIAN_POINT('Ctrl Pts',(6.94358759364616,-13.7432276710381,1.3));
#8517=CARTESIAN_POINT('',(6.44581359404378,-13.6739650200072,1.5));
#8518=CARTESIAN_POINT('Ctrl Pts',(6.44581359404378,-13.6739650200072,1.5));
#8519=CARTESIAN_POINT('Ctrl Pts',(6.50767392044971,-13.6889366777653,1.5));
#8520=CARTESIAN_POINT('Ctrl Pts',(6.67105873141263,-13.7284796549,1.5));
#8521=CARTESIAN_POINT('Ctrl Pts',(6.83914296775691,-13.7375756053614,1.5));
#8522=CARTESIAN_POINT('Ctrl Pts',(6.94358759364616,-13.7432276710381,1.5));
#8523=CARTESIAN_POINT('',(6.44581359404378,-13.6739650200072,1.3));
#8524=CARTESIAN_POINT('',(6.44581359404378,-13.6739650200072,1.5));
#8525=CARTESIAN_POINT('Ctrl Pts',(6.44581359404378,-13.6739650200072,1.3));
#8526=CARTESIAN_POINT('Ctrl Pts',(6.50767392044971,-13.6889366777653,1.3));
#8527=CARTESIAN_POINT('Ctrl Pts',(6.67105873141263,-13.7284796549,1.3));
#8528=CARTESIAN_POINT('Ctrl Pts',(6.83914296775691,-13.7375756053614,1.3));
#8529=CARTESIAN_POINT('Ctrl Pts',(6.94358759364616,-13.7432276710381,1.3));
#8530=CARTESIAN_POINT('Ctrl Pts',(6.27879783561546,-13.5082713234507,1.5));
#8531=CARTESIAN_POINT('Ctrl Pts',(6.27879783561546,-13.5082713234507,1.3));
#8532=CARTESIAN_POINT('Ctrl Pts',(6.29686292575758,-13.5454917052802,1.5));
#8533=CARTESIAN_POINT('Ctrl Pts',(6.29686292575758,-13.5454917052802,1.3));
#8534=CARTESIAN_POINT('Ctrl Pts',(6.33314014090071,-13.620235411994,1.5));
#8535=CARTESIAN_POINT('Ctrl Pts',(6.33314014090071,-13.620235411994,1.3));
#8536=CARTESIAN_POINT('Ctrl Pts',(6.40815442974652,-13.6560068224074,1.5));
#8537=CARTESIAN_POINT('Ctrl Pts',(6.40815442974652,-13.6560068224074,1.3));
#8538=CARTESIAN_POINT('Ctrl Pts',(6.44581359404378,-13.6739650200072,1.5));
#8539=CARTESIAN_POINT('Ctrl Pts',(6.44581359404378,-13.6739650200072,1.3));
#8540=CARTESIAN_POINT('',(6.27879783561546,-13.5082713234507,1.5));
#8541=CARTESIAN_POINT('Ctrl Pts',(6.27879783561546,-13.5082713234507,1.5));
#8542=CARTESIAN_POINT('Ctrl Pts',(6.29686292575758,-13.5454917052802,1.5));
#8543=CARTESIAN_POINT('Ctrl Pts',(6.33314014090071,-13.620235411994,1.5));
#8544=CARTESIAN_POINT('Ctrl Pts',(6.40815442974652,-13.6560068224074,1.5));
#8545=CARTESIAN_POINT('Ctrl Pts',(6.44581359404378,-13.6739650200072,1.5));
#8546=CARTESIAN_POINT('',(6.27879783561546,-13.5082713234507,1.3));
#8547=CARTESIAN_POINT('',(6.27879783561546,-13.5082713234507,1.5));
#8548=CARTESIAN_POINT('Ctrl Pts',(6.27879783561546,-13.5082713234507,1.3));
#8549=CARTESIAN_POINT('Ctrl Pts',(6.29686292575758,-13.5454917052802,1.3));
#8550=CARTESIAN_POINT('Ctrl Pts',(6.33314014090071,-13.620235411994,1.3));
#8551=CARTESIAN_POINT('Ctrl Pts',(6.40815442974652,-13.6560068224074,1.3));
#8552=CARTESIAN_POINT('Ctrl Pts',(6.44581359404378,-13.6739650200072,1.3));
#8553=CARTESIAN_POINT('Ctrl Pts',(6.30398761031683,-13.2573762583738,1.5));
#8554=CARTESIAN_POINT('Ctrl Pts',(6.30398761031683,-13.2573762583738,1.3));
#8555=CARTESIAN_POINT('Ctrl Pts',(6.28484125240742,-13.2981330581754,1.5));
#8556=CARTESIAN_POINT('Ctrl Pts',(6.28484125240742,-13.2981330581754,1.3));
#8557=CARTESIAN_POINT('Ctrl Pts',(6.24691440232581,-13.378867840383,1.5));
#8558=CARTESIAN_POINT('Ctrl Pts',(6.24691440232581,-13.378867840383,1.3));
#8559=CARTESIAN_POINT('Ctrl Pts',(6.26823859327539,-13.4654151252192,1.5));
#8560=CARTESIAN_POINT('Ctrl Pts',(6.26823859327539,-13.4654151252192,1.3));
#8561=CARTESIAN_POINT('Ctrl Pts',(6.27879783561546,-13.5082713234507,1.5));
#8562=CARTESIAN_POINT('Ctrl Pts',(6.27879783561546,-13.5082713234507,1.3));
#8563=CARTESIAN_POINT('',(6.30398761031683,-13.2573762583738,1.5));
#8564=CARTESIAN_POINT('Ctrl Pts',(6.30398761031683,-13.2573762583738,1.5));
#8565=CARTESIAN_POINT('Ctrl Pts',(6.28484125240742,-13.2981330581754,1.5));
#8566=CARTESIAN_POINT('Ctrl Pts',(6.24691440232581,-13.378867840383,1.5));
#8567=CARTESIAN_POINT('Ctrl Pts',(6.26823859327539,-13.4654151252192,1.5));
#8568=CARTESIAN_POINT('Ctrl Pts',(6.27879783561546,-13.5082713234507,1.5));
#8569=CARTESIAN_POINT('',(6.30398761031683,-13.2573762583738,1.3));
#8570=CARTESIAN_POINT('',(6.30398761031683,-13.2573762583738,1.5));
#8571=CARTESIAN_POINT('Ctrl Pts',(6.30398761031683,-13.2573762583738,1.3));
#8572=CARTESIAN_POINT('Ctrl Pts',(6.28484125240742,-13.2981330581754,1.3));
#8573=CARTESIAN_POINT('Ctrl Pts',(6.24691440232581,-13.378867840383,1.3));
#8574=CARTESIAN_POINT('Ctrl Pts',(6.26823859327539,-13.4654151252192,1.3));
#8575=CARTESIAN_POINT('Ctrl Pts',(6.27879783561546,-13.5082713234507,1.3));
#8576=CARTESIAN_POINT('Ctrl Pts',(6.61644266031792,-13.047832436076,1.5));
#8577=CARTESIAN_POINT('Ctrl Pts',(6.61644266031792,-13.047832436076,1.3));
#8578=CARTESIAN_POINT('Ctrl Pts',(6.54629996925006,-13.0741744136604,1.5));
#8579=CARTESIAN_POINT('Ctrl Pts',(6.54629996925006,-13.0741744136604,1.3));
#8580=CARTESIAN_POINT('Ctrl Pts',(6.42493917039835,-13.1197512712675,1.5));
#8581=CARTESIAN_POINT('Ctrl Pts',(6.42493917039835,-13.1197512712675,1.3));
#8582=CARTESIAN_POINT('Ctrl Pts',(6.3398837123472,-13.2165318031574,1.5));
#8583=CARTESIAN_POINT('Ctrl Pts',(6.3398837123472,-13.2165318031574,1.3));
#8584=CARTESIAN_POINT('Ctrl Pts',(6.30398761031683,-13.2573762583738,1.5));
#8585=CARTESIAN_POINT('Ctrl Pts',(6.30398761031683,-13.2573762583738,1.3));
#8586=CARTESIAN_POINT('',(6.61644266031792,-13.047832436076,1.5));
#8587=CARTESIAN_POINT('Ctrl Pts',(6.61644266031792,-13.047832436076,1.5));
#8588=CARTESIAN_POINT('Ctrl Pts',(6.54629996925006,-13.0741744136604,1.5));
#8589=CARTESIAN_POINT('Ctrl Pts',(6.42493917039835,-13.1197512712675,1.5));
#8590=CARTESIAN_POINT('Ctrl Pts',(6.3398837123472,-13.2165318031574,1.5));
#8591=CARTESIAN_POINT('Ctrl Pts',(6.30398761031683,-13.2573762583738,1.5));
#8592=CARTESIAN_POINT('',(6.61644266031792,-13.047832436076,1.3));
#8593=CARTESIAN_POINT('',(6.61644266031792,-13.047832436076,1.5));
#8594=CARTESIAN_POINT('Ctrl Pts',(6.61644266031792,-13.047832436076,1.3));
#8595=CARTESIAN_POINT('Ctrl Pts',(6.54629996925006,-13.0741744136604,1.3));
#8596=CARTESIAN_POINT('Ctrl Pts',(6.42493917039835,-13.1197512712675,1.3));
#8597=CARTESIAN_POINT('Ctrl Pts',(6.3398837123472,-13.2165318031574,1.3));
#8598=CARTESIAN_POINT('Ctrl Pts',(6.30398761031683,-13.2573762583738,1.3));
#8599=CARTESIAN_POINT('Ctrl Pts',(7.02484769798124,-13.0211373021686,1.5));
#8600=CARTESIAN_POINT('Ctrl Pts',(7.02484769798124,-13.0211373021686,1.3));
#8601=CARTESIAN_POINT('Ctrl Pts',(6.96322304693305,-13.0081011024857,1.5));
#8602=CARTESIAN_POINT('Ctrl Pts',(6.96322304693305,-13.0081011024857,1.3));
#8603=CARTESIAN_POINT('Ctrl Pts',(6.82532919524503,-12.9789307663446,1.5));
#8604=CARTESIAN_POINT('Ctrl Pts',(6.82532919524503,-12.9789307663446,1.3));
#8605=CARTESIAN_POINT('Ctrl Pts',(6.6908327517466,-13.0232947055196,1.5));
#8606=CARTESIAN_POINT('Ctrl Pts',(6.6908327517466,-13.0232947055196,1.3));
#8607=CARTESIAN_POINT('Ctrl Pts',(6.61644266031792,-13.047832436076,1.5));
#8608=CARTESIAN_POINT('Ctrl Pts',(6.61644266031792,-13.047832436076,1.3));
#8609=CARTESIAN_POINT('',(7.02484769798124,-13.0211373021686,1.5));
#8610=CARTESIAN_POINT('Ctrl Pts',(7.02484769798124,-13.0211373021686,1.5));
#8611=CARTESIAN_POINT('Ctrl Pts',(6.96322304693305,-13.0081011024857,1.5));
#8612=CARTESIAN_POINT('Ctrl Pts',(6.82532919524503,-12.9789307663446,1.5));
#8613=CARTESIAN_POINT('Ctrl Pts',(6.6908327517466,-13.0232947055196,1.5));
#8614=CARTESIAN_POINT('Ctrl Pts',(6.61644266031792,-13.047832436076,1.5));
#8615=CARTESIAN_POINT('',(7.02484769798124,-13.0211373021686,1.3));
#8616=CARTESIAN_POINT('',(7.02484769798124,-13.0211373021686,1.5));
#8617=CARTESIAN_POINT('Ctrl Pts',(7.02484769798124,-13.0211373021686,1.3));
#8618=CARTESIAN_POINT('Ctrl Pts',(6.96322304693305,-13.0081011024857,1.3));
#8619=CARTESIAN_POINT('Ctrl Pts',(6.82532919524503,-12.9789307663446,1.3));
#8620=CARTESIAN_POINT('Ctrl Pts',(6.6908327517466,-13.0232947055196,1.3));
#8621=CARTESIAN_POINT('Ctrl Pts',(6.61644266031792,-13.047832436076,1.3));
#8622=CARTESIAN_POINT('Ctrl Pts',(7.28367826408379,-13.2775431519182,1.5));
#8623=CARTESIAN_POINT('Ctrl Pts',(7.28367826408379,-13.2775431519182,1.3));
#8624=CARTESIAN_POINT('Ctrl Pts',(7.25097759307576,-13.2190136281176,1.5));
#8625=CARTESIAN_POINT('Ctrl Pts',(7.25097759307576,-13.2190136281176,1.3));
#8626=CARTESIAN_POINT('Ctrl Pts',(7.18913199415966,-13.1083188520736,1.5));
#8627=CARTESIAN_POINT('Ctrl Pts',(7.18913199415966,-13.1083188520736,1.3));
#8628=CARTESIAN_POINT('Ctrl Pts',(7.07746915359496,-13.0490621870504,1.5));
#8629=CARTESIAN_POINT('Ctrl Pts',(7.07746915359496,-13.0490621870504,1.3));
#8630=CARTESIAN_POINT('Ctrl Pts',(7.02484769798124,-13.0211373021686,1.5));
#8631=CARTESIAN_POINT('Ctrl Pts',(7.02484769798124,-13.0211373021686,1.3));
#8632=CARTESIAN_POINT('',(7.28367826408379,-13.2775431519182,1.5));
#8633=CARTESIAN_POINT('Ctrl Pts',(7.28367826408379,-13.2775431519182,1.5));
#8634=CARTESIAN_POINT('Ctrl Pts',(7.25097759307576,-13.2190136281176,1.5));
#8635=CARTESIAN_POINT('Ctrl Pts',(7.18913199415966,-13.1083188520736,1.5));
#8636=CARTESIAN_POINT('Ctrl Pts',(7.07746915359496,-13.0490621870504,1.5));
#8637=CARTESIAN_POINT('Ctrl Pts',(7.02484769798124,-13.0211373021686,1.5));
#8638=CARTESIAN_POINT('',(7.28367826408379,-13.2775431519182,1.3));
#8639=CARTESIAN_POINT('',(7.28367826408379,-13.2775431519182,1.5));
#8640=CARTESIAN_POINT('Ctrl Pts',(7.28367826408379,-13.2775431519182,1.3));
#8641=CARTESIAN_POINT('Ctrl Pts',(7.25097759307576,-13.2190136281176,1.3));
#8642=CARTESIAN_POINT('Ctrl Pts',(7.18913199415966,-13.1083188520736,1.3));
#8643=CARTESIAN_POINT('Ctrl Pts',(7.07746915359496,-13.0490621870504,1.3));
#8644=CARTESIAN_POINT('Ctrl Pts',(7.02484769798124,-13.0211373021686,1.3));
#8645=CARTESIAN_POINT('Origin',(7.83031899398409,-13.0502718302716,1.5));
#8646=CARTESIAN_POINT('',(7.83031899398409,-13.0502718302716,1.5));
#8647=CARTESIAN_POINT('',(12.9817783290413,-10.9085013630391,1.5));
#8648=CARTESIAN_POINT('',(7.83031899398409,-13.0502718302716,1.3));
#8649=CARTESIAN_POINT('',(7.83031899398409,-13.0502718302716,1.5));
#8650=CARTESIAN_POINT('',(7.83031899398409,-13.0502718302716,1.3));
#8651=CARTESIAN_POINT('Ctrl Pts',(7.30592662555268,-12.5399102589736,1.5));
#8652=CARTESIAN_POINT('Ctrl Pts',(7.30592662555268,-12.5399102589736,1.3));
#8653=CARTESIAN_POINT('Ctrl Pts',(7.41755995260479,-12.5959309503797,1.5));
#8654=CARTESIAN_POINT('Ctrl Pts',(7.41755995260479,-12.5959309503797,1.3));
#8655=CARTESIAN_POINT('Ctrl Pts',(7.64590261767567,-12.7105196159026,1.5));
#8656=CARTESIAN_POINT('Ctrl Pts',(7.64590261767567,-12.7105196159026,1.3));
#8657=CARTESIAN_POINT('Ctrl Pts',(7.76794256084921,-12.9353550766392,1.5));
#8658=CARTESIAN_POINT('Ctrl Pts',(7.76794256084921,-12.9353550766392,1.3));
#8659=CARTESIAN_POINT('Ctrl Pts',(7.83031899398409,-13.0502718302716,1.5));
#8660=CARTESIAN_POINT('Ctrl Pts',(7.83031899398409,-13.0502718302716,1.3));
#8661=CARTESIAN_POINT('',(7.30592662555268,-12.5399102589736,1.5));
#8662=CARTESIAN_POINT('Ctrl Pts',(7.30592662555268,-12.5399102589736,1.5));
#8663=CARTESIAN_POINT('Ctrl Pts',(7.41755995260479,-12.5959309503797,1.5));
#8664=CARTESIAN_POINT('Ctrl Pts',(7.64590261767567,-12.7105196159026,1.5));
#8665=CARTESIAN_POINT('Ctrl Pts',(7.76794256084921,-12.9353550766392,1.5));
#8666=CARTESIAN_POINT('Ctrl Pts',(7.83031899398409,-13.0502718302716,1.5));
#8667=CARTESIAN_POINT('',(7.30592662555268,-12.5399102589736,1.3));
#8668=CARTESIAN_POINT('',(7.30592662555268,-12.5399102589736,1.5));
#8669=CARTESIAN_POINT('Ctrl Pts',(7.30592662555268,-12.5399102589736,1.3));
#8670=CARTESIAN_POINT('Ctrl Pts',(7.41755995260479,-12.5959309503797,1.3));
#8671=CARTESIAN_POINT('Ctrl Pts',(7.64590261767567,-12.7105196159026,1.3));
#8672=CARTESIAN_POINT('Ctrl Pts',(7.76794256084921,-12.9353550766392,1.3));
#8673=CARTESIAN_POINT('Ctrl Pts',(7.83031899398409,-13.0502718302716,1.3));
#8674=CARTESIAN_POINT('Ctrl Pts',(6.45301107603626,-12.5868423109623,1.5));
#8675=CARTESIAN_POINT('Ctrl Pts',(6.45301107603626,-12.5868423109623,1.3));
#8676=CARTESIAN_POINT('Ctrl Pts',(6.60618177076933,-12.5376094399408,1.5));
#8677=CARTESIAN_POINT('Ctrl Pts',(6.60618177076933,-12.5376094399408,1.3));
#8678=CARTESIAN_POINT('Ctrl Pts',(6.8875716316484,-12.447163739792,1.5));
#8679=CARTESIAN_POINT('Ctrl Pts',(6.8875716316484,-12.447163739792,1.3));
#8680=CARTESIAN_POINT('Ctrl Pts',(7.17496972535687,-12.5108779853473,1.5));
#8681=CARTESIAN_POINT('Ctrl Pts',(7.17496972535687,-12.5108779853473,1.3));
#8682=CARTESIAN_POINT('Ctrl Pts',(7.30592662555268,-12.5399102589736,1.5));
#8683=CARTESIAN_POINT('Ctrl Pts',(7.30592662555268,-12.5399102589736,1.3));
#8684=CARTESIAN_POINT('',(6.45301107603626,-12.5868423109623,1.5));
#8685=CARTESIAN_POINT('Ctrl Pts',(6.45301107603626,-12.5868423109623,1.5));
#8686=CARTESIAN_POINT('Ctrl Pts',(6.60618177076933,-12.5376094399408,1.5));
#8687=CARTESIAN_POINT('Ctrl Pts',(6.8875716316484,-12.447163739792,1.5));
#8688=CARTESIAN_POINT('Ctrl Pts',(7.17496972535687,-12.5108779853473,1.5));
#8689=CARTESIAN_POINT('Ctrl Pts',(7.30592662555268,-12.5399102589736,1.5));
#8690=CARTESIAN_POINT('',(6.45301107603626,-12.5868423109623,1.3));
#8691=CARTESIAN_POINT('',(6.45301107603626,-12.5868423109623,1.5));
#8692=CARTESIAN_POINT('Ctrl Pts',(6.45301107603626,-12.5868423109623,1.3));
#8693=CARTESIAN_POINT('Ctrl Pts',(6.60618177076933,-12.5376094399408,1.3));
#8694=CARTESIAN_POINT('Ctrl Pts',(6.8875716316484,-12.447163739792,1.3));
#8695=CARTESIAN_POINT('Ctrl Pts',(7.17496972535687,-12.5108779853473,1.3));
#8696=CARTESIAN_POINT('Ctrl Pts',(7.30592662555268,-12.5399102589736,1.3));
#8697=CARTESIAN_POINT('Ctrl Pts',(5.79228625428304,-13.0930078492746,1.5));
#8698=CARTESIAN_POINT('Ctrl Pts',(5.79228625428304,-13.0930078492746,1.3));
#8699=CARTESIAN_POINT('Ctrl Pts',(5.86934797367173,-12.9876425580423,1.5));
#8700=CARTESIAN_POINT('Ctrl Pts',(5.86934797367173,-12.9876425580423,1.3));
#8701=CARTESIAN_POINT('Ctrl Pts',(6.03917488244654,-12.7554408651126,1.5));
#8702=CARTESIAN_POINT('Ctrl Pts',(6.03917488244654,-12.7554408651126,1.3));
#8703=CARTESIAN_POINT('Ctrl Pts',(6.306816300405,-12.6464026591811,1.5));
#8704=CARTESIAN_POINT('Ctrl Pts',(6.306816300405,-12.6464026591811,1.3));
#8705=CARTESIAN_POINT('Ctrl Pts',(6.45301107603626,-12.5868423109623,1.5));
#8706=CARTESIAN_POINT('Ctrl Pts',(6.45301107603626,-12.5868423109623,1.3));
#8707=CARTESIAN_POINT('',(5.79228625428304,-13.0930078492746,1.5));
#8708=CARTESIAN_POINT('Ctrl Pts',(5.79228625428304,-13.0930078492746,1.5));
#8709=CARTESIAN_POINT('Ctrl Pts',(5.86934797367173,-12.9876425580423,1.5));
#8710=CARTESIAN_POINT('Ctrl Pts',(6.03917488244654,-12.7554408651126,1.5));
#8711=CARTESIAN_POINT('Ctrl Pts',(6.306816300405,-12.6464026591811,1.5));
#8712=CARTESIAN_POINT('Ctrl Pts',(6.45301107603626,-12.5868423109623,1.5));
#8713=CARTESIAN_POINT('',(5.79228625428304,-13.0930078492746,1.3));
#8714=CARTESIAN_POINT('',(5.79228625428304,-13.0930078492746,1.5));
#8715=CARTESIAN_POINT('Ctrl Pts',(5.79228625428304,-13.0930078492746,1.3));
#8716=CARTESIAN_POINT('Ctrl Pts',(5.86934797367173,-12.9876425580423,1.3));
#8717=CARTESIAN_POINT('Ctrl Pts',(6.03917488244654,-12.7554408651126,1.3));
#8718=CARTESIAN_POINT('Ctrl Pts',(6.306816300405,-12.6464026591811,1.3));
#8719=CARTESIAN_POINT('Ctrl Pts',(6.45301107603626,-12.5868423109623,1.3));
#8720=CARTESIAN_POINT('Ctrl Pts',(5.7494783340497,-13.7771478172633,1.5));
#8721=CARTESIAN_POINT('Ctrl Pts',(5.7494783340497,-13.7771478172633,1.3));
#8722=CARTESIAN_POINT('Ctrl Pts',(5.71872120087365,-13.6600305128681,1.5));
#8723=CARTESIAN_POINT('Ctrl Pts',(5.71872120087365,-13.6600305128681,1.3));
#8724=CARTESIAN_POINT('Ctrl Pts',(5.65756674938133,-13.4271660105248,1.5));
#8725=CARTESIAN_POINT('Ctrl Pts',(5.65756674938133,-13.4271660105248,1.3));
#8726=CARTESIAN_POINT('Ctrl Pts',(5.74755624324701,-13.203956135875,1.5));
#8727=CARTESIAN_POINT('Ctrl Pts',(5.74755624324701,-13.203956135875,1.3));
#8728=CARTESIAN_POINT('Ctrl Pts',(5.79228625428304,-13.0930078492746,1.5));
#8729=CARTESIAN_POINT('Ctrl Pts',(5.79228625428304,-13.0930078492746,1.3));
#8730=CARTESIAN_POINT('',(5.7494783340497,-13.7771478172633,1.5));
#8731=CARTESIAN_POINT('Ctrl Pts',(5.7494783340497,-13.7771478172633,1.5));
#8732=CARTESIAN_POINT('Ctrl Pts',(5.71872120087365,-13.6600305128681,1.5));
#8733=CARTESIAN_POINT('Ctrl Pts',(5.65756674938133,-13.4271660105248,1.5));
#8734=CARTESIAN_POINT('Ctrl Pts',(5.74755624324701,-13.203956135875,1.5));
#8735=CARTESIAN_POINT('Ctrl Pts',(5.79228625428304,-13.0930078492746,1.5));
#8736=CARTESIAN_POINT('',(5.7494783340497,-13.7771478172633,1.3));
#8737=CARTESIAN_POINT('',(5.7494783340497,-13.7771478172633,1.5));
#8738=CARTESIAN_POINT('Ctrl Pts',(5.7494783340497,-13.7771478172633,1.3));
#8739=CARTESIAN_POINT('Ctrl Pts',(5.71872120087365,-13.6600305128681,1.3));
#8740=CARTESIAN_POINT('Ctrl Pts',(5.65756674938133,-13.4271660105248,1.3));
#8741=CARTESIAN_POINT('Ctrl Pts',(5.74755624324701,-13.203956135875,1.3));
#8742=CARTESIAN_POINT('Ctrl Pts',(5.79228625428304,-13.0930078492746,1.3));
#8743=CARTESIAN_POINT('Ctrl Pts',(5.96549403847576,-14.1014023197978,1.5));
#8744=CARTESIAN_POINT('Ctrl Pts',(5.96549403847576,-14.1014023197978,1.3));
#8745=CARTESIAN_POINT('Ctrl Pts',(5.92058636288413,-14.0565139548916,1.5));
#8746=CARTESIAN_POINT('Ctrl Pts',(5.92058636288413,-14.0565139548916,1.3));
#8747=CARTESIAN_POINT('Ctrl Pts',(5.82700263913867,-13.9629704729496,1.5));
#8748=CARTESIAN_POINT('Ctrl Pts',(5.82700263913867,-13.9629704729496,1.3));
#8749=CARTESIAN_POINT('Ctrl Pts',(5.77600429256364,-13.8407294778796,1.5));
#8750=CARTESIAN_POINT('Ctrl Pts',(5.77600429256364,-13.8407294778796,1.3));
#8751=CARTESIAN_POINT('Ctrl Pts',(5.7494783340497,-13.7771478172633,1.5));
#8752=CARTESIAN_POINT('Ctrl Pts',(5.7494783340497,-13.7771478172633,1.3));
#8753=CARTESIAN_POINT('',(5.96549403847576,-14.1014023197978,1.5));
#8754=CARTESIAN_POINT('Ctrl Pts',(5.96549403847576,-14.1014023197978,1.5));
#8755=CARTESIAN_POINT('Ctrl Pts',(5.92058636288413,-14.0565139548916,1.5));
#8756=CARTESIAN_POINT('Ctrl Pts',(5.82700263913867,-13.9629704729496,1.5));
#8757=CARTESIAN_POINT('Ctrl Pts',(5.77600429256364,-13.8407294778796,1.5));
#8758=CARTESIAN_POINT('Ctrl Pts',(5.7494783340497,-13.7771478172633,1.5));
#8759=CARTESIAN_POINT('',(5.96549403847576,-14.1014023197978,1.3));
#8760=CARTESIAN_POINT('',(5.96549403847576,-14.1014023197978,1.5));
#8761=CARTESIAN_POINT('Ctrl Pts',(5.96549403847576,-14.1014023197978,1.3));
#8762=CARTESIAN_POINT('Ctrl Pts',(5.92058636288413,-14.0565139548916,1.3));
#8763=CARTESIAN_POINT('Ctrl Pts',(5.82700263913867,-13.9629704729496,1.3));
#8764=CARTESIAN_POINT('Ctrl Pts',(5.77600429256364,-13.8407294778796,1.3));
#8765=CARTESIAN_POINT('Ctrl Pts',(5.7494783340497,-13.7771478172633,1.3));
#8766=CARTESIAN_POINT('Ctrl Pts',(6.29291996441963,-14.2620655825431,1.5));
#8767=CARTESIAN_POINT('Ctrl Pts',(6.29291996441963,-14.2620655825431,1.3));
#8768=CARTESIAN_POINT('Ctrl Pts',(6.23300598505645,-14.2454188650105,1.5));
#8769=CARTESIAN_POINT('Ctrl Pts',(6.23300598505645,-14.2454188650105,1.3));
#8770=CARTESIAN_POINT('Ctrl Pts',(6.11381794773344,-14.2123032280312,1.5));
#8771=CARTESIAN_POINT('Ctrl Pts',(6.11381794773344,-14.2123032280312,1.3));
#8772=CARTESIAN_POINT('Ctrl Pts',(6.01475805714726,-14.1382367347026,1.5));
#8773=CARTESIAN_POINT('Ctrl Pts',(6.01475805714726,-14.1382367347026,1.3));
#8774=CARTESIAN_POINT('Ctrl Pts',(5.96549403847576,-14.1014023197978,1.5));
#8775=CARTESIAN_POINT('Ctrl Pts',(5.96549403847576,-14.1014023197978,1.3));
#8776=CARTESIAN_POINT('',(6.29291996441963,-14.2620655825431,1.5));
#8777=CARTESIAN_POINT('Ctrl Pts',(6.29291996441963,-14.2620655825431,1.5));
#8778=CARTESIAN_POINT('Ctrl Pts',(6.23300598505645,-14.2454188650105,1.5));
#8779=CARTESIAN_POINT('Ctrl Pts',(6.11381794773344,-14.2123032280312,1.5));
#8780=CARTESIAN_POINT('Ctrl Pts',(6.01475805714726,-14.1382367347026,1.5));
#8781=CARTESIAN_POINT('Ctrl Pts',(5.96549403847576,-14.1014023197978,1.5));
#8782=CARTESIAN_POINT('',(6.29291996441963,-14.2620655825431,1.3));
#8783=CARTESIAN_POINT('',(6.29291996441963,-14.2620655825431,1.5));
#8784=CARTESIAN_POINT('Ctrl Pts',(6.29291996441963,-14.2620655825431,1.3));
#8785=CARTESIAN_POINT('Ctrl Pts',(6.23300598505645,-14.2454188650105,1.3));
#8786=CARTESIAN_POINT('Ctrl Pts',(6.11381794773344,-14.2123032280312,1.3));
#8787=CARTESIAN_POINT('Ctrl Pts',(6.01475805714726,-14.1382367347026,1.3));
#8788=CARTESIAN_POINT('Ctrl Pts',(5.96549403847576,-14.1014023197978,1.3));
#8789=CARTESIAN_POINT('Ctrl Pts',(6.85817803195536,-14.3252766418218,1.5));
#8790=CARTESIAN_POINT('Ctrl Pts',(6.85817803195536,-14.3252766418218,1.3));
#8791=CARTESIAN_POINT('Ctrl Pts',(6.74753136015403,-14.3184304307936,1.5));
#8792=CARTESIAN_POINT('Ctrl Pts',(6.74753136015403,-14.3184304307936,1.3));
#8793=CARTESIAN_POINT('Ctrl Pts',(6.55801148797469,-14.3067039774097,1.5));
#8794=CARTESIAN_POINT('Ctrl Pts',(6.55801148797469,-14.3067039774097,1.3));
#8795=CARTESIAN_POINT('Ctrl Pts',(6.37082293209552,-14.2751835554822,1.5));
#8796=CARTESIAN_POINT('Ctrl Pts',(6.37082293209552,-14.2751835554822,1.3));
#8797=CARTESIAN_POINT('Ctrl Pts',(6.29291996441963,-14.2620655825431,1.5));
#8798=CARTESIAN_POINT('Ctrl Pts',(6.29291996441963,-14.2620655825431,1.3));
#8799=CARTESIAN_POINT('',(6.85817803195536,-14.3252766418218,1.5));
#8800=CARTESIAN_POINT('Ctrl Pts',(6.85817803195536,-14.3252766418218,1.5));
#8801=CARTESIAN_POINT('Ctrl Pts',(6.74753136015403,-14.3184304307936,1.5));
#8802=CARTESIAN_POINT('Ctrl Pts',(6.55801148797469,-14.3067039774097,1.5));
#8803=CARTESIAN_POINT('Ctrl Pts',(6.37082293209552,-14.2751835554822,1.5));
#8804=CARTESIAN_POINT('Ctrl Pts',(6.29291996441963,-14.2620655825431,1.5));
#8805=CARTESIAN_POINT('',(6.85817803195536,-14.3252766418218,1.3));
#8806=CARTESIAN_POINT('',(6.85817803195536,-14.3252766418218,1.5));
#8807=CARTESIAN_POINT('Ctrl Pts',(6.85817803195536,-14.3252766418218,1.3));
#8808=CARTESIAN_POINT('Ctrl Pts',(6.74753136015403,-14.3184304307936,1.3));
#8809=CARTESIAN_POINT('Ctrl Pts',(6.55801148797469,-14.3067039774097,1.3));
#8810=CARTESIAN_POINT('Ctrl Pts',(6.37082293209552,-14.2751835554822,1.3));
#8811=CARTESIAN_POINT('Ctrl Pts',(6.29291996441963,-14.2620655825431,1.3));
#8812=CARTESIAN_POINT('Ctrl Pts',(7.33400796448705,-14.385104613285,1.5));
#8813=CARTESIAN_POINT('Ctrl Pts',(7.33400796448705,-14.385104613285,1.3));
#8814=CARTESIAN_POINT('Ctrl Pts',(7.27848556988311,-14.3728607268922,1.5));
#8815=CARTESIAN_POINT('Ctrl Pts',(7.27848556988311,-14.3728607268922,1.3));
#8816=CARTESIAN_POINT('Ctrl Pts',(7.12194981493237,-14.338341214294,1.5));
#8817=CARTESIAN_POINT('Ctrl Pts',(7.12194981493237,-14.338341214294,1.3));
#8818=CARTESIAN_POINT('Ctrl Pts',(6.96163198532031,-14.3304006988988,1.5));
#8819=CARTESIAN_POINT('Ctrl Pts',(6.96163198532031,-14.3304006988988,1.3));
#8820=CARTESIAN_POINT('Ctrl Pts',(6.85817803195536,-14.3252766418218,1.5));
#8821=CARTESIAN_POINT('Ctrl Pts',(6.85817803195536,-14.3252766418218,1.3));
#8822=CARTESIAN_POINT('',(7.33400796448705,-14.385104613285,1.5));
#8823=CARTESIAN_POINT('Ctrl Pts',(7.33400796448705,-14.385104613285,1.5));
#8824=CARTESIAN_POINT('Ctrl Pts',(7.27848556988311,-14.3728607268922,1.5));
#8825=CARTESIAN_POINT('Ctrl Pts',(7.12194981493237,-14.338341214294,1.5));
#8826=CARTESIAN_POINT('Ctrl Pts',(6.96163198532031,-14.3304006988988,1.5));
#8827=CARTESIAN_POINT('Ctrl Pts',(6.85817803195536,-14.3252766418218,1.5));
#8828=CARTESIAN_POINT('',(7.33400796448705,-14.385104613285,1.3));
#8829=CARTESIAN_POINT('',(7.33400796448705,-14.385104613285,1.5));
#8830=CARTESIAN_POINT('Ctrl Pts',(7.33400796448705,-14.385104613285,1.3));
#8831=CARTESIAN_POINT('Ctrl Pts',(7.27848556988311,-14.3728607268922,1.3));
#8832=CARTESIAN_POINT('Ctrl Pts',(7.12194981493237,-14.338341214294,1.3));
#8833=CARTESIAN_POINT('Ctrl Pts',(6.96163198532031,-14.3304006988988,1.3));
#8834=CARTESIAN_POINT('Ctrl Pts',(6.85817803195536,-14.3252766418218,1.3));
#8835=CARTESIAN_POINT('Ctrl Pts',(7.51483787001574,-14.5588367801602,1.5));
#8836=CARTESIAN_POINT('Ctrl Pts',(7.51483787001574,-14.5588367801602,1.3));
#8837=CARTESIAN_POINT('Ctrl Pts',(7.49543898885386,-14.5201771454896,1.5));
#8838=CARTESIAN_POINT('Ctrl Pts',(7.49543898885386,-14.5201771454896,1.3));
#8839=CARTESIAN_POINT('Ctrl Pts',(7.45574386238352,-14.4410695374406,1.5));
#8840=CARTESIAN_POINT('Ctrl Pts',(7.45574386238352,-14.4410695374406,1.3));
#8841=CARTESIAN_POINT('Ctrl Pts',(7.37519358123977,-14.4040386332224,1.5));
#8842=CARTESIAN_POINT('Ctrl Pts',(7.37519358123977,-14.4040386332224,1.3));
#8843=CARTESIAN_POINT('Ctrl Pts',(7.33400796448705,-14.385104613285,1.5));
#8844=CARTESIAN_POINT('Ctrl Pts',(7.33400796448705,-14.385104613285,1.3));
#8845=CARTESIAN_POINT('',(7.51483787001574,-14.5588367801602,1.5));
#8846=CARTESIAN_POINT('Ctrl Pts',(7.51483787001574,-14.5588367801602,1.5));
#8847=CARTESIAN_POINT('Ctrl Pts',(7.49543898885386,-14.5201771454896,1.5));
#8848=CARTESIAN_POINT('Ctrl Pts',(7.45574386238352,-14.4410695374406,1.5));
#8849=CARTESIAN_POINT('Ctrl Pts',(7.37519358123977,-14.4040386332224,1.5));
#8850=CARTESIAN_POINT('Ctrl Pts',(7.33400796448705,-14.385104613285,1.5));
#8851=CARTESIAN_POINT('',(7.51483787001574,-14.5588367801602,1.3));
#8852=CARTESIAN_POINT('',(7.51483787001574,-14.5588367801602,1.5));
#8853=CARTESIAN_POINT('Ctrl Pts',(7.51483787001574,-14.5588367801602,1.3));
#8854=CARTESIAN_POINT('Ctrl Pts',(7.49543898885386,-14.5201771454896,1.3));
#8855=CARTESIAN_POINT('Ctrl Pts',(7.45574386238352,-14.4410695374406,1.3));
#8856=CARTESIAN_POINT('Ctrl Pts',(7.37519358123977,-14.4040386332224,1.3));
#8857=CARTESIAN_POINT('Ctrl Pts',(7.33400796448705,-14.385104613285,1.3));
#8858=CARTESIAN_POINT('Ctrl Pts',(7.47750910702904,-14.8511709590228,1.5));
#8859=CARTESIAN_POINT('Ctrl Pts',(7.47750910702904,-14.8511709590228,1.3));
#8860=CARTESIAN_POINT('Ctrl Pts',(7.50183465632432,-14.8028685953533,1.5));
#8861=CARTESIAN_POINT('Ctrl Pts',(7.50183465632432,-14.8028685953533,1.3));
#8862=CARTESIAN_POINT('Ctrl Pts',(7.54883483006357,-14.7095420497972,1.5));
#8863=CARTESIAN_POINT('Ctrl Pts',(7.54883483006357,-14.7095420497972,1.3));
#8864=CARTESIAN_POINT('Ctrl Pts',(7.52590167387914,-14.6078815636379,1.5));
#8865=CARTESIAN_POINT('Ctrl Pts',(7.52590167387914,-14.6078815636379,1.3));
#8866=CARTESIAN_POINT('Ctrl Pts',(7.51483787001574,-14.5588367801602,1.5));
#8867=CARTESIAN_POINT('Ctrl Pts',(7.51483787001574,-14.5588367801602,1.3));
#8868=CARTESIAN_POINT('',(7.47750910702904,-14.8511709590228,1.5));
#8869=CARTESIAN_POINT('Ctrl Pts',(7.47750910702904,-14.8511709590228,1.5));
#8870=CARTESIAN_POINT('Ctrl Pts',(7.50183465632432,-14.8028685953533,1.5));
#8871=CARTESIAN_POINT('Ctrl Pts',(7.54883483006357,-14.7095420497972,1.5));
#8872=CARTESIAN_POINT('Ctrl Pts',(7.52590167387914,-14.6078815636379,1.5));
#8873=CARTESIAN_POINT('Ctrl Pts',(7.51483787001574,-14.5588367801602,1.5));
#8874=CARTESIAN_POINT('',(7.47750910702904,-14.8511709590228,1.3));
#8875=CARTESIAN_POINT('',(7.47750910702904,-14.8511709590228,1.5));
#8876=CARTESIAN_POINT('Ctrl Pts',(7.47750910702904,-14.8511709590228,1.3));
#8877=CARTESIAN_POINT('Ctrl Pts',(7.50183465632432,-14.8028685953533,1.3));
#8878=CARTESIAN_POINT('Ctrl Pts',(7.54883483006357,-14.7095420497972,1.3));
#8879=CARTESIAN_POINT('Ctrl Pts',(7.52590167387914,-14.6078815636379,1.3));
#8880=CARTESIAN_POINT('Ctrl Pts',(7.51483787001574,-14.5588367801602,1.3));
#8881=CARTESIAN_POINT('Ctrl Pts',(7.10308818306966,-15.1028680487068,1.5));
#8882=CARTESIAN_POINT('Ctrl Pts',(7.10308818306966,-15.1028680487068,1.3));
#8883=CARTESIAN_POINT('Ctrl Pts',(7.18644638953702,-15.0712983959821,1.5));
#8884=CARTESIAN_POINT('Ctrl Pts',(7.18644638953702,-15.0712983959821,1.3));
#8885=CARTESIAN_POINT('Ctrl Pts',(7.33170981312496,-15.016283826564,1.5));
#8886=CARTESIAN_POINT('Ctrl Pts',(7.33170981312496,-15.016283826564,1.3));
#8887=CARTESIAN_POINT('Ctrl Pts',(7.43394200674644,-14.9005092559754,1.5));
#8888=CARTESIAN_POINT('Ctrl Pts',(7.43394200674644,-14.9005092559754,1.3));
#8889=CARTESIAN_POINT('Ctrl Pts',(7.47750910702904,-14.8511709590228,1.5));
#8890=CARTESIAN_POINT('Ctrl Pts',(7.47750910702904,-14.8511709590228,1.3));
#8891=CARTESIAN_POINT('',(7.10308818306966,-15.1028680487068,1.5));
#8892=CARTESIAN_POINT('Ctrl Pts',(7.10308818306966,-15.1028680487068,1.5));
#8893=CARTESIAN_POINT('Ctrl Pts',(7.18644638953702,-15.0712983959821,1.5));
#8894=CARTESIAN_POINT('Ctrl Pts',(7.33170981312496,-15.016283826564,1.5));
#8895=CARTESIAN_POINT('Ctrl Pts',(7.43394200674644,-14.9005092559754,1.5));
#8896=CARTESIAN_POINT('Ctrl Pts',(7.47750910702904,-14.8511709590228,1.5));
#8897=CARTESIAN_POINT('',(7.10308818306966,-15.1028680487068,1.3));
#8898=CARTESIAN_POINT('',(7.10308818306966,-15.1028680487068,1.5));
#8899=CARTESIAN_POINT('Ctrl Pts',(7.10308818306966,-15.1028680487068,1.3));
#8900=CARTESIAN_POINT('Ctrl Pts',(7.18644638953702,-15.0712983959821,1.3));
#8901=CARTESIAN_POINT('Ctrl Pts',(7.33170981312496,-15.016283826564,1.3));
#8902=CARTESIAN_POINT('Ctrl Pts',(7.43394200674644,-14.9005092559754,1.3));
#8903=CARTESIAN_POINT('Ctrl Pts',(7.47750910702904,-14.8511709590228,1.3));
#8904=CARTESIAN_POINT('Ctrl Pts',(6.57929051795877,-15.1236529219833,1.5));
#8905=CARTESIAN_POINT('Ctrl Pts',(6.57929051795877,-15.1236529219833,1.3));
#8906=CARTESIAN_POINT('Ctrl Pts',(6.65323285248902,-15.1459895878162,1.5));
#8907=CARTESIAN_POINT('Ctrl Pts',(6.65323285248902,-15.1459895878162,1.3));
#8908=CARTESIAN_POINT('Ctrl Pts',(6.82819588787098,-15.198842812958,1.5));
#8909=CARTESIAN_POINT('Ctrl Pts',(6.82819588787098,-15.198842812958,1.3));
#8910=CARTESIAN_POINT('Ctrl Pts',(7.00246699176803,-15.137998517194,1.5));
#8911=CARTESIAN_POINT('Ctrl Pts',(7.00246699176803,-15.137998517194,1.3));
#8912=CARTESIAN_POINT('Ctrl Pts',(7.10308818306966,-15.1028680487068,1.5));
#8913=CARTESIAN_POINT('Ctrl Pts',(7.10308818306966,-15.1028680487068,1.3));
#8914=CARTESIAN_POINT('',(6.57929051795877,-15.1236529219833,1.5));
#8915=CARTESIAN_POINT('Ctrl Pts',(6.57929051795877,-15.1236529219833,1.5));
#8916=CARTESIAN_POINT('Ctrl Pts',(6.65323285248902,-15.1459895878162,1.5));
#8917=CARTESIAN_POINT('Ctrl Pts',(6.82819588787098,-15.198842812958,1.5));
#8918=CARTESIAN_POINT('Ctrl Pts',(7.00246699176803,-15.137998517194,1.5));
#8919=CARTESIAN_POINT('Ctrl Pts',(7.10308818306966,-15.1028680487068,1.5));
#8920=CARTESIAN_POINT('',(6.57929051795877,-15.1236529219833,1.3));
#8921=CARTESIAN_POINT('',(6.57929051795877,-15.1236529219833,1.5));
#8922=CARTESIAN_POINT('Ctrl Pts',(6.57929051795877,-15.1236529219833,1.3));
#8923=CARTESIAN_POINT('Ctrl Pts',(6.65323285248902,-15.1459895878162,1.3));
#8924=CARTESIAN_POINT('Ctrl Pts',(6.82819588787098,-15.198842812958,1.3));
#8925=CARTESIAN_POINT('Ctrl Pts',(7.00246699176803,-15.137998517194,1.3));
#8926=CARTESIAN_POINT('Ctrl Pts',(7.10308818306966,-15.1028680487068,1.3));
#8927=CARTESIAN_POINT('Ctrl Pts',(6.35942804365173,-14.8007985291835,1.5));
#8928=CARTESIAN_POINT('Ctrl Pts',(6.35942804365173,-14.8007985291835,1.3));
#8929=CARTESIAN_POINT('Ctrl Pts',(6.38988620020159,-14.8751004023474,1.5));
#8930=CARTESIAN_POINT('Ctrl Pts',(6.38988620020159,-14.8751004023474,1.3));
#8931=CARTESIAN_POINT('Ctrl Pts',(6.4406944093913,-14.9990456945951,1.5));
#8932=CARTESIAN_POINT('Ctrl Pts',(6.4406944093913,-14.9990456945951,1.3));
#8933=CARTESIAN_POINT('Ctrl Pts',(6.53965438811933,-15.0880173742414,1.5));
#8934=CARTESIAN_POINT('Ctrl Pts',(6.53965438811933,-15.0880173742414,1.3));
#8935=CARTESIAN_POINT('Ctrl Pts',(6.57929051795877,-15.1236529219833,1.5));
#8936=CARTESIAN_POINT('Ctrl Pts',(6.57929051795877,-15.1236529219833,1.3));
#8937=CARTESIAN_POINT('',(6.35942804365173,-14.8007985291835,1.5));
#8938=CARTESIAN_POINT('Ctrl Pts',(6.35942804365173,-14.8007985291835,1.5));
#8939=CARTESIAN_POINT('Ctrl Pts',(6.38988620020159,-14.8751004023474,1.5));
#8940=CARTESIAN_POINT('Ctrl Pts',(6.4406944093913,-14.9990456945951,1.5));
#8941=CARTESIAN_POINT('Ctrl Pts',(6.53965438811933,-15.0880173742414,1.5));
#8942=CARTESIAN_POINT('Ctrl Pts',(6.57929051795877,-15.1236529219833,1.5));
#8943=CARTESIAN_POINT('',(6.35942804365173,-14.8007985291835,1.3));
#8944=CARTESIAN_POINT('',(6.35942804365173,-14.8007985291835,1.5));
#8945=CARTESIAN_POINT('Ctrl Pts',(6.35942804365173,-14.8007985291835,1.3));
#8946=CARTESIAN_POINT('Ctrl Pts',(6.38988620020159,-14.8751004023474,1.3));
#8947=CARTESIAN_POINT('Ctrl Pts',(6.4406944093913,-14.9990456945951,1.3));
#8948=CARTESIAN_POINT('Ctrl Pts',(6.53965438811933,-15.0880173742414,1.3));
#8949=CARTESIAN_POINT('Ctrl Pts',(6.57929051795877,-15.1236529219833,1.3));
#8950=CARTESIAN_POINT('Origin',(5.81803388757733,-15.0305156708256,1.5));
#8951=CARTESIAN_POINT('',(5.81803388757733,-15.0305156708256,1.5));
#8952=CARTESIAN_POINT('',(12.0594085873224,-12.3822588696461,1.5));
#8953=CARTESIAN_POINT('',(5.81803388757733,-15.0305156708256,1.3));
#8954=CARTESIAN_POINT('',(5.81803388757733,-15.0305156708256,1.5));
#8955=CARTESIAN_POINT('',(5.81803388757733,-15.0305156708256,1.3));
#8956=CARTESIAN_POINT('Ctrl Pts',(6.10192621368374,-15.4933940225927,1.5));
#8957=CARTESIAN_POINT('Ctrl Pts',(6.10192621368374,-15.4933940225927,1.3));
#8958=CARTESIAN_POINT('Ctrl Pts',(6.04235932143083,-15.4280192433427,1.5));
#8959=CARTESIAN_POINT('Ctrl Pts',(6.04235932143083,-15.4280192433427,1.3));
#8960=CARTESIAN_POINT('Ctrl Pts',(5.91836502593423,-15.2919352646464,1.5));
#8961=CARTESIAN_POINT('Ctrl Pts',(5.91836502593423,-15.2919352646464,1.3));
#8962=CARTESIAN_POINT('Ctrl Pts',(5.85234031168897,-15.1199033883735,1.5));
#8963=CARTESIAN_POINT('Ctrl Pts',(5.85234031168897,-15.1199033883735,1.3));
#8964=CARTESIAN_POINT('Ctrl Pts',(5.81803388757733,-15.0305156708256,1.5));
#8965=CARTESIAN_POINT('Ctrl Pts',(5.81803388757733,-15.0305156708256,1.3));
#8966=CARTESIAN_POINT('Ctrl Pts',(6.10192621368374,-15.4933940225927,1.5));
#8967=CARTESIAN_POINT('Ctrl Pts',(6.04235932143083,-15.4280192433427,1.5));
#8968=CARTESIAN_POINT('Ctrl Pts',(5.91836502593423,-15.2919352646464,1.5));
#8969=CARTESIAN_POINT('Ctrl Pts',(5.85234031168897,-15.1199033883735,1.5));
#8970=CARTESIAN_POINT('Ctrl Pts',(5.81803388757733,-15.0305156708256,1.5));
#8971=CARTESIAN_POINT('Ctrl Pts',(6.10192621368374,-15.4933940225927,1.3));
#8972=CARTESIAN_POINT('Ctrl Pts',(6.04235932143083,-15.4280192433427,1.3));
#8973=CARTESIAN_POINT('Ctrl Pts',(5.91836502593423,-15.2919352646464,1.3));
#8974=CARTESIAN_POINT('Ctrl Pts',(5.85234031168897,-15.1199033883735,1.3));
#8975=CARTESIAN_POINT('Ctrl Pts',(5.81803388757733,-15.0305156708256,1.3));
#8976=CARTESIAN_POINT('Origin',(2.26422784695935,-21.1174146568875,1.3));
#8977=CARTESIAN_POINT('Origin',(-2.47157117081235,-21.542921498018,1.5));
#8978=CARTESIAN_POINT('',(-2.47157117081235,-21.542921498018,1.5));
#8979=CARTESIAN_POINT('',(-2.73935963702139,-22.9252418468629,1.5));
#8980=CARTESIAN_POINT('',(-3.34546401104865,-26.0539442200552,1.5));
#8981=CARTESIAN_POINT('',(-2.47157117081235,-21.542921498018,1.3));
#8982=CARTESIAN_POINT('',(-2.47157117081235,-21.542921498018,1.5));
#8983=CARTESIAN_POINT('',(-2.73935963702139,-22.9252418468629,1.3));
#8984=CARTESIAN_POINT('',(-2.47157117081235,-21.542921498018,1.3));
#8985=CARTESIAN_POINT('',(-2.73935963702139,-22.9252418468629,1.5));
#8986=CARTESIAN_POINT('Origin',(-1.89517484064035,-22.6179837087601,1.5));
#8987=CARTESIAN_POINT('',(-1.89517484064035,-22.6179837087601,1.5));
#8988=CARTESIAN_POINT('',(4.69268221024996,-34.9052863761274,1.5));
#8989=CARTESIAN_POINT('',(-1.89517484064035,-22.6179837087601,1.3));
#8990=CARTESIAN_POINT('',(-1.89517484064035,-22.6179837087601,1.5));
#8991=CARTESIAN_POINT('',(-1.89517484064035,-22.6179837087601,1.3));
#8992=CARTESIAN_POINT('Origin',(-2.73935963702139,-22.9252418468629,1.5));
#8993=CARTESIAN_POINT('',(9.40113455718855,-18.5064633308888,1.5));
#8994=CARTESIAN_POINT('',(-2.73935963702139,-22.9252418468629,1.3));
#8995=CARTESIAN_POINT('Origin',(-0.782283159065679,-23.449867679919,1.5));
#8996=CARTESIAN_POINT('',(-0.782283159065678,-23.449867679919,1.5));
#8997=CARTESIAN_POINT('',(-1.33225307085185,-23.6500403575512,1.5));
#8998=CARTESIAN_POINT('',(10.5784457717836,-19.3149005095229,1.5));
#8999=CARTESIAN_POINT('',(-0.782283159065678,-23.449867679919,1.3));
#9000=CARTESIAN_POINT('',(-0.782283159065678,-23.449867679919,1.5));
#9001=CARTESIAN_POINT('',(-1.33225307085185,-23.6500403575512,1.3));
#9002=CARTESIAN_POINT('',(-0.782283159065679,-23.449867679919,1.3));
#9003=CARTESIAN_POINT('',(-1.33225307085185,-23.6500403575512,1.5));
#9004=CARTESIAN_POINT('Origin',(-2.2660106679729,-20.7973668846355,1.5));
#9005=CARTESIAN_POINT('',(-2.2660106679729,-20.7973668846355,1.5));
#9006=CARTESIAN_POINT('',(5.06350349461421,-33.9005425207215,1.5));
#9007=CARTESIAN_POINT('',(-2.2660106679729,-20.7973668846355,1.3));
#9008=CARTESIAN_POINT('',(-2.2660106679729,-20.7973668846355,1.5));
#9009=CARTESIAN_POINT('',(-2.2660106679729,-20.7973668846355,1.3));
#9010=CARTESIAN_POINT('Origin',(-2.9102068383275,-21.0318351156729,1.5));
#9011=CARTESIAN_POINT('',(-2.9102068383275,-21.0318351156729,1.5));
#9012=CARTESIAN_POINT('',(9.00145369677822,-16.696345240211,1.5));
#9013=CARTESIAN_POINT('',(-2.9102068383275,-21.0318351156729,1.3));
#9014=CARTESIAN_POINT('',(-2.9102068383275,-21.0318351156729,1.5));
#9015=CARTESIAN_POINT('',(-2.9102068383275,-21.0318351156729,1.3));
#9016=CARTESIAN_POINT('Origin',(-3.47829054192284,-24.4311341186409,1.5));
#9017=CARTESIAN_POINT('',(-3.47829054192284,-24.4311341186409,1.5));
#9018=CARTESIAN_POINT('',(-4.06086497472549,-27.9171427403411,1.5));
#9019=CARTESIAN_POINT('',(-3.47829054192284,-24.4311341186409,1.3));
#9020=CARTESIAN_POINT('',(-3.47829054192284,-24.4311341186409,1.5));
#9021=CARTESIAN_POINT('',(-3.47829054192284,-24.4311341186409,1.3));
#9022=CARTESIAN_POINT('Origin',(-2.88216891327248,-24.2141635898099,1.5));
#9023=CARTESIAN_POINT('',(-2.88216891327248,-24.2141635898099,1.5));
#9024=CARTESIAN_POINT('',(9.52850289468016,-19.6970484644684,1.5));
#9025=CARTESIAN_POINT('',(-2.88216891327248,-24.2141635898099,1.3));
#9026=CARTESIAN_POINT('',(-2.88216891327248,-24.2141635898099,1.5));
#9027=CARTESIAN_POINT('',(-2.88216891327248,-24.2141635898099,1.3));
#9028=CARTESIAN_POINT('Origin',(-2.77049495512927,-23.4679369161951,1.5));
#9029=CARTESIAN_POINT('',(-2.77049495512927,-23.4679369161951,1.5));
#9030=CARTESIAN_POINT('',(-3.41597902259633,-27.7811844856922,1.5));
#9031=CARTESIAN_POINT('',(-2.77049495512927,-23.4679369161951,1.3));
#9032=CARTESIAN_POINT('',(-2.77049495512927,-23.4679369161951,1.5));
#9033=CARTESIAN_POINT('',(-2.77049495512927,-23.4679369161951,1.3));
#9034=CARTESIAN_POINT('Origin',(-1.65324802769519,-23.0612922902837,1.5));
#9035=CARTESIAN_POINT('',(-1.65324802769519,-23.0612922902837,1.5));
#9036=CARTESIAN_POINT('',(10.0295787082812,-18.8090911062989,1.5));
#9037=CARTESIAN_POINT('',(-1.65324802769519,-23.0612922902837,1.3));
#9038=CARTESIAN_POINT('',(-1.65324802769519,-23.0612922902837,1.5));
#9039=CARTESIAN_POINT('',(-1.65324802769519,-23.0612922902837,1.3));
#9040=CARTESIAN_POINT('Origin',(-1.33225307085185,-23.6500403575512,1.5));
#9041=CARTESIAN_POINT('',(5.09564631284088,-35.4396752351668,1.5));
#9042=CARTESIAN_POINT('',(-1.33225307085185,-23.6500403575512,1.3));
#9043=CARTESIAN_POINT('Origin',(2.26422784695935,-21.1174146568875,1.3));
#9044=CARTESIAN_POINT('Origin',(2.85901430976077,-21.1467484564711,1.5));
#9045=CARTESIAN_POINT('',(2.85901430976077,-21.1467484564711,1.5));
#9046=CARTESIAN_POINT('',(2.99251213397267,-22.0759545528049,1.5));
#9047=CARTESIAN_POINT('',(4.26165600573299,-30.9097780980673,1.5));
#9048=CARTESIAN_POINT('',(2.85901430976077,-21.1467484564711,1.3));
#9049=CARTESIAN_POINT('',(2.85901430976077,-21.1467484564711,1.5));
#9050=CARTESIAN_POINT('',(2.99251213397267,-22.0759545528049,1.3));
#9051=CARTESIAN_POINT('',(2.85901430976077,-21.1467484564711,1.3));
#9052=CARTESIAN_POINT('',(2.99251213397267,-22.0759545528049,1.5));
#9053=CARTESIAN_POINT('Origin',(3.23278524495053,-20.4684558381463,1.5));
#9054=CARTESIAN_POINT('',(3.23278524495053,-20.4684558381463,1.5));
#9055=CARTESIAN_POINT('',(2.81131398586419,-21.2333115745325,1.5));
#9056=CARTESIAN_POINT('',(3.23278524495053,-20.4684558381463,1.3));
#9057=CARTESIAN_POINT('',(3.23278524495053,-20.4684558381463,1.5));
#9058=CARTESIAN_POINT('',(3.23278524495053,-20.4684558381463,1.3));
#9059=CARTESIAN_POINT('Origin',(4.41743512013305,-21.5573249997208,1.5));
#9060=CARTESIAN_POINT('',(4.41743512013305,-21.5573249997208,1.5));
#9061=CARTESIAN_POINT('',(15.2297359570857,-31.4954351482653,1.5));
#9062=CARTESIAN_POINT('',(4.41743512013305,-21.5573249997208,1.3));
#9063=CARTESIAN_POINT('',(4.41743512013305,-21.5573249997208,1.5));
#9064=CARTESIAN_POINT('',(4.41743512013305,-21.5573249997208,1.3));
#9065=CARTESIAN_POINT('Origin',(5.07316823952791,-21.3186576626385,1.5));
#9066=CARTESIAN_POINT('',(5.07316823952791,-21.3186576626385,1.5));
#9067=CARTESIAN_POINT('',(13.5061714710804,-18.2492955008827,1.5));
#9068=CARTESIAN_POINT('',(5.07316823952791,-21.3186576626385,1.3));
#9069=CARTESIAN_POINT('',(5.07316823952791,-21.3186576626385,1.5));
#9070=CARTESIAN_POINT('',(5.07316823952791,-21.3186576626385,1.3));
#9071=CARTESIAN_POINT('Origin',(3.52075755428738,-19.9433430333749,1.5));
#9072=CARTESIAN_POINT('',(3.52075755428738,-19.9433430333749,1.5));
#9073=CARTESIAN_POINT('',(15.2026748224178,-30.2926094159481,1.5));
#9074=CARTESIAN_POINT('',(3.52075755428738,-19.9433430333749,1.3));
#9075=CARTESIAN_POINT('',(3.52075755428738,-19.9433430333749,1.5));
#9076=CARTESIAN_POINT('',(3.52075755428738,-19.9433430333749,1.3));
#9077=CARTESIAN_POINT('Origin',(4.38362844050767,-18.3770961805362,1.5));
#9078=CARTESIAN_POINT('',(4.38362844050767,-18.3770961805362,1.5));
#9079=CARTESIAN_POINT('',(3.38554571691059,-20.1887738598634,1.5));
#9080=CARTESIAN_POINT('',(4.38362844050767,-18.3770961805362,1.3));
#9081=CARTESIAN_POINT('',(4.38362844050767,-18.3770961805362,1.5));
#9082=CARTESIAN_POINT('',(4.38362844050767,-18.3770961805362,1.3));
#9083=CARTESIAN_POINT('Origin',(3.60674671428153,-18.6598580044278,1.5));
#9084=CARTESIAN_POINT('',(3.60674671428153,-18.6598580044278,1.5));
#9085=CARTESIAN_POINT('',(12.2599304730827,-15.5103566845884,1.5));
#9086=CARTESIAN_POINT('',(3.60674671428153,-18.6598580044278,1.3));
#9087=CARTESIAN_POINT('',(3.60674671428153,-18.6598580044278,1.5));
#9088=CARTESIAN_POINT('',(3.60674671428153,-18.6598580044278,1.3));
#9089=CARTESIAN_POINT('Origin',(2.73901238553648,-20.3324050063833,1.5));
#9090=CARTESIAN_POINT('',(2.73901238553648,-20.3324050063833,1.5));
#9091=CARTESIAN_POINT('',(2.17994372846677,-21.410002809413,1.5));
#9092=CARTESIAN_POINT('',(2.73901238553648,-20.3324050063833,1.3));
#9093=CARTESIAN_POINT('',(2.73901238553648,-20.3324050063833,1.5));
#9094=CARTESIAN_POINT('',(2.73901238553648,-20.3324050063833,1.3));
#9095=CARTESIAN_POINT('Origin',(2.55295804747293,-19.0434057123532,1.5));
#9096=CARTESIAN_POINT('',(2.55295804747293,-19.0434057123532,1.5));
#9097=CARTESIAN_POINT('',(4.11499754580202,-29.8653399469933,1.5));
#9098=CARTESIAN_POINT('',(2.55295804747293,-19.0434057123532,1.3));
#9099=CARTESIAN_POINT('',(2.55295804747293,-19.0434057123532,1.5));
#9100=CARTESIAN_POINT('',(2.55295804747293,-19.0434057123532,1.3));
#9101=CARTESIAN_POINT('Origin',(1.97222069784426,-19.2547768215447,1.5));
#9102=CARTESIAN_POINT('',(1.97222069784426,-19.2547768215447,1.5));
#9103=CARTESIAN_POINT('',(11.442667464864,-15.8078160931469,1.5));
#9104=CARTESIAN_POINT('',(1.97222069784426,-19.2547768215447,1.3));
#9105=CARTESIAN_POINT('',(1.97222069784426,-19.2547768215447,1.5));
#9106=CARTESIAN_POINT('',(1.97222069784426,-19.2547768215447,1.3));
#9107=CARTESIAN_POINT('Origin',(2.40985139940351,-22.2880257168637,1.5));
#9108=CARTESIAN_POINT('',(2.40985139940351,-22.2880257168637,1.5));
#9109=CARTESIAN_POINT('',(3.74329259201165,-31.5301995635355,1.5));
#9110=CARTESIAN_POINT('',(2.40985139940351,-22.2880257168637,1.3));
#9111=CARTESIAN_POINT('',(2.40985139940351,-22.2880257168637,1.5));
#9112=CARTESIAN_POINT('',(2.40985139940351,-22.2880257168637,1.3));
#9113=CARTESIAN_POINT('Origin',(2.99251213397267,-22.0759545528049,1.5));
#9114=CARTESIAN_POINT('',(12.4658434183028,-18.6279439459659,1.5));
#9115=CARTESIAN_POINT('',(2.99251213397267,-22.0759545528049,1.3));
#9116=CARTESIAN_POINT('Origin',(2.26422784695935,-21.1174146568875,1.3));
#9117=CARTESIAN_POINT('Origin',(10.1109033926953,-24.4676890212278,1.5));
#9118=CARTESIAN_POINT('',(10.1109033926953,-24.4676890212278,1.5));
#9119=CARTESIAN_POINT('',(9.56477969068969,-24.6664617929851,1.5));
#9120=CARTESIAN_POINT('',(16.8257301659126,-22.0236919475229,1.5));
#9121=CARTESIAN_POINT('',(10.1109033926953,-24.4676890212278,1.3));
#9122=CARTESIAN_POINT('',(10.1109033926953,-24.4676890212278,1.5));
#9123=CARTESIAN_POINT('',(9.56477969068969,-24.6664617929851,1.3));
#9124=CARTESIAN_POINT('',(10.1109033926953,-24.4676890212278,1.3));
#9125=CARTESIAN_POINT('',(9.56477969068969,-24.6664617929851,1.5));
#9126=CARTESIAN_POINT('Origin',(10.02856258418,-23.8944310330106,1.5));
#9127=CARTESIAN_POINT('',(10.02856258418,-23.8944310330106,1.5));
#9128=CARTESIAN_POINT('',(11.1650331226484,-31.8065565792309,1.5));
#9129=CARTESIAN_POINT('',(10.02856258418,-23.8944310330106,1.3));
#9130=CARTESIAN_POINT('',(10.02856258418,-23.8944310330106,1.5));
#9131=CARTESIAN_POINT('',(10.02856258418,-23.8944310330106,1.3));
#9132=CARTESIAN_POINT('Origin',(9.48243888217437,-24.0932038047679,1.5));
#9133=CARTESIAN_POINT('',(9.48243888217437,-24.0932038047679,1.5));
#9134=CARTESIAN_POINT('',(16.4145611052296,-21.5701176552805,1.5));
#9135=CARTESIAN_POINT('',(9.48243888217437,-24.0932038047679,1.3));
#9136=CARTESIAN_POINT('',(9.48243888217437,-24.0932038047679,1.5));
#9137=CARTESIAN_POINT('',(9.48243888217437,-24.0932038047679,1.3));
#9138=CARTESIAN_POINT('Origin',(9.56477969068969,-24.6664617929851,1.5));
#9139=CARTESIAN_POINT('',(10.6516126612128,-32.2330098199486,1.5));
#9140=CARTESIAN_POINT('',(9.56477969068969,-24.6664617929851,1.3));
#9141=CARTESIAN_POINT('Origin',(2.26422784695935,-21.1174146568875,1.3));
#9142=CARTESIAN_POINT('Origin',(10.998810544176,-16.4963744413065,1.5));
#9143=CARTESIAN_POINT('',(10.998810544176,-16.4963744413065,1.5));
#9144=CARTESIAN_POINT('',(10.6622898724473,-16.6188579490311,1.5));
#9145=CARTESIAN_POINT('',(16.040650883452,-14.6612946318875,1.5));
#9146=CARTESIAN_POINT('',(10.998810544176,-16.4963744413065,1.3));
#9147=CARTESIAN_POINT('',(10.998810544176,-16.4963744413065,1.5));
#9148=CARTESIAN_POINT('',(10.6622898724473,-16.6188579490311,1.3));
#9149=CARTESIAN_POINT('',(10.998810544176,-16.4963744413065,1.3));
#9150=CARTESIAN_POINT('',(10.6622898724473,-16.6188579490311,1.5));
#9151=CARTESIAN_POINT('Ctrl Pts',(11.3671578017394,-16.4015060711302,1.5));
#9152=CARTESIAN_POINT('Ctrl Pts',(11.3671578017394,-16.4015060711302,1.3));
#9153=CARTESIAN_POINT('Ctrl Pts',(11.3173612829373,-16.408317744997,1.5));
#9154=CARTESIAN_POINT('Ctrl Pts',(11.3173612829373,-16.408317744997,1.3));
#9155=CARTESIAN_POINT('Ctrl Pts',(11.1911155545368,-16.4255869186186,1.5));
#9156=CARTESIAN_POINT('Ctrl Pts',(11.1911155545368,-16.4255869186186,1.3));
#9157=CARTESIAN_POINT('Ctrl Pts',(11.0713410483368,-16.46967594448,1.5));
#9158=CARTESIAN_POINT('Ctrl Pts',(11.0713410483368,-16.46967594448,1.3));
#9159=CARTESIAN_POINT('Ctrl Pts',(10.998810544176,-16.4963744413065,1.5));
#9160=CARTESIAN_POINT('Ctrl Pts',(10.998810544176,-16.4963744413065,1.3));
#9161=CARTESIAN_POINT('',(11.3671578017394,-16.4015060711302,1.5));
#9162=CARTESIAN_POINT('Ctrl Pts',(11.3671578017394,-16.4015060711302,1.5));
#9163=CARTESIAN_POINT('Ctrl Pts',(11.3173612829373,-16.408317744997,1.5));
#9164=CARTESIAN_POINT('Ctrl Pts',(11.1911155545368,-16.4255869186186,1.5));
#9165=CARTESIAN_POINT('Ctrl Pts',(11.0713410483368,-16.46967594448,1.5));
#9166=CARTESIAN_POINT('Ctrl Pts',(10.998810544176,-16.4963744413065,1.5));
#9167=CARTESIAN_POINT('',(11.3671578017394,-16.4015060711302,1.3));
#9168=CARTESIAN_POINT('',(11.3671578017394,-16.4015060711302,1.5));
#9169=CARTESIAN_POINT('Ctrl Pts',(11.3671578017394,-16.4015060711302,1.3));
#9170=CARTESIAN_POINT('Ctrl Pts',(11.3173612829373,-16.408317744997,1.3));
#9171=CARTESIAN_POINT('Ctrl Pts',(11.1911155545368,-16.4255869186186,1.3));
#9172=CARTESIAN_POINT('Ctrl Pts',(11.0713410483368,-16.46967594448,1.3));
#9173=CARTESIAN_POINT('Ctrl Pts',(10.998810544176,-16.4963744413065,1.3));
#9174=CARTESIAN_POINT('Ctrl Pts',(11.6797082941189,-16.515318389939,1.5));
#9175=CARTESIAN_POINT('Ctrl Pts',(11.6797082941189,-16.515318389939,1.3));
#9176=CARTESIAN_POINT('Ctrl Pts',(11.6300547434946,-16.4816812921319,1.5));
#9177=CARTESIAN_POINT('Ctrl Pts',(11.6300547434946,-16.4816812921319,1.3));
#9178=CARTESIAN_POINT('Ctrl Pts',(11.5352136259861,-16.4174325142366,1.5));
#9179=CARTESIAN_POINT('Ctrl Pts',(11.5352136259861,-16.4174325142366,1.3));
#9180=CARTESIAN_POINT('Ctrl Pts',(11.421389788788,-16.4066455696281,1.5));
#9181=CARTESIAN_POINT('Ctrl Pts',(11.421389788788,-16.4066455696281,1.3));
#9182=CARTESIAN_POINT('Ctrl Pts',(11.3671578017394,-16.4015060711302,1.5));
#9183=CARTESIAN_POINT('Ctrl Pts',(11.3671578017394,-16.4015060711302,1.3));
#9184=CARTESIAN_POINT('',(11.6797082941189,-16.515318389939,1.5));
#9185=CARTESIAN_POINT('Ctrl Pts',(11.6797082941189,-16.515318389939,1.5));
#9186=CARTESIAN_POINT('Ctrl Pts',(11.6300547434946,-16.4816812921319,1.5));
#9187=CARTESIAN_POINT('Ctrl Pts',(11.5352136259861,-16.4174325142366,1.5));
#9188=CARTESIAN_POINT('Ctrl Pts',(11.421389788788,-16.4066455696281,1.5));
#9189=CARTESIAN_POINT('Ctrl Pts',(11.3671578017394,-16.4015060711302,1.5));
#9190=CARTESIAN_POINT('',(11.6797082941189,-16.515318389939,1.3));
#9191=CARTESIAN_POINT('',(11.6797082941189,-16.515318389939,1.5));
#9192=CARTESIAN_POINT('Ctrl Pts',(11.6797082941189,-16.515318389939,1.3));
#9193=CARTESIAN_POINT('Ctrl Pts',(11.6300547434946,-16.4816812921319,1.3));
#9194=CARTESIAN_POINT('Ctrl Pts',(11.5352136259861,-16.4174325142366,1.3));
#9195=CARTESIAN_POINT('Ctrl Pts',(11.421389788788,-16.4066455696281,1.3));
#9196=CARTESIAN_POINT('Ctrl Pts',(11.3671578017394,-16.4015060711302,1.3));
#9197=CARTESIAN_POINT('Ctrl Pts',(11.9409472287363,-16.9309096254006,1.5));
#9198=CARTESIAN_POINT('Ctrl Pts',(11.9409472287363,-16.9309096254006,1.3));
#9199=CARTESIAN_POINT('Ctrl Pts',(11.9071070298968,-16.8422674952687,1.5));
#9200=CARTESIAN_POINT('Ctrl Pts',(11.9071070298968,-16.8422674952687,1.3));
#9201=CARTESIAN_POINT('Ctrl Pts',(11.8473829192175,-16.6858241949215,1.5));
#9202=CARTESIAN_POINT('Ctrl Pts',(11.8473829192175,-16.6858241949215,1.3));
#9203=CARTESIAN_POINT('Ctrl Pts',(11.7304053559844,-16.5668714698313,1.5));
#9204=CARTESIAN_POINT('Ctrl Pts',(11.7304053559844,-16.5668714698313,1.3));
#9205=CARTESIAN_POINT('Ctrl Pts',(11.6797082941189,-16.515318389939,1.5));
#9206=CARTESIAN_POINT('Ctrl Pts',(11.6797082941189,-16.515318389939,1.3));
#9207=CARTESIAN_POINT('',(11.9409472287363,-16.9309096254006,1.5));
#9208=CARTESIAN_POINT('Ctrl Pts',(11.9409472287363,-16.9309096254006,1.5));
#9209=CARTESIAN_POINT('Ctrl Pts',(11.9071070298968,-16.8422674952687,1.5));
#9210=CARTESIAN_POINT('Ctrl Pts',(11.8473829192175,-16.6858241949215,1.5));
#9211=CARTESIAN_POINT('Ctrl Pts',(11.7304053559844,-16.5668714698313,1.5));
#9212=CARTESIAN_POINT('Ctrl Pts',(11.6797082941189,-16.515318389939,1.5));
#9213=CARTESIAN_POINT('',(11.9409472287363,-16.9309096254006,1.3));
#9214=CARTESIAN_POINT('',(11.9409472287363,-16.9309096254006,1.5));
#9215=CARTESIAN_POINT('Ctrl Pts',(11.9409472287363,-16.9309096254006,1.3));
#9216=CARTESIAN_POINT('Ctrl Pts',(11.9071070298968,-16.8422674952687,1.3));
#9217=CARTESIAN_POINT('Ctrl Pts',(11.8473829192175,-16.6858241949215,1.3));
#9218=CARTESIAN_POINT('Ctrl Pts',(11.7304053559844,-16.5668714698313,1.3));
#9219=CARTESIAN_POINT('Ctrl Pts',(11.6797082941189,-16.515318389939,1.3));
#9220=CARTESIAN_POINT('Ctrl Pts',(12.0462140161958,-17.5851097577667,1.5));
#9221=CARTESIAN_POINT('Ctrl Pts',(12.0462140161958,-17.5851097577667,1.3));
#9222=CARTESIAN_POINT('Ctrl Pts',(12.0464540826976,-17.4794033906413,1.5));
#9223=CARTESIAN_POINT('Ctrl Pts',(12.0464540826976,-17.4794033906413,1.3));
#9224=CARTESIAN_POINT('Ctrl Pts',(12.0469618540308,-17.2558209142482,1.5));
#9225=CARTESIAN_POINT('Ctrl Pts',(12.0469618540308,-17.2558209142482,1.3));
#9226=CARTESIAN_POINT('Ctrl Pts',(11.9775449072835,-17.0430733846231,1.5));
#9227=CARTESIAN_POINT('Ctrl Pts',(11.9775449072835,-17.0430733846231,1.3));
#9228=CARTESIAN_POINT('Ctrl Pts',(11.9409472287363,-16.9309096254006,1.5));
#9229=CARTESIAN_POINT('Ctrl Pts',(11.9409472287363,-16.9309096254006,1.3));
#9230=CARTESIAN_POINT('',(12.0462140161958,-17.5851097577667,1.5));
#9231=CARTESIAN_POINT('Ctrl Pts',(12.0462140161958,-17.5851097577667,1.5));
#9232=CARTESIAN_POINT('Ctrl Pts',(12.0464540826976,-17.4794033906413,1.5));
#9233=CARTESIAN_POINT('Ctrl Pts',(12.0469618540308,-17.2558209142482,1.5));
#9234=CARTESIAN_POINT('Ctrl Pts',(11.9775449072835,-17.0430733846231,1.5));
#9235=CARTESIAN_POINT('Ctrl Pts',(11.9409472287363,-16.9309096254006,1.5));
#9236=CARTESIAN_POINT('',(12.0462140161958,-17.5851097577667,1.3));
#9237=CARTESIAN_POINT('',(12.0462140161958,-17.5851097577667,1.5));
#9238=CARTESIAN_POINT('Ctrl Pts',(12.0462140161958,-17.5851097577667,1.3));
#9239=CARTESIAN_POINT('Ctrl Pts',(12.0464540826976,-17.4794033906413,1.3));
#9240=CARTESIAN_POINT('Ctrl Pts',(12.0469618540308,-17.2558209142482,1.3));
#9241=CARTESIAN_POINT('Ctrl Pts',(11.9775449072835,-17.0430733846231,1.3));
#9242=CARTESIAN_POINT('Ctrl Pts',(11.9409472287363,-16.9309096254006,1.3));
#9243=CARTESIAN_POINT('Ctrl Pts',(11.9089484440024,-18.1054572467401,1.5));
#9244=CARTESIAN_POINT('Ctrl Pts',(11.9089484440024,-18.1054572467401,1.3));
#9245=CARTESIAN_POINT('Ctrl Pts',(11.9434429499507,-18.0268262410126,1.5));
#9246=CARTESIAN_POINT('Ctrl Pts',(11.9434429499507,-18.0268262410126,1.3));
#9247=CARTESIAN_POINT('Ctrl Pts',(12.0163241118146,-17.860691985762,1.5));
#9248=CARTESIAN_POINT('Ctrl Pts',(12.0163241118146,-17.860691985762,1.3));
#9249=CARTESIAN_POINT('Ctrl Pts',(12.035902198298,-17.6801837906149,1.5));
#9250=CARTESIAN_POINT('Ctrl Pts',(12.035902198298,-17.6801837906149,1.3));
#9251=CARTESIAN_POINT('Ctrl Pts',(12.0462140161958,-17.5851097577667,1.5));
#9252=CARTESIAN_POINT('Ctrl Pts',(12.0462140161958,-17.5851097577667,1.3));
#9253=CARTESIAN_POINT('',(11.9089484440024,-18.1054572467401,1.5));
#9254=CARTESIAN_POINT('Ctrl Pts',(11.9089484440024,-18.1054572467401,1.5));
#9255=CARTESIAN_POINT('Ctrl Pts',(11.9434429499507,-18.0268262410126,1.5));
#9256=CARTESIAN_POINT('Ctrl Pts',(12.0163241118146,-17.860691985762,1.5));
#9257=CARTESIAN_POINT('Ctrl Pts',(12.035902198298,-17.6801837906149,1.5));
#9258=CARTESIAN_POINT('Ctrl Pts',(12.0462140161958,-17.5851097577667,1.5));
#9259=CARTESIAN_POINT('',(11.9089484440024,-18.1054572467401,1.3));
#9260=CARTESIAN_POINT('',(11.9089484440024,-18.1054572467401,1.5));
#9261=CARTESIAN_POINT('Ctrl Pts',(11.9089484440024,-18.1054572467401,1.3));
#9262=CARTESIAN_POINT('Ctrl Pts',(11.9434429499507,-18.0268262410126,1.3));
#9263=CARTESIAN_POINT('Ctrl Pts',(12.0163241118146,-17.860691985762,1.3));
#9264=CARTESIAN_POINT('Ctrl Pts',(12.035902198298,-17.6801837906149,1.3));
#9265=CARTESIAN_POINT('Ctrl Pts',(12.0462140161958,-17.5851097577667,1.3));
#9266=CARTESIAN_POINT('Ctrl Pts',(11.7000057509708,-18.3481017286104,1.5));
#9267=CARTESIAN_POINT('Ctrl Pts',(11.7000057509708,-18.3481017286104,1.3));
#9268=CARTESIAN_POINT('Ctrl Pts',(11.7411985213313,-18.3146071482701,1.5));
#9269=CARTESIAN_POINT('Ctrl Pts',(11.7411985213313,-18.3146071482701,1.3));
#9270=CARTESIAN_POINT('Ctrl Pts',(11.8252939964327,-18.2462276092785,1.5));
#9271=CARTESIAN_POINT('Ctrl Pts',(11.8252939964327,-18.2462276092785,1.3));
#9272=CARTESIAN_POINT('Ctrl Pts',(11.8806881802034,-18.1530124897188,1.5));
#9273=CARTESIAN_POINT('Ctrl Pts',(11.8806881802034,-18.1530124897188,1.3));
#9274=CARTESIAN_POINT('Ctrl Pts',(11.9089484440024,-18.1054572467401,1.5));
#9275=CARTESIAN_POINT('Ctrl Pts',(11.9089484440024,-18.1054572467401,1.3));
#9276=CARTESIAN_POINT('',(11.7000057509708,-18.3481017286104,1.5));
#9277=CARTESIAN_POINT('Ctrl Pts',(11.7000057509708,-18.3481017286104,1.5));
#9278=CARTESIAN_POINT('Ctrl Pts',(11.7411985213313,-18.3146071482701,1.5));
#9279=CARTESIAN_POINT('Ctrl Pts',(11.8252939964327,-18.2462276092785,1.5));
#9280=CARTESIAN_POINT('Ctrl Pts',(11.8806881802034,-18.1530124897188,1.5));
#9281=CARTESIAN_POINT('Ctrl Pts',(11.9089484440024,-18.1054572467401,1.5));
#9282=CARTESIAN_POINT('',(11.7000057509708,-18.3481017286104,1.3));
#9283=CARTESIAN_POINT('',(11.7000057509708,-18.3481017286104,1.5));
#9284=CARTESIAN_POINT('Ctrl Pts',(11.7000057509708,-18.3481017286104,1.3));
#9285=CARTESIAN_POINT('Ctrl Pts',(11.7411985213313,-18.3146071482701,1.3));
#9286=CARTESIAN_POINT('Ctrl Pts',(11.8252939964327,-18.2462276092785,1.3));
#9287=CARTESIAN_POINT('Ctrl Pts',(11.8806881802034,-18.1530124897188,1.3));
#9288=CARTESIAN_POINT('Ctrl Pts',(11.9089484440024,-18.1054572467401,1.3));
#9289=CARTESIAN_POINT('Ctrl Pts',(11.2518788774446,-18.5558498307866,1.5));
#9290=CARTESIAN_POINT('Ctrl Pts',(11.2518788774446,-18.5558498307866,1.3));
#9291=CARTESIAN_POINT('Ctrl Pts',(11.3439291612086,-18.522326179877,1.5));
#9292=CARTESIAN_POINT('Ctrl Pts',(11.3439291612086,-18.522326179877,1.3));
#9293=CARTESIAN_POINT('Ctrl Pts',(11.4993416613951,-18.465726741068,1.5));
#9294=CARTESIAN_POINT('Ctrl Pts',(11.4993416613951,-18.465726741068,1.3));
#9295=CARTESIAN_POINT('Ctrl Pts',(11.6418887908898,-18.3821686519347,1.5));
#9296=CARTESIAN_POINT('Ctrl Pts',(11.6418887908898,-18.3821686519347,1.3));
#9297=CARTESIAN_POINT('Ctrl Pts',(11.7000057509708,-18.3481017286104,1.5));
#9298=CARTESIAN_POINT('Ctrl Pts',(11.7000057509708,-18.3481017286104,1.3));
#9299=CARTESIAN_POINT('',(11.2518788774446,-18.5558498307866,1.5));
#9300=CARTESIAN_POINT('Ctrl Pts',(11.2518788774446,-18.5558498307866,1.5));
#9301=CARTESIAN_POINT('Ctrl Pts',(11.3439291612086,-18.522326179877,1.5));
#9302=CARTESIAN_POINT('Ctrl Pts',(11.4993416613951,-18.465726741068,1.5));
#9303=CARTESIAN_POINT('Ctrl Pts',(11.6418887908898,-18.3821686519347,1.5));
#9304=CARTESIAN_POINT('Ctrl Pts',(11.7000057509708,-18.3481017286104,1.5));
#9305=CARTESIAN_POINT('',(11.2518788774446,-18.5558498307866,1.3));
#9306=CARTESIAN_POINT('',(11.2518788774446,-18.5558498307866,1.5));
#9307=CARTESIAN_POINT('Ctrl Pts',(11.2518788774446,-18.5558498307866,1.3));
#9308=CARTESIAN_POINT('Ctrl Pts',(11.3439291612086,-18.522326179877,1.3));
#9309=CARTESIAN_POINT('Ctrl Pts',(11.4993416613951,-18.465726741068,1.3));
#9310=CARTESIAN_POINT('Ctrl Pts',(11.6418887908898,-18.3821686519347,1.3));
#9311=CARTESIAN_POINT('Ctrl Pts',(11.7000057509708,-18.3481017286104,1.3));
#9312=CARTESIAN_POINT('Origin',(10.9576637127995,-18.6629353931872,1.5));
#9313=CARTESIAN_POINT('',(10.9576637127995,-18.6629353931872,1.5));
#9314=CARTESIAN_POINT('',(16.3658304691765,-16.694523671918,1.5));
#9315=CARTESIAN_POINT('',(10.9576637127995,-18.6629353931872,1.3));
#9316=CARTESIAN_POINT('',(10.9576637127995,-18.6629353931872,1.5));
#9317=CARTESIAN_POINT('',(10.9576637127995,-18.6629353931872,1.3));
#9318=CARTESIAN_POINT('Origin',(10.6622898724473,-16.6188579490311,1.5));
#9319=CARTESIAN_POINT('',(12.3149865331222,-28.0560250390111,1.5));
#9320=CARTESIAN_POINT('',(10.6622898724473,-16.6188579490311,1.3));
#9321=CARTESIAN_POINT('Ctrl Pts',(11.9823951987282,-18.7559948068495,1.5));
#9322=CARTESIAN_POINT('Ctrl Pts',(11.9823951987282,-18.7559948068495,1.3));
#9323=CARTESIAN_POINT('Ctrl Pts',(11.9105590478253,-18.7960157046494,1.5));
#9324=CARTESIAN_POINT('Ctrl Pts',(11.9105590478253,-18.7960157046494,1.3));
#9325=CARTESIAN_POINT('Ctrl Pts',(11.7373773515936,-18.8924975856879,1.5));
#9326=CARTESIAN_POINT('Ctrl Pts',(11.7373773515936,-18.8924975856879,1.3));
#9327=CARTESIAN_POINT('Ctrl Pts',(11.5510771962889,-18.9606751719853,1.5));
#9328=CARTESIAN_POINT('Ctrl Pts',(11.5510771962889,-18.9606751719853,1.3));
#9329=CARTESIAN_POINT('Ctrl Pts',(11.4420547577459,-19.0005725445878,1.5));
#9330=CARTESIAN_POINT('Ctrl Pts',(11.4420547577459,-19.0005725445878,1.3));
#9331=CARTESIAN_POINT('',(11.9823951987282,-18.7559948068495,1.5));
#9332=CARTESIAN_POINT('',(11.4420547577459,-19.0005725445878,1.5));
#9333=CARTESIAN_POINT('Ctrl Pts',(11.9823951987282,-18.7559948068495,1.5));
#9334=CARTESIAN_POINT('Ctrl Pts',(11.9105590478253,-18.7960157046494,1.5));
#9335=CARTESIAN_POINT('Ctrl Pts',(11.7373773515936,-18.8924975856879,1.5));
#9336=CARTESIAN_POINT('Ctrl Pts',(11.5510771962889,-18.9606751719853,1.5));
#9337=CARTESIAN_POINT('Ctrl Pts',(11.4420547577459,-19.0005725445878,1.5));
#9338=CARTESIAN_POINT('',(11.9823951987282,-18.7559948068495,1.3));
#9339=CARTESIAN_POINT('',(11.9823951987282,-18.7559948068495,1.5));
#9340=CARTESIAN_POINT('',(11.4420547577459,-19.0005725445878,1.3));
#9341=CARTESIAN_POINT('Ctrl Pts',(11.9823951987282,-18.7559948068495,1.3));
#9342=CARTESIAN_POINT('Ctrl Pts',(11.9105590478253,-18.7960157046494,1.3));
#9343=CARTESIAN_POINT('Ctrl Pts',(11.7373773515936,-18.8924975856879,1.3));
#9344=CARTESIAN_POINT('Ctrl Pts',(11.5510771962889,-18.9606751719853,1.3));
#9345=CARTESIAN_POINT('Ctrl Pts',(11.4420547577459,-19.0005725445878,1.3));
#9346=CARTESIAN_POINT('',(11.4420547577459,-19.0005725445878,1.5));
#9347=CARTESIAN_POINT('Ctrl Pts',(12.4167333654085,-18.3278715385692,1.5));
#9348=CARTESIAN_POINT('Ctrl Pts',(12.4167333654085,-18.3278715385692,1.3));
#9349=CARTESIAN_POINT('Ctrl Pts',(12.3601685471467,-18.4062052503695,1.5));
#9350=CARTESIAN_POINT('Ctrl Pts',(12.3601685471467,-18.4062052503695,1.3));
#9351=CARTESIAN_POINT('Ctrl Pts',(12.2396126401483,-18.5731569345584,1.5));
#9352=CARTESIAN_POINT('Ctrl Pts',(12.2396126401483,-18.5731569345584,1.3));
#9353=CARTESIAN_POINT('Ctrl Pts',(12.0715845353141,-18.6925963512767,1.5));
#9354=CARTESIAN_POINT('Ctrl Pts',(12.0715845353141,-18.6925963512767,1.3));
#9355=CARTESIAN_POINT('Ctrl Pts',(11.9823951987282,-18.7559948068495,1.5));
#9356=CARTESIAN_POINT('Ctrl Pts',(11.9823951987282,-18.7559948068495,1.3));
#9357=CARTESIAN_POINT('',(12.4167333654085,-18.3278715385692,1.5));
#9358=CARTESIAN_POINT('Ctrl Pts',(12.4167333654085,-18.3278715385692,1.5));
#9359=CARTESIAN_POINT('Ctrl Pts',(12.3601685471467,-18.4062052503695,1.5));
#9360=CARTESIAN_POINT('Ctrl Pts',(12.2396126401483,-18.5731569345584,1.5));
#9361=CARTESIAN_POINT('Ctrl Pts',(12.0715845353141,-18.6925963512767,1.5));
#9362=CARTESIAN_POINT('Ctrl Pts',(11.9823951987282,-18.7559948068495,1.5));
#9363=CARTESIAN_POINT('',(12.4167333654085,-18.3278715385692,1.3));
#9364=CARTESIAN_POINT('',(12.4167333654085,-18.3278715385692,1.5));
#9365=CARTESIAN_POINT('Ctrl Pts',(12.4167333654085,-18.3278715385692,1.3));
#9366=CARTESIAN_POINT('Ctrl Pts',(12.3601685471467,-18.4062052503695,1.3));
#9367=CARTESIAN_POINT('Ctrl Pts',(12.2396126401483,-18.5731569345584,1.3));
#9368=CARTESIAN_POINT('Ctrl Pts',(12.0715845353141,-18.6925963512767,1.3));
#9369=CARTESIAN_POINT('Ctrl Pts',(11.9823951987282,-18.7559948068495,1.3));
#9370=CARTESIAN_POINT('Ctrl Pts',(12.6501877386324,-17.6080968122861,1.5));
#9371=CARTESIAN_POINT('Ctrl Pts',(12.6501877386324,-17.6080968122861,1.3));
#9372=CARTESIAN_POINT('Ctrl Pts',(12.6304433782687,-17.739854502491,1.5));
#9373=CARTESIAN_POINT('Ctrl Pts',(12.6304433782687,-17.739854502491,1.3));
#9374=CARTESIAN_POINT('Ctrl Pts',(12.5925199812137,-17.9929241947284,1.5));
#9375=CARTESIAN_POINT('Ctrl Pts',(12.5925199812137,-17.9929241947284,1.3));
#9376=CARTESIAN_POINT('Ctrl Pts',(12.4736940197894,-18.2193375651439,1.5));
#9377=CARTESIAN_POINT('Ctrl Pts',(12.4736940197894,-18.2193375651439,1.3));
#9378=CARTESIAN_POINT('Ctrl Pts',(12.4167333654085,-18.3278715385692,1.5));
#9379=CARTESIAN_POINT('Ctrl Pts',(12.4167333654085,-18.3278715385692,1.3));
#9380=CARTESIAN_POINT('',(12.6501877386324,-17.6080968122861,1.5));
#9381=CARTESIAN_POINT('Ctrl Pts',(12.6501877386324,-17.6080968122861,1.5));
#9382=CARTESIAN_POINT('Ctrl Pts',(12.6304433782687,-17.739854502491,1.5));
#9383=CARTESIAN_POINT('Ctrl Pts',(12.5925199812137,-17.9929241947284,1.5));
#9384=CARTESIAN_POINT('Ctrl Pts',(12.4736940197894,-18.2193375651439,1.5));
#9385=CARTESIAN_POINT('Ctrl Pts',(12.4167333654085,-18.3278715385692,1.5));
#9386=CARTESIAN_POINT('',(12.6501877386324,-17.6080968122861,1.3));
#9387=CARTESIAN_POINT('',(12.6501877386324,-17.6080968122861,1.5));
#9388=CARTESIAN_POINT('Ctrl Pts',(12.6501877386324,-17.6080968122861,1.3));
#9389=CARTESIAN_POINT('Ctrl Pts',(12.6304433782687,-17.739854502491,1.3));
#9390=CARTESIAN_POINT('Ctrl Pts',(12.5925199812137,-17.9929241947284,1.3));
#9391=CARTESIAN_POINT('Ctrl Pts',(12.4736940197894,-18.2193375651439,1.3));
#9392=CARTESIAN_POINT('Ctrl Pts',(12.4167333654085,-18.3278715385692,1.3));
#9393=CARTESIAN_POINT('Ctrl Pts',(12.5299055536511,-16.7361461767832,1.5));
#9394=CARTESIAN_POINT('Ctrl Pts',(12.5299055536511,-16.7361461767832,1.3));
#9395=CARTESIAN_POINT('Ctrl Pts',(12.5766732602341,-16.8835522142346,1.5));
#9396=CARTESIAN_POINT('Ctrl Pts',(12.5766732602341,-16.8835522142346,1.3));
#9397=CARTESIAN_POINT('Ctrl Pts',(12.666771308994,-17.1675301408886,1.5));
#9398=CARTESIAN_POINT('Ctrl Pts',(12.666771308994,-17.1675301408886,1.3));
#9399=CARTESIAN_POINT('Ctrl Pts',(12.6555731875106,-17.4650245284239,1.5));
#9400=CARTESIAN_POINT('Ctrl Pts',(12.6555731875106,-17.4650245284239,1.3));
#9401=CARTESIAN_POINT('Ctrl Pts',(12.6501877386324,-17.6080968122861,1.5));
#9402=CARTESIAN_POINT('Ctrl Pts',(12.6501877386324,-17.6080968122861,1.3));
#9403=CARTESIAN_POINT('',(12.5299055536511,-16.7361461767832,1.5));
#9404=CARTESIAN_POINT('Ctrl Pts',(12.5299055536511,-16.7361461767832,1.5));
#9405=CARTESIAN_POINT('Ctrl Pts',(12.5766732602341,-16.8835522142346,1.5));
#9406=CARTESIAN_POINT('Ctrl Pts',(12.666771308994,-17.1675301408886,1.5));
#9407=CARTESIAN_POINT('Ctrl Pts',(12.6555731875106,-17.4650245284239,1.5));
#9408=CARTESIAN_POINT('Ctrl Pts',(12.6501877386324,-17.6080968122861,1.5));
#9409=CARTESIAN_POINT('',(12.5299055536511,-16.7361461767832,1.3));
#9410=CARTESIAN_POINT('',(12.5299055536511,-16.7361461767832,1.5));
#9411=CARTESIAN_POINT('Ctrl Pts',(12.5299055536511,-16.7361461767832,1.3));
#9412=CARTESIAN_POINT('Ctrl Pts',(12.5766732602341,-16.8835522142346,1.3));
#9413=CARTESIAN_POINT('Ctrl Pts',(12.666771308994,-17.1675301408886,1.3));
#9414=CARTESIAN_POINT('Ctrl Pts',(12.6555731875106,-17.4650245284239,1.3));
#9415=CARTESIAN_POINT('Ctrl Pts',(12.6501877386324,-17.6080968122861,1.3));
#9416=CARTESIAN_POINT('Ctrl Pts',(12.3439470463083,-16.3628417737719,1.5));
#9417=CARTESIAN_POINT('Ctrl Pts',(12.3439470463083,-16.3628417737719,1.3));
#9418=CARTESIAN_POINT('Ctrl Pts',(12.3793660115148,-16.4200312506557,1.5));
#9419=CARTESIAN_POINT('Ctrl Pts',(12.3793660115148,-16.4200312506557,1.3));
#9420=CARTESIAN_POINT('Ctrl Pts',(12.4528614118162,-16.5387011065391,1.5));
#9421=CARTESIAN_POINT('Ctrl Pts',(12.4528614118162,-16.5387011065391,1.3));
#9422=CARTESIAN_POINT('Ctrl Pts',(12.5036124819669,-16.668763540518,1.5));
#9423=CARTESIAN_POINT('Ctrl Pts',(12.5036124819669,-16.668763540518,1.3));
#9424=CARTESIAN_POINT('Ctrl Pts',(12.5299055536511,-16.7361461767832,1.5));
#9425=CARTESIAN_POINT('Ctrl Pts',(12.5299055536511,-16.7361461767832,1.3));
#9426=CARTESIAN_POINT('',(12.3439470463083,-16.3628417737719,1.5));
#9427=CARTESIAN_POINT('Ctrl Pts',(12.3439470463083,-16.3628417737719,1.5));
#9428=CARTESIAN_POINT('Ctrl Pts',(12.3793660115148,-16.4200312506557,1.5));
#9429=CARTESIAN_POINT('Ctrl Pts',(12.4528614118162,-16.5387011065391,1.5));
#9430=CARTESIAN_POINT('Ctrl Pts',(12.5036124819669,-16.668763540518,1.5));
#9431=CARTESIAN_POINT('Ctrl Pts',(12.5299055536511,-16.7361461767832,1.5));
#9432=CARTESIAN_POINT('',(12.3439470463083,-16.3628417737719,1.3));
#9433=CARTESIAN_POINT('',(12.3439470463083,-16.3628417737719,1.5));
#9434=CARTESIAN_POINT('Ctrl Pts',(12.3439470463083,-16.3628417737719,1.3));
#9435=CARTESIAN_POINT('Ctrl Pts',(12.3793660115148,-16.4200312506557,1.3));
#9436=CARTESIAN_POINT('Ctrl Pts',(12.4528614118162,-16.5387011065391,1.3));
#9437=CARTESIAN_POINT('Ctrl Pts',(12.5036124819669,-16.668763540518,1.3));
#9438=CARTESIAN_POINT('Ctrl Pts',(12.5299055536511,-16.7361461767832,1.3));
#9439=CARTESIAN_POINT('Ctrl Pts',(12.1035571497983,-16.0942795604534,1.5));
#9440=CARTESIAN_POINT('Ctrl Pts',(12.1035571497983,-16.0942795604534,1.3));
#9441=CARTESIAN_POINT('Ctrl Pts',(12.1470321728722,-16.1330720772715,1.5));
#9442=CARTESIAN_POINT('Ctrl Pts',(12.1470321728722,-16.1330720772715,1.3));
#9443=CARTESIAN_POINT('Ctrl Pts',(12.2372175126822,-16.2135439451156,1.5));
#9444=CARTESIAN_POINT('Ctrl Pts',(12.2372175126822,-16.2135439451156,1.3));
#9445=CARTESIAN_POINT('Ctrl Pts',(12.307529745376,-16.3118996983219,1.5));
#9446=CARTESIAN_POINT('Ctrl Pts',(12.307529745376,-16.3118996983219,1.3));
#9447=CARTESIAN_POINT('Ctrl Pts',(12.3439470463083,-16.3628417737719,1.5));
#9448=CARTESIAN_POINT('Ctrl Pts',(12.3439470463083,-16.3628417737719,1.3));
#9449=CARTESIAN_POINT('',(12.1035571497983,-16.0942795604534,1.5));
#9450=CARTESIAN_POINT('Ctrl Pts',(12.1035571497983,-16.0942795604534,1.5));
#9451=CARTESIAN_POINT('Ctrl Pts',(12.1470321728722,-16.1330720772715,1.5));
#9452=CARTESIAN_POINT('Ctrl Pts',(12.2372175126822,-16.2135439451156,1.5));
#9453=CARTESIAN_POINT('Ctrl Pts',(12.307529745376,-16.3118996983219,1.5));
#9454=CARTESIAN_POINT('Ctrl Pts',(12.3439470463083,-16.3628417737719,1.5));
#9455=CARTESIAN_POINT('',(12.1035571497983,-16.0942795604534,1.3));
#9456=CARTESIAN_POINT('',(12.1035571497983,-16.0942795604534,1.5));
#9457=CARTESIAN_POINT('Ctrl Pts',(12.1035571497983,-16.0942795604534,1.3));
#9458=CARTESIAN_POINT('Ctrl Pts',(12.1470321728722,-16.1330720772715,1.3));
#9459=CARTESIAN_POINT('Ctrl Pts',(12.2372175126822,-16.2135439451156,1.3));
#9460=CARTESIAN_POINT('Ctrl Pts',(12.307529745376,-16.3118996983219,1.3));
#9461=CARTESIAN_POINT('Ctrl Pts',(12.3439470463083,-16.3628417737719,1.3));
#9462=CARTESIAN_POINT('Ctrl Pts',(11.8242983992459,-15.9313291551969,1.5));
#9463=CARTESIAN_POINT('Ctrl Pts',(11.8242983992459,-15.9313291551969,1.3));
#9464=CARTESIAN_POINT('Ctrl Pts',(11.8732615592097,-15.9524607461052,1.5));
#9465=CARTESIAN_POINT('Ctrl Pts',(11.8732615592097,-15.9524607461052,1.3));
#9466=CARTESIAN_POINT('Ctrl Pts',(11.972923048145,-15.9954727946544,1.5));
#9467=CARTESIAN_POINT('Ctrl Pts',(11.972923048145,-15.9954727946544,1.3));
#9468=CARTESIAN_POINT('Ctrl Pts',(12.0595099385638,-16.0609638915013,1.5));
#9469=CARTESIAN_POINT('Ctrl Pts',(12.0595099385638,-16.0609638915013,1.3));
#9470=CARTESIAN_POINT('Ctrl Pts',(12.1035571497983,-16.0942795604534,1.5));
#9471=CARTESIAN_POINT('Ctrl Pts',(12.1035571497983,-16.0942795604534,1.3));
#9472=CARTESIAN_POINT('',(11.8242983992459,-15.9313291551969,1.5));
#9473=CARTESIAN_POINT('Ctrl Pts',(11.8242983992459,-15.9313291551969,1.5));
#9474=CARTESIAN_POINT('Ctrl Pts',(11.8732615592097,-15.9524607461052,1.5));
#9475=CARTESIAN_POINT('Ctrl Pts',(11.972923048145,-15.9954727946544,1.5));
#9476=CARTESIAN_POINT('Ctrl Pts',(12.0595099385638,-16.0609638915013,1.5));
#9477=CARTESIAN_POINT('Ctrl Pts',(12.1035571497983,-16.0942795604534,1.5));
#9478=CARTESIAN_POINT('',(11.8242983992459,-15.9313291551969,1.3));
#9479=CARTESIAN_POINT('',(11.8242983992459,-15.9313291551969,1.5));
#9480=CARTESIAN_POINT('Ctrl Pts',(11.8242983992459,-15.9313291551969,1.3));
#9481=CARTESIAN_POINT('Ctrl Pts',(11.8732615592097,-15.9524607461052,1.3));
#9482=CARTESIAN_POINT('Ctrl Pts',(11.972923048145,-15.9954727946544,1.3));
#9483=CARTESIAN_POINT('Ctrl Pts',(12.0595099385638,-16.0609638915013,1.3));
#9484=CARTESIAN_POINT('Ctrl Pts',(12.1035571497983,-16.0942795604534,1.3));
#9485=CARTESIAN_POINT('Ctrl Pts',(11.5193694395498,-15.871362925303,1.5));
#9486=CARTESIAN_POINT('Ctrl Pts',(11.5193694395498,-15.871362925303,1.3));
#9487=CARTESIAN_POINT('Ctrl Pts',(11.5713875712797,-15.874826959116,1.5));
#9488=CARTESIAN_POINT('Ctrl Pts',(11.5713875712797,-15.874826959116,1.3));
#9489=CARTESIAN_POINT('Ctrl Pts',(11.6755948802539,-15.8817664171444,1.5));
#9490=CARTESIAN_POINT('Ctrl Pts',(11.6755948802539,-15.8817664171444,1.3));
#9491=CARTESIAN_POINT('Ctrl Pts',(11.7746763489226,-15.9147901741528,1.5));
#9492=CARTESIAN_POINT('Ctrl Pts',(11.7746763489226,-15.9147901741528,1.3));
#9493=CARTESIAN_POINT('Ctrl Pts',(11.8242983992459,-15.9313291551969,1.5));
#9494=CARTESIAN_POINT('Ctrl Pts',(11.8242983992459,-15.9313291551969,1.3));
#9495=CARTESIAN_POINT('',(11.5193694395498,-15.871362925303,1.5));
#9496=CARTESIAN_POINT('Ctrl Pts',(11.5193694395498,-15.871362925303,1.5));
#9497=CARTESIAN_POINT('Ctrl Pts',(11.5713875712797,-15.874826959116,1.5));
#9498=CARTESIAN_POINT('Ctrl Pts',(11.6755948802539,-15.8817664171444,1.5));
#9499=CARTESIAN_POINT('Ctrl Pts',(11.7746763489226,-15.9147901741528,1.5));
#9500=CARTESIAN_POINT('Ctrl Pts',(11.8242983992459,-15.9313291551969,1.5));
#9501=CARTESIAN_POINT('',(11.5193694395498,-15.871362925303,1.3));
#9502=CARTESIAN_POINT('',(11.5193694395498,-15.871362925303,1.5));
#9503=CARTESIAN_POINT('Ctrl Pts',(11.5193694395498,-15.871362925303,1.3));
#9504=CARTESIAN_POINT('Ctrl Pts',(11.5713875712797,-15.874826959116,1.3));
#9505=CARTESIAN_POINT('Ctrl Pts',(11.6755948802539,-15.8817664171444,1.3));
#9506=CARTESIAN_POINT('Ctrl Pts',(11.7746763489226,-15.9147901741528,1.3));
#9507=CARTESIAN_POINT('Ctrl Pts',(11.8242983992459,-15.9313291551969,1.3));
#9508=CARTESIAN_POINT('Ctrl Pts',(11.1809908368581,-15.9139476142189,1.5));
#9509=CARTESIAN_POINT('Ctrl Pts',(11.1809908368581,-15.9139476142189,1.3));
#9510=CARTESIAN_POINT('Ctrl Pts',(11.2391450238014,-15.900554760618,1.5));
#9511=CARTESIAN_POINT('Ctrl Pts',(11.2391450238014,-15.900554760618,1.3));
#9512=CARTESIAN_POINT('Ctrl Pts',(11.3505313257131,-15.8749026018817,1.5));
#9513=CARTESIAN_POINT('Ctrl Pts',(11.3505313257131,-15.8749026018817,1.3));
#9514=CARTESIAN_POINT('Ctrl Pts',(11.4647728150824,-15.8725075388533,1.5));
#9515=CARTESIAN_POINT('Ctrl Pts',(11.4647728150824,-15.8725075388533,1.3));
#9516=CARTESIAN_POINT('Ctrl Pts',(11.5193694395498,-15.871362925303,1.5));
#9517=CARTESIAN_POINT('Ctrl Pts',(11.5193694395498,-15.871362925303,1.3));
#9518=CARTESIAN_POINT('',(11.1809908368581,-15.9139476142189,1.5));
#9519=CARTESIAN_POINT('Ctrl Pts',(11.1809908368581,-15.9139476142189,1.5));
#9520=CARTESIAN_POINT('Ctrl Pts',(11.2391450238014,-15.900554760618,1.5));
#9521=CARTESIAN_POINT('Ctrl Pts',(11.3505313257131,-15.8749026018817,1.5));
#9522=CARTESIAN_POINT('Ctrl Pts',(11.4647728150824,-15.8725075388533,1.5));
#9523=CARTESIAN_POINT('Ctrl Pts',(11.5193694395498,-15.871362925303,1.5));
#9524=CARTESIAN_POINT('',(11.1809908368581,-15.9139476142189,1.3));
#9525=CARTESIAN_POINT('',(11.1809908368581,-15.9139476142189,1.5));
#9526=CARTESIAN_POINT('Ctrl Pts',(11.1809908368581,-15.9139476142189,1.3));
#9527=CARTESIAN_POINT('Ctrl Pts',(11.2391450238014,-15.900554760618,1.3));
#9528=CARTESIAN_POINT('Ctrl Pts',(11.3505313257131,-15.8749026018817,1.3));
#9529=CARTESIAN_POINT('Ctrl Pts',(11.4647728150824,-15.8725075388533,1.3));
#9530=CARTESIAN_POINT('Ctrl Pts',(11.5193694395498,-15.871362925303,1.3));
#9531=CARTESIAN_POINT('Ctrl Pts',(10.771744327327,-16.0520121446909,1.5));
#9532=CARTESIAN_POINT('Ctrl Pts',(10.771744327327,-16.0520121446909,1.3));
#9533=CARTESIAN_POINT('Ctrl Pts',(10.8583564412597,-16.020130427469,1.5));
#9534=CARTESIAN_POINT('Ctrl Pts',(10.8583564412597,-16.020130427469,1.3));
#9535=CARTESIAN_POINT('Ctrl Pts',(10.9935346513832,-15.9703716434604,1.5));
#9536=CARTESIAN_POINT('Ctrl Pts',(10.9935346513832,-15.9703716434604,1.3));
#9537=CARTESIAN_POINT('Ctrl Pts',(11.131443640986,-15.928861245485,1.5));
#9538=CARTESIAN_POINT('Ctrl Pts',(11.131443640986,-15.928861245485,1.3));
#9539=CARTESIAN_POINT('Ctrl Pts',(11.1809908368581,-15.9139476142189,1.5));
#9540=CARTESIAN_POINT('Ctrl Pts',(11.1809908368581,-15.9139476142189,1.3));
#9541=CARTESIAN_POINT('',(10.771744327327,-16.0520121446909,1.5));
#9542=CARTESIAN_POINT('Ctrl Pts',(10.771744327327,-16.0520121446909,1.5));
#9543=CARTESIAN_POINT('Ctrl Pts',(10.8583564412597,-16.020130427469,1.5));
#9544=CARTESIAN_POINT('Ctrl Pts',(10.9935346513832,-15.9703716434604,1.5));
#9545=CARTESIAN_POINT('Ctrl Pts',(11.131443640986,-15.928861245485,1.5));
#9546=CARTESIAN_POINT('Ctrl Pts',(11.1809908368581,-15.9139476142189,1.5));
#9547=CARTESIAN_POINT('',(10.771744327327,-16.0520121446909,1.3));
#9548=CARTESIAN_POINT('',(10.771744327327,-16.0520121446909,1.5));
#9549=CARTESIAN_POINT('Ctrl Pts',(10.771744327327,-16.0520121446909,1.3));
#9550=CARTESIAN_POINT('Ctrl Pts',(10.8583564412597,-16.020130427469,1.3));
#9551=CARTESIAN_POINT('Ctrl Pts',(10.9935346513832,-15.9703716434604,1.3));
#9552=CARTESIAN_POINT('Ctrl Pts',(11.131443640986,-15.928861245485,1.3));
#9553=CARTESIAN_POINT('Ctrl Pts',(11.1809908368581,-15.9139476142189,1.3));
#9554=CARTESIAN_POINT('Origin',(10.0121697049626,-16.3284746979355,1.5));
#9555=CARTESIAN_POINT('',(10.0121697049626,-16.3284746979355,1.5));
#9556=CARTESIAN_POINT('',(15.4626419684233,-14.3446650313423,1.5));
#9557=CARTESIAN_POINT('',(10.0121697049626,-16.3284746979355,1.3));
#9558=CARTESIAN_POINT('',(10.0121697049626,-16.3284746979355,1.5));
#9559=CARTESIAN_POINT('',(10.0121697049626,-16.3284746979355,1.3));
#9560=CARTESIAN_POINT('Origin',(10.4478775816818,-19.362423444262,1.5));
#9561=CARTESIAN_POINT('',(10.4478775816818,-19.362423444262,1.5));
#9562=CARTESIAN_POINT('',(11.8987267387496,-29.4650683960571,1.5));
#9563=CARTESIAN_POINT('',(10.4478775816818,-19.362423444262,1.3));
#9564=CARTESIAN_POINT('',(10.4478775816818,-19.362423444262,1.5));
#9565=CARTESIAN_POINT('',(10.4478775816818,-19.362423444262,1.3));
#9566=CARTESIAN_POINT('Origin',(11.4420547577459,-19.0005725445878,1.5));
#9567=CARTESIAN_POINT('',(16.6906147301894,-17.0902529418574,1.5));
#9568=CARTESIAN_POINT('',(11.4420547577459,-19.0005725445878,1.3));
#9569=CARTESIAN_POINT('Origin',(2.26422784695935,-21.1174146568875,1.3));
#9570=CARTESIAN_POINT('Origin',(-0.870188934315378,-25.9426830327091,1.5));
#9571=CARTESIAN_POINT('',(-0.870188934315377,-25.9426830327091,1.5));
#9572=CARTESIAN_POINT('',(-1.13797740052442,-27.325003381554,1.5));
#9573=CARTESIAN_POINT('',(-1.36228967442368,-28.4829002286295,1.5));
#9574=CARTESIAN_POINT('',(-0.870188934315377,-25.9426830327091,1.3));
#9575=CARTESIAN_POINT('',(-0.870188934315377,-25.9426830327091,1.5));
#9576=CARTESIAN_POINT('',(-1.13797740052442,-27.325003381554,1.3));
#9577=CARTESIAN_POINT('',(-0.870188934315378,-25.9426830327091,1.3));
#9578=CARTESIAN_POINT('',(-1.13797740052442,-27.325003381554,1.5));
#9579=CARTESIAN_POINT('Origin',(-0.29379260414338,-27.0177452434513,1.5));
#9580=CARTESIAN_POINT('',(-0.29379260414338,-27.0177452434513,1.5));
#9581=CARTESIAN_POINT('',(5.19916697242849,-37.2629063535927,1.5));
#9582=CARTESIAN_POINT('',(-0.29379260414338,-27.0177452434513,1.3));
#9583=CARTESIAN_POINT('',(-0.29379260414338,-27.0177452434513,1.5));
#9584=CARTESIAN_POINT('',(-0.29379260414338,-27.0177452434513,1.3));
#9585=CARTESIAN_POINT('Origin',(-1.13797740052442,-27.325003381554,1.5));
#9586=CARTESIAN_POINT('',(11.0025167936855,-22.90622486558,1.5));
#9587=CARTESIAN_POINT('',(-1.13797740052442,-27.325003381554,1.3));
#9588=CARTESIAN_POINT('Origin',(0.81909907743129,-27.8496292146101,1.5));
#9589=CARTESIAN_POINT('',(0.819099077431292,-27.8496292146101,1.5));
#9590=CARTESIAN_POINT('',(0.269129165645119,-28.0498018922423,1.5));
#9591=CARTESIAN_POINT('',(12.1798280082806,-23.7146620442141,1.5));
#9592=CARTESIAN_POINT('',(0.819099077431292,-27.8496292146101,1.3));
#9593=CARTESIAN_POINT('',(0.819099077431292,-27.8496292146101,1.5));
#9594=CARTESIAN_POINT('',(0.269129165645119,-28.0498018922423,1.3));
#9595=CARTESIAN_POINT('',(0.81909907743129,-27.8496292146101,1.3));
#9596=CARTESIAN_POINT('',(0.269129165645119,-28.0498018922423,1.5));
#9597=CARTESIAN_POINT('Origin',(-0.664628227616039,-25.1971289794271,1.5));
#9598=CARTESIAN_POINT('',(-0.66462822761604,-25.1971289794271,1.5));
#9599=CARTESIAN_POINT('',(5.53678517038055,-36.2835667909414,1.5));
#9600=CARTESIAN_POINT('',(-0.66462822761604,-25.1971289794271,1.3));
#9601=CARTESIAN_POINT('',(-0.66462822761604,-25.1971289794271,1.5));
#9602=CARTESIAN_POINT('',(-0.664628227616039,-25.1971289794271,1.3));
#9603=CARTESIAN_POINT('Origin',(-1.30882439797064,-25.4315972104645,1.5));
#9604=CARTESIAN_POINT('',(-1.30882439797064,-25.4315972104645,1.5));
#9605=CARTESIAN_POINT('',(10.6028361371351,-21.0961073350026,1.5));
#9606=CARTESIAN_POINT('',(-1.30882439797064,-25.4315972104645,1.3));
#9607=CARTESIAN_POINT('',(-1.30882439797064,-25.4315972104645,1.5));
#9608=CARTESIAN_POINT('',(-1.30882439797064,-25.4315972104645,1.3));
#9609=CARTESIAN_POINT('Origin',(-1.87690830542587,-28.8308956533321,1.5));
#9610=CARTESIAN_POINT('',(-1.87690830542587,-28.8308956533321,1.5));
#9611=CARTESIAN_POINT('',(-2.1235862457806,-30.3069662258886,1.5));
#9612=CARTESIAN_POINT('',(-1.87690830542587,-28.8308956533321,1.3));
#9613=CARTESIAN_POINT('',(-1.87690830542587,-28.8308956533321,1.5));
#9614=CARTESIAN_POINT('',(-1.87690830542587,-28.8308956533321,1.3));
#9615=CARTESIAN_POINT('Origin',(-1.28078667677551,-28.6139251245011,1.5));
#9616=CARTESIAN_POINT('',(-1.28078667677551,-28.6139251245011,1.5));
#9617=CARTESIAN_POINT('',(11.1298851311771,-24.0968099991595,1.5));
#9618=CARTESIAN_POINT('',(-1.28078667677551,-28.6139251245011,1.3));
#9619=CARTESIAN_POINT('',(-1.28078667677551,-28.6139251245011,1.5));
#9620=CARTESIAN_POINT('',(-1.28078667677551,-28.6139251245011,1.3));
#9621=CARTESIAN_POINT('Origin',(-1.1691127186323,-27.8676984508862,1.5));
#9622=CARTESIAN_POINT('',(-1.1691127186323,-27.8676984508862,1.5));
#9623=CARTESIAN_POINT('',(-1.51013188717063,-30.1464535340625,1.5));
#9624=CARTESIAN_POINT('',(-1.1691127186323,-27.8676984508862,1.3));
#9625=CARTESIAN_POINT('',(-1.1691127186323,-27.8676984508862,1.5));
#9626=CARTESIAN_POINT('',(-1.1691127186323,-27.8676984508862,1.3));
#9627=CARTESIAN_POINT('Origin',(-0.0518657911982168,-27.4610538249748,1.5));
#9628=CARTESIAN_POINT('',(-0.0518657911982168,-27.4610538249748,1.5));
#9629=CARTESIAN_POINT('',(11.6309609447781,-23.2088526409901,1.5));
#9630=CARTESIAN_POINT('',(-0.0518657911982168,-27.4610538249748,1.3));
#9631=CARTESIAN_POINT('',(-0.0518657911982168,-27.4610538249748,1.5));
#9632=CARTESIAN_POINT('',(-0.0518657911982168,-27.4610538249748,1.3));
#9633=CARTESIAN_POINT('Origin',(0.26912916564512,-28.0498018922423,1.5));
#9634=CARTESIAN_POINT('',(5.58898253570962,-37.8071308564494,1.5));
#9635=CARTESIAN_POINT('',(0.26912916564512,-28.0498018922423,1.3));
#9636=CARTESIAN_POINT('Origin',(2.26422784695935,-21.1174146568875,1.3));
#9637=CARTESIAN_POINT('Origin',(4.81796438098453,-23.8723645379974,1.5));
#9638=CARTESIAN_POINT('',(4.81796438098453,-23.8723645379974,1.5));
#9639=CARTESIAN_POINT('',(4.55017563472526,-25.2546849887722,1.5));
#9640=CARTESIAN_POINT('',(4.02970752738759,-27.9413315293716,1.5));
#9641=CARTESIAN_POINT('',(4.81796438098453,-23.8723645379974,1.3));
#9642=CARTESIAN_POINT('',(4.81796438098453,-23.8723645379974,1.5));
#9643=CARTESIAN_POINT('',(4.55017563472526,-25.2546849887722,1.3));
#9644=CARTESIAN_POINT('',(4.81796438098453,-23.8723645379974,1.3));
#9645=CARTESIAN_POINT('',(4.55017563472526,-25.2546849887722,1.5));
#9646=CARTESIAN_POINT('Origin',(5.39436015105608,-24.9474269525994,1.5));
#9647=CARTESIAN_POINT('',(5.39436015105608,-24.9474269525994,1.5));
#9648=CARTESIAN_POINT('',(10.6833828372105,-34.8122278326545,1.5));
#9649=CARTESIAN_POINT('',(5.39436015105608,-24.9474269525994,1.3));
#9650=CARTESIAN_POINT('',(5.39436015105608,-24.9474269525994,1.5));
#9651=CARTESIAN_POINT('',(5.39436015105608,-24.9474269525994,1.3));
#9652=CARTESIAN_POINT('Origin',(4.55017563472526,-25.2546849887722,1.5));
#9653=CARTESIAN_POINT('',(13.8465933113103,-21.871065669189,1.5));
#9654=CARTESIAN_POINT('',(4.55017563472526,-25.2546849887722,1.3));
#9655=CARTESIAN_POINT('Origin',(6.50725295283165,-25.7793105160385,1.5));
#9656=CARTESIAN_POINT('',(6.50725295283165,-25.7793105160385,1.5));
#9657=CARTESIAN_POINT('',(5.95728248094503,-25.9794833975305,1.5));
#9658=CARTESIAN_POINT('',(15.0239049459807,-22.6795026949282,1.5));
#9659=CARTESIAN_POINT('',(6.50725295283165,-25.7793105160385,1.3));
#9660=CARTESIAN_POINT('',(6.50725295283165,-25.7793105160385,1.5));
#9661=CARTESIAN_POINT('',(5.95728248094503,-25.9794833975305,1.3));
#9662=CARTESIAN_POINT('',(6.50725295283165,-25.7793105160385,1.3));
#9663=CARTESIAN_POINT('',(5.95728248094503,-25.9794833975305,1.5));
#9664=CARTESIAN_POINT('Origin',(5.02352452758342,-23.1268106885753,1.5));
#9665=CARTESIAN_POINT('',(5.02352452758342,-23.1268106885753,1.5));
#9666=CARTESIAN_POINT('',(10.9881701205676,-33.7899624736622,1.5));
#9667=CARTESIAN_POINT('',(5.02352452758342,-23.1268106885753,1.3));
#9668=CARTESIAN_POINT('',(5.02352452758342,-23.1268106885753,1.5));
#9669=CARTESIAN_POINT('',(5.02352452758342,-23.1268106885753,1.3));
#9670=CARTESIAN_POINT('Origin',(4.37932835722882,-23.3612789196126,1.5));
#9671=CARTESIAN_POINT('',(4.37932835722882,-23.3612789196126,1.5));
#9672=CARTESIAN_POINT('',(13.4469125147348,-20.0609481895767,1.5));
#9673=CARTESIAN_POINT('',(4.37932835722882,-23.3612789196126,1.3));
#9674=CARTESIAN_POINT('',(4.37932835722882,-23.3612789196126,1.5));
#9675=CARTESIAN_POINT('',(4.37932835722882,-23.3612789196126,1.3));
#9676=CARTESIAN_POINT('Origin',(3.81124472982381,-26.7605772605502,1.5));
#9677=CARTESIAN_POINT('',(3.81124472982381,-26.7605772605502,1.5));
#9678=CARTESIAN_POINT('',(3.31900082576988,-29.7060659274754,1.5));
#9679=CARTESIAN_POINT('',(3.81124472982381,-26.7605772605502,1.3));
#9680=CARTESIAN_POINT('',(3.81124472982381,-26.7605772605502,1.5));
#9681=CARTESIAN_POINT('',(3.81124472982381,-26.7605772605502,1.3));
#9682=CARTESIAN_POINT('Origin',(4.40736635847418,-26.5436067317192,1.5));
#9683=CARTESIAN_POINT('',(4.40736635847418,-26.5436067317192,1.5));
#9684=CARTESIAN_POINT('',(13.973961648802,-23.0616508027686,1.5));
#9685=CARTESIAN_POINT('',(4.40736635847418,-26.5436067317192,1.3));
#9686=CARTESIAN_POINT('',(4.40736635847418,-26.5436067317192,1.5));
#9687=CARTESIAN_POINT('',(4.40736635847418,-26.5436067317192,1.3));
#9688=CARTESIAN_POINT('Origin',(4.51904059666761,-25.7973799561744,1.5));
#9689=CARTESIAN_POINT('',(4.51904059666761,-25.7973799561744,1.5));
#9690=CARTESIAN_POINT('',(3.9642015379369,-29.5049115090269,1.5));
#9691=CARTESIAN_POINT('',(4.51904059666761,-25.7973799561744,1.3));
#9692=CARTESIAN_POINT('',(4.51904059666761,-25.7973799561744,1.5));
#9693=CARTESIAN_POINT('',(4.51904059666761,-25.7973799561744,1.3));
#9694=CARTESIAN_POINT('Origin',(5.63628752410169,-25.390735330263,1.5));
#9695=CARTESIAN_POINT('',(5.63628752410169,-25.390735330263,1.5));
#9696=CARTESIAN_POINT('',(14.4750376024281,-22.1736933936342,1.5));
#9697=CARTESIAN_POINT('',(5.63628752410169,-25.390735330263,1.3));
#9698=CARTESIAN_POINT('',(5.63628752410169,-25.390735330263,1.5));
#9699=CARTESIAN_POINT('',(5.63628752410169,-25.390735330263,1.3));
#9700=CARTESIAN_POINT('Origin',(5.95728248094503,-25.9794833975305,1.5));
#9701=CARTESIAN_POINT('',(11.0604896865602,-35.3394540609881,1.5));
#9702=CARTESIAN_POINT('',(5.95728248094503,-25.9794833975305,1.3));
#9703=CARTESIAN_POINT('Origin',(2.26422784695935,-21.1174146568875,1.3));
#9704=CARTESIAN_POINT('Origin',(7.48796867471409,-25.4223591849964,1.5));
#9705=CARTESIAN_POINT('',(7.48796867471409,-25.4223591849964,1.5));
#9706=CARTESIAN_POINT('',(6.94184497270846,-25.6211319567537,1.5));
#9707=CARTESIAN_POINT('',(15.5142628069219,-22.5010270294072,1.5));
#9708=CARTESIAN_POINT('',(7.48796867471409,-25.4223591849964,1.3));
#9709=CARTESIAN_POINT('',(7.48796867471409,-25.4223591849964,1.5));
#9710=CARTESIAN_POINT('',(6.94184497270846,-25.6211319567537,1.3));
#9711=CARTESIAN_POINT('',(7.48796867471409,-25.4223591849964,1.3));
#9712=CARTESIAN_POINT('',(6.94184497270846,-25.6211319567537,1.5));
#9713=CARTESIAN_POINT('Origin',(7.40562786619877,-24.8491011967792,1.5));
#9714=CARTESIAN_POINT('',(7.40562786619877,-24.8491011967792,1.5));
#9715=CARTESIAN_POINT('',(8.50143212792876,-32.4781074925124,1.5));
#9716=CARTESIAN_POINT('',(7.40562786619877,-24.8491011967792,1.3));
#9717=CARTESIAN_POINT('',(7.40562786619877,-24.8491011967792,1.5));
#9718=CARTESIAN_POINT('',(7.40562786619877,-24.8491011967792,1.3));
#9719=CARTESIAN_POINT('Origin',(6.85950416419314,-25.0478739685365,1.5));
#9720=CARTESIAN_POINT('',(6.85950416419314,-25.0478739685365,1.5));
#9721=CARTESIAN_POINT('',(15.1030937462389,-22.0474527371648,1.5));
#9722=CARTESIAN_POINT('',(6.85950416419314,-25.0478739685365,1.3));
#9723=CARTESIAN_POINT('',(6.85950416419314,-25.0478739685365,1.5));
#9724=CARTESIAN_POINT('',(6.85950416419314,-25.0478739685365,1.3));
#9725=CARTESIAN_POINT('Origin',(6.94184497270846,-25.6211319567537,1.5));
#9726=CARTESIAN_POINT('',(7.98801166649313,-32.9045607332301,1.5));
#9727=CARTESIAN_POINT('',(6.94184497270846,-25.6211319567537,1.3));
#9728=CARTESIAN_POINT('Origin',(2.26422784695935,-21.1174146568875,1.3));
#9729=CARTESIAN_POINT('Origin',(8.79943603370471,-24.9450241031121,1.5));
#9730=CARTESIAN_POINT('',(8.79943603370471,-24.9450241031121,1.5));
#9731=CARTESIAN_POINT('',(8.25331233169908,-25.1437968748694,1.5));
#9732=CARTESIAN_POINT('',(16.1699964864172,-22.2623594884651,1.5));
#9733=CARTESIAN_POINT('',(8.79943603370471,-24.9450241031121,1.3));
#9734=CARTESIAN_POINT('',(8.79943603370471,-24.9450241031121,1.5));
#9735=CARTESIAN_POINT('',(8.25331233169908,-25.1437968748694,1.3));
#9736=CARTESIAN_POINT('',(8.79943603370471,-24.9450241031121,1.3));
#9737=CARTESIAN_POINT('',(8.25331233169908,-25.1437968748694,1.5));
#9738=CARTESIAN_POINT('Origin',(8.71709522518939,-24.3717661148949,1.5));
#9739=CARTESIAN_POINT('',(8.71709522518939,-24.3717661148949,1.5));
#9740=CARTESIAN_POINT('',(9.83323262528859,-32.1423320358717,1.5));
#9741=CARTESIAN_POINT('',(8.71709522518939,-24.3717661148949,1.3));
#9742=CARTESIAN_POINT('',(8.71709522518939,-24.3717661148949,1.5));
#9743=CARTESIAN_POINT('',(8.71709522518939,-24.3717661148949,1.3));
#9744=CARTESIAN_POINT('Origin',(8.17097152318376,-24.5705388866522,1.5));
#9745=CARTESIAN_POINT('',(8.17097152318376,-24.5705388866522,1.5));
#9746=CARTESIAN_POINT('',(15.7588274257342,-21.8087851962227,1.5));
#9747=CARTESIAN_POINT('',(8.17097152318376,-24.5705388866522,1.3));
#9748=CARTESIAN_POINT('',(8.17097152318376,-24.5705388866522,1.5));
#9749=CARTESIAN_POINT('',(8.17097152318376,-24.5705388866522,1.3));
#9750=CARTESIAN_POINT('Origin',(8.25331233169908,-25.1437968748694,1.5));
#9751=CARTESIAN_POINT('',(9.31981216385296,-32.5687852765894,1.5));
#9752=CARTESIAN_POINT('',(8.25331233169908,-25.1437968748694,1.3));
#9753=CARTESIAN_POINT('Origin',(2.26422784695935,-21.1174146568875,1.3));
#9754=CARTESIAN_POINT('Origin',(9.68673378907718,-21.429541321237,1.5));
#9755=CARTESIAN_POINT('',(9.68673378907718,-21.429541321237,1.5));
#9756=CARTESIAN_POINT('',(9.79833013267118,-22.196856067551,1.5));
#9757=CARTESIAN_POINT('',(11.0184927712929,-30.5864569752828,1.5));
#9758=CARTESIAN_POINT('',(9.68673378907718,-21.429541321237,1.3));
#9759=CARTESIAN_POINT('',(9.68673378907718,-21.429541321237,1.5));
#9760=CARTESIAN_POINT('',(9.79833013267118,-22.196856067551,1.3));
#9761=CARTESIAN_POINT('',(9.68673378907718,-21.429541321237,1.3));
#9762=CARTESIAN_POINT('',(9.79833013267118,-22.196856067551,1.5));
#9763=CARTESIAN_POINT('Origin',(9.10791926428856,-21.640212579421,1.5));
#9764=CARTESIAN_POINT('',(9.10791926428856,-21.640212579421,1.5));
#9765=CARTESIAN_POINT('',(15.8112079682646,-19.2004150194809,1.5));
#9766=CARTESIAN_POINT('',(9.10791926428856,-21.640212579421,1.3));
#9767=CARTESIAN_POINT('',(9.10791926428856,-21.640212579421,1.5));
#9768=CARTESIAN_POINT('',(9.10791926428856,-21.640212579421,1.3));
#9769=CARTESIAN_POINT('Origin',(9.2109329428293,-22.3540310603938,1.5));
#9770=CARTESIAN_POINT('',(9.2109329428293,-22.3540310603938,1.5));
#9771=CARTESIAN_POINT('',(10.4707181111199,-31.0835313356958,1.5));
#9772=CARTESIAN_POINT('',(9.2109329428293,-22.3540310603938,1.3));
#9773=CARTESIAN_POINT('',(9.2109329428293,-22.3540310603938,1.5));
#9774=CARTESIAN_POINT('',(9.2109329428293,-22.3540310603938,1.3));
#9775=CARTESIAN_POINT('Origin',(9.56139377495107,-23.8554053037454,1.5));
#9776=CARTESIAN_POINT('',(9.56139377495107,-23.8554053037454,1.5));
#9777=CARTESIAN_POINT('',(11.5633490517065,-32.431781929531,1.5));
#9778=CARTESIAN_POINT('',(9.56139377495107,-23.8554053037454,1.3));
#9779=CARTESIAN_POINT('',(9.56139377495107,-23.8554053037454,1.5));
#9780=CARTESIAN_POINT('',(9.56139377495107,-23.8554053037454,1.3));
#9781=CARTESIAN_POINT('Origin',(9.86522362389683,-23.7448202824476,1.5));
#9782=CARTESIAN_POINT('',(9.86522362389683,-23.7448202824476,1.5));
#9783=CARTESIAN_POINT('',(16.572357977553,-21.3036230204924,1.5));
#9784=CARTESIAN_POINT('',(9.86522362389683,-23.7448202824476,1.3));
#9785=CARTESIAN_POINT('',(9.86522362389683,-23.7448202824476,1.5));
#9786=CARTESIAN_POINT('',(9.86522362389683,-23.7448202824476,1.3));
#9787=CARTESIAN_POINT('Origin',(9.79833013267118,-22.196856067551,1.5));
#9788=CARTESIAN_POINT('',(10.1403316675084,-30.1110212227522,1.5));
#9789=CARTESIAN_POINT('',(9.79833013267118,-22.196856067551,1.3));
#9790=CARTESIAN_POINT('Origin',(2.26422784695935,-21.1174146568875,1.3));
#9791=CARTESIAN_POINT('Origin',(8.37526643008656,-21.9068764031213,1.5));
#9792=CARTESIAN_POINT('',(8.37526643008656,-21.9068764031213,1.5));
#9793=CARTESIAN_POINT('',(8.48686277368056,-22.6741911494353,1.5));
#9794=CARTESIAN_POINT('',(9.68661602459086,-30.9234610781237,1.5));
#9795=CARTESIAN_POINT('',(8.37526643008656,-21.9068764031213,1.3));
#9796=CARTESIAN_POINT('',(8.37526643008656,-21.9068764031213,1.5));
#9797=CARTESIAN_POINT('',(8.48686277368056,-22.6741911494353,1.3));
#9798=CARTESIAN_POINT('',(8.37526643008656,-21.9068764031213,1.3));
#9799=CARTESIAN_POINT('',(8.48686277368056,-22.6741911494353,1.5));
#9800=CARTESIAN_POINT('Origin',(7.79645190529794,-22.1175476613053,1.5));
#9801=CARTESIAN_POINT('',(7.79645190529794,-22.1175476613053,1.5));
#9802=CARTESIAN_POINT('',(15.1554742887693,-19.439082560423,1.5));
#9803=CARTESIAN_POINT('',(7.79645190529794,-22.1175476613053,1.3));
#9804=CARTESIAN_POINT('',(7.79645190529794,-22.1175476613053,1.5));
#9805=CARTESIAN_POINT('',(7.79645190529794,-22.1175476613053,1.3));
#9806=CARTESIAN_POINT('Origin',(7.89946558383868,-22.8313661422781,1.5));
#9807=CARTESIAN_POINT('',(7.89946558383868,-22.8313661422781,1.5));
#9808=CARTESIAN_POINT('',(9.13888843813814,-31.4197686891213,1.5));
#9809=CARTESIAN_POINT('',(7.89946558383868,-22.8313661422781,1.3));
#9810=CARTESIAN_POINT('',(7.89946558383868,-22.8313661422781,1.5));
#9811=CARTESIAN_POINT('',(7.89946558383868,-22.8313661422781,1.3));
#9812=CARTESIAN_POINT('Origin',(8.24992641596045,-24.3327403856297,1.5));
#9813=CARTESIAN_POINT('',(8.24992641596045,-24.3327403856297,1.5));
#9814=CARTESIAN_POINT('',(10.2329324552421,-32.8279384759935,1.5));
#9815=CARTESIAN_POINT('',(8.24992641596045,-24.3327403856297,1.3));
#9816=CARTESIAN_POINT('',(8.24992641596045,-24.3327403856297,1.5));
#9817=CARTESIAN_POINT('',(8.24992641596045,-24.3327403856297,1.3));
#9818=CARTESIAN_POINT('Origin',(8.55375626490621,-24.2221553643319,1.5));
#9819=CARTESIAN_POINT('',(8.55375626490621,-24.2221553643319,1.5));
#9820=CARTESIAN_POINT('',(15.9166242980576,-21.5422905614346,1.5));
#9821=CARTESIAN_POINT('',(8.55375626490621,-24.2221553643319,1.3));
#9822=CARTESIAN_POINT('',(8.55375626490621,-24.2221553643319,1.5));
#9823=CARTESIAN_POINT('',(8.55375626490621,-24.2221553643319,1.3));
#9824=CARTESIAN_POINT('Origin',(8.48686277368056,-22.6741911494353,1.5));
#9825=CARTESIAN_POINT('',(8.81979204855416,-30.3784175869126,1.5));
#9826=CARTESIAN_POINT('',(8.48686277368056,-22.6741911494353,1.3));
#9827=CARTESIAN_POINT('Origin',(2.26422784695935,-21.1174146568875,1.3));
#9828=CARTESIAN_POINT('Origin',(7.06379907109594,-22.3842114850056,1.5));
#9829=CARTESIAN_POINT('',(7.06379907109594,-22.3842114850056,1.5));
#9830=CARTESIAN_POINT('',(7.17539541468994,-23.1515262313196,1.5));
#9831=CARTESIAN_POINT('',(8.35473927788882,-31.2604651809646,1.5));
#9832=CARTESIAN_POINT('',(7.06379907109594,-22.3842114850056,1.3));
#9833=CARTESIAN_POINT('',(7.06379907109594,-22.3842114850056,1.5));
#9834=CARTESIAN_POINT('',(7.17539541468994,-23.1515262313196,1.3));
#9835=CARTESIAN_POINT('',(7.06379907109594,-22.3842114850056,1.3));
#9836=CARTESIAN_POINT('',(7.17539541468994,-23.1515262313196,1.5));
#9837=CARTESIAN_POINT('Origin',(6.48498454630732,-22.5948827431896,1.5));
#9838=CARTESIAN_POINT('',(6.48498454630732,-22.5948827431896,1.5));
#9839=CARTESIAN_POINT('',(14.499740609274,-19.6777501013652,1.5));
#9840=CARTESIAN_POINT('',(6.48498454630732,-22.5948827431896,1.3));
#9841=CARTESIAN_POINT('',(6.48498454630732,-22.5948827431896,1.5));
#9842=CARTESIAN_POINT('',(6.48498454630732,-22.5948827431896,1.3));
#9843=CARTESIAN_POINT('Origin',(6.58799822484807,-23.3087012241624,1.5));
#9844=CARTESIAN_POINT('',(6.58799822484807,-23.3087012241624,1.5));
#9845=CARTESIAN_POINT('',(7.80705876515634,-31.7560060425469,1.5));
#9846=CARTESIAN_POINT('',(6.58799822484807,-23.3087012241624,1.3));
#9847=CARTESIAN_POINT('',(6.58799822484807,-23.3087012241624,1.5));
#9848=CARTESIAN_POINT('',(6.58799822484807,-23.3087012241624,1.3));
#9849=CARTESIAN_POINT('Origin',(6.93845905696983,-24.810075467514,1.5));
#9850=CARTESIAN_POINT('',(6.93845905696983,-24.810075467514,1.5));
#9851=CARTESIAN_POINT('',(8.90251585877765,-33.224095022456,1.5));
#9852=CARTESIAN_POINT('',(6.93845905696983,-24.810075467514,1.3));
#9853=CARTESIAN_POINT('',(6.93845905696983,-24.810075467514,1.5));
#9854=CARTESIAN_POINT('',(6.93845905696983,-24.810075467514,1.3));
#9855=CARTESIAN_POINT('Origin',(7.24228890591559,-24.6994904462162,1.5));
#9856=CARTESIAN_POINT('',(7.24228890591559,-24.6994904462162,1.5));
#9857=CARTESIAN_POINT('',(15.2608906185623,-21.7809581023767,1.5));
#9858=CARTESIAN_POINT('',(7.24228890591559,-24.6994904462162,1.3));
#9859=CARTESIAN_POINT('',(7.24228890591559,-24.6994904462162,1.5));
#9860=CARTESIAN_POINT('',(7.24228890591559,-24.6994904462162,1.3));
#9861=CARTESIAN_POINT('Origin',(7.17539541468994,-23.1515262313196,1.5));
#9862=CARTESIAN_POINT('',(7.49925242959989,-30.645813951073,1.5));
#9863=CARTESIAN_POINT('',(7.17539541468994,-23.1515262313196,1.3));
#9864=CARTESIAN_POINT('Origin',(2.26422784695935,-21.1174146568875,1.3));
#9865=CARTESIAN_POINT('Origin',(3.43434249605235,-26.8977584548715,1.5));
#9866=CARTESIAN_POINT('',(3.43434249605235,-26.8977584548715,1.5));
#9867=CARTESIAN_POINT('',(2.85360458632324,-27.1091297679229,1.5));
#9868=CARTESIAN_POINT('',(13.4874497175911,-23.2387266643448,1.5));
#9869=CARTESIAN_POINT('',(3.43434249605235,-26.8977584548715,1.3));
#9870=CARTESIAN_POINT('',(3.43434249605235,-26.8977584548715,1.5));
#9871=CARTESIAN_POINT('',(2.85360458632324,-27.1091297679229,1.3));
#9872=CARTESIAN_POINT('',(3.43434249605235,-26.8977584548715,1.3));
#9873=CARTESIAN_POINT('',(2.85360458632324,-27.1091297679229,1.5));
#9874=CARTESIAN_POINT('Origin',(2.996711998353,-23.8645101196529,1.5));
#9875=CARTESIAN_POINT('',(2.996711998353,-23.8645101196529,1.5));
#9876=CARTESIAN_POINT('',(4.21276241125981,-32.2930426599638,1.5));
#9877=CARTESIAN_POINT('',(2.996711998353,-23.8645101196529,1.3));
#9878=CARTESIAN_POINT('',(2.996711998353,-23.8645101196529,1.5));
#9879=CARTESIAN_POINT('',(2.996711998353,-23.8645101196529,1.3));
#9880=CARTESIAN_POINT('Origin',(2.41789747356437,-24.0751813778369,1.5));
#9881=CARTESIAN_POINT('',(2.41789747356437,-24.0751813778369,1.5));
#9882=CARTESIAN_POINT('',(12.4661970729025,-20.4178994186888,1.5));
#9883=CARTESIAN_POINT('',(2.41789747356437,-24.0751813778369,1.3));
#9884=CARTESIAN_POINT('',(2.41789747356437,-24.0751813778369,1.5));
#9885=CARTESIAN_POINT('',(2.41789747356437,-24.0751813778369,1.3));
#9886=CARTESIAN_POINT('Origin',(2.58520923588447,-25.2468719255752,1.5));
#9887=CARTESIAN_POINT('',(2.58520923588447,-25.2468719255752,1.5));
#9888=CARTESIAN_POINT('',(3.69385558839371,-33.0107639198174,1.5));
#9889=CARTESIAN_POINT('',(2.58520923588447,-25.2468719255752,1.3));
#9890=CARTESIAN_POINT('',(2.58520923588447,-25.2468719255752,1.5));
#9891=CARTESIAN_POINT('',(2.58520923588447,-25.2468719255752,1.3));
#9892=CARTESIAN_POINT('Origin',(1.4948840966128,-25.6437178219422,1.5));
#9893=CARTESIAN_POINT('',(1.4948840966128,-25.6437178219422,1.5));
#9894=CARTESIAN_POINT('',(12.2027633051766,-21.7463685179071,1.5));
#9895=CARTESIAN_POINT('',(1.4948840966128,-25.6437178219422,1.3));
#9896=CARTESIAN_POINT('',(1.4948840966128,-25.6437178219422,1.5));
#9897=CARTESIAN_POINT('',(1.4948840966128,-25.6437178219422,1.3));
#9898=CARTESIAN_POINT('Origin',(1.32564894935221,-24.4727273290713,1.5));
#9899=CARTESIAN_POINT('',(1.32564894935221,-24.4727273290713,1.5));
#9900=CARTESIAN_POINT('',(2.51819285858364,-32.7243086503603,1.5));
#9901=CARTESIAN_POINT('',(1.32564894935221,-24.4727273290713,1.3));
#9902=CARTESIAN_POINT('',(1.32564894935221,-24.4727273290713,1.5));
#9903=CARTESIAN_POINT('',(1.32564894935221,-24.4727273290713,1.3));
#9904=CARTESIAN_POINT('Origin',(0.746833864463136,-24.6833987911152,1.5));
#9905=CARTESIAN_POINT('',(0.746833864463135,-24.6833987911152,1.5));
#9906=CARTESIAN_POINT('',(11.630665268352,-20.722008125328,1.5));
#9907=CARTESIAN_POINT('',(0.746833864463135,-24.6833987911152,1.3));
#9908=CARTESIAN_POINT('',(0.746833864463135,-24.6833987911152,1.5));
#9909=CARTESIAN_POINT('',(0.746833864463136,-24.6833987911152,1.3));
#9910=CARTESIAN_POINT('Origin',(1.18254153732245,-27.7173469773413,1.5));
#9911=CARTESIAN_POINT('',(1.18254153732245,-27.7173469773413,1.5));
#9912=CARTESIAN_POINT('',(2.13919834180123,-34.37880225478,1.5));
#9913=CARTESIAN_POINT('',(1.18254153732245,-27.7173469773413,1.3));
#9914=CARTESIAN_POINT('',(1.18254153732245,-27.7173469773413,1.5));
#9915=CARTESIAN_POINT('',(1.18254153732245,-27.7173469773413,1.3));
#9916=CARTESIAN_POINT('Origin',(1.76327944705156,-27.5059756642899,1.5));
#9917=CARTESIAN_POINT('',(1.76327944705156,-27.5059756642899,1.5));
#9918=CARTESIAN_POINT('',(12.6519181930907,-23.542835269054,1.5));
#9919=CARTESIAN_POINT('',(1.76327944705156,-27.5059756642899,1.3));
#9920=CARTESIAN_POINT('',(1.76327944705156,-27.5059756642899,1.5));
#9921=CARTESIAN_POINT('',(1.76327944705156,-27.5059756642899,1.3));
#9922=CARTESIAN_POINT('Origin',(1.56828893609072,-26.1505415697023,1.5));
#9923=CARTESIAN_POINT('',(1.56828893609072,-26.1505415697023,1.5));
#9924=CARTESIAN_POINT('',(2.6335332686744,-33.5553556826317,1.5));
#9925=CARTESIAN_POINT('',(1.56828893609072,-26.1505415697023,1.3));
#9926=CARTESIAN_POINT('',(1.56828893609072,-26.1505415697023,1.5));
#9927=CARTESIAN_POINT('',(1.56828893609072,-26.1505415697023,1.3));
#9928=CARTESIAN_POINT('Origin',(2.65861463546284,-25.7536954694753,1.5));
#9929=CARTESIAN_POINT('',(2.65861463546284,-25.7536954694753,1.5));
#9930=CARTESIAN_POINT('',(12.8703669484648,-22.0369215878435,1.5));
#9931=CARTESIAN_POINT('',(2.65861463546284,-25.7536954694753,1.3));
#9932=CARTESIAN_POINT('',(2.65861463546284,-25.7536954694753,1.5));
#9933=CARTESIAN_POINT('',(2.65861463546284,-25.7536954694753,1.3));
#9934=CARTESIAN_POINT('Origin',(2.85360458632324,-27.1091297679229,1.5));
#9935=CARTESIAN_POINT('',(3.83826250469896,-33.9537856535994,1.5));
#9936=CARTESIAN_POINT('',(2.85360458632324,-27.1091297679229,1.3));
#9937=CARTESIAN_POINT('Origin',(2.26422784695935,-21.1174146568875,1.3));
#9938=CARTESIAN_POINT('Origin',(-2.25381081924756,-28.9680769495833,1.5));
#9939=CARTESIAN_POINT('',(-2.25381081924756,-28.9680769495833,1.5));
#9940=CARTESIAN_POINT('',(-2.83454872897667,-29.1794482626346,1.5));
#9941=CARTESIAN_POINT('',(10.6433730599412,-24.2738859117007,1.5));
#9942=CARTESIAN_POINT('',(-2.25381081924756,-28.9680769495833,1.3));
#9943=CARTESIAN_POINT('',(-2.25381081924756,-28.9680769495833,1.5));
#9944=CARTESIAN_POINT('',(-2.83454872897667,-29.1794482626346,1.3));
#9945=CARTESIAN_POINT('',(-2.25381081924756,-28.9680769495833,1.3));
#9946=CARTESIAN_POINT('',(-2.83454872897667,-29.1794482626346,1.5));
#9947=CARTESIAN_POINT('Origin',(-2.69144159699714,-25.9348287162947,1.5));
#9948=CARTESIAN_POINT('',(-2.69144159699714,-25.9348287162947,1.5));
#9949=CARTESIAN_POINT('',(-1.56369994125981,-33.7512816688533,1.5));
#9950=CARTESIAN_POINT('',(-2.69144159699714,-25.9348287162947,1.3));
#9951=CARTESIAN_POINT('',(-2.69144159699714,-25.9348287162947,1.5));
#9952=CARTESIAN_POINT('',(-2.69144159699714,-25.9348287162947,1.3));
#9953=CARTESIAN_POINT('Origin',(-3.27025640183598,-26.1455000764086,1.5));
#9954=CARTESIAN_POINT('',(-3.27025640183598,-26.1455000764086,1.5));
#9955=CARTESIAN_POINT('',(9.62212013520239,-21.4530587679747,1.5));
#9956=CARTESIAN_POINT('',(-3.27025640183598,-26.1455000764086,1.3));
#9957=CARTESIAN_POINT('',(-3.27025640183598,-26.1455000764086,1.5));
#9958=CARTESIAN_POINT('',(-3.27025640183598,-26.1455000764086,1.3));
#9959=CARTESIAN_POINT('Origin',(-3.10294421944055,-27.3171904712519,1.5));
#9960=CARTESIAN_POINT('',(-3.10294421944055,-27.3171904712519,1.5));
#9961=CARTESIAN_POINT('',(-2.08232317159019,-34.4646190769877,1.5));
#9962=CARTESIAN_POINT('',(-3.10294421944055,-27.3171904712519,1.3));
#9963=CARTESIAN_POINT('',(-3.10294421944055,-27.3171904712519,1.5));
#9964=CARTESIAN_POINT('',(-3.10294421944055,-27.3171904712519,1.3));
#9965=CARTESIAN_POINT('Origin',(-4.19326977878756,-27.7140365205139,1.5));
#9966=CARTESIAN_POINT('',(-4.19326977878756,-27.7140365205139,1.5));
#9967=CARTESIAN_POINT('',(9.35868636747642,-22.7815278671929,1.5));
#9968=CARTESIAN_POINT('',(-4.19326977878756,-27.7140365205139,1.3));
#9969=CARTESIAN_POINT('',(-4.19326977878756,-27.7140365205139,1.5));
#9970=CARTESIAN_POINT('',(-4.19326977878756,-27.7140365205139,1.3));
#9971=CARTESIAN_POINT('Origin',(-4.36250492604815,-26.543046027643,1.5));
#9972=CARTESIAN_POINT('',(-4.36250492604815,-26.543046027643,1.5));
#9973=CARTESIAN_POINT('',(-3.25831596135453,-34.1832720735849,1.5));
#9974=CARTESIAN_POINT('',(-4.36250492604815,-26.543046027643,1.3));
#9975=CARTESIAN_POINT('',(-4.36250492604815,-26.543046027643,1.5));
#9976=CARTESIAN_POINT('',(-4.36250492604815,-26.543046027643,1.3));
#9977=CARTESIAN_POINT('Origin',(-4.94131966087444,-26.7537173622745,1.5));
#9978=CARTESIAN_POINT('',(-4.94131966087444,-26.7537173622745,1.5));
#9979=CARTESIAN_POINT('',(8.78658850568318,-21.7571674109076,1.5));
#9980=CARTESIAN_POINT('',(-4.94131966087444,-26.7537173622745,1.3));
#9981=CARTESIAN_POINT('',(-4.94131966087444,-26.7537173622745,1.5));
#9982=CARTESIAN_POINT('',(-4.94131966087444,-26.7537173622745,1.3));
#9983=CARTESIAN_POINT('Origin',(-4.50561205802769,-29.787665573983,1.5));
#9984=CARTESIAN_POINT('',(-4.50561205802768,-29.787665573983,1.5));
#9985=CARTESIAN_POINT('',(-3.63714035809899,-35.8350655819303,1.5));
#9986=CARTESIAN_POINT('',(-4.50561205802768,-29.787665573983,1.3));
#9987=CARTESIAN_POINT('',(-4.50561205802768,-29.787665573983,1.5));
#9988=CARTESIAN_POINT('',(-4.50561205802769,-29.787665573983,1.3));
#9989=CARTESIAN_POINT('Origin',(-3.92487428832368,-29.5762943118966,1.5));
#9990=CARTESIAN_POINT('',(-3.92487428832368,-29.5762943118966,1.5));
#9991=CARTESIAN_POINT('',(9.80784132540305,-24.5779945928573,1.5));
#9992=CARTESIAN_POINT('',(-3.92487428832368,-29.5762943118966,1.3));
#9993=CARTESIAN_POINT('',(-3.92487428832368,-29.5762943118966,1.5));
#9994=CARTESIAN_POINT('',(-3.92487428832368,-29.5762943118966,1.3));
#9995=CARTESIAN_POINT('Origin',(-4.11986465925942,-28.220860166344,1.5));
#9996=CARTESIAN_POINT('',(-4.11986465925942,-28.220860166344,1.5));
#9997=CARTESIAN_POINT('',(-3.14285282434422,-35.0123504091599,1.5));
#9998=CARTESIAN_POINT('',(-4.11986465925942,-28.220860166344,1.3));
#9999=CARTESIAN_POINT('',(-4.11986465925942,-28.220860166344,1.5));
#10000=CARTESIAN_POINT('',(-4.11986465925942,-28.220860166344,1.3));
#10001=CARTESIAN_POINT('Origin',(-3.02953909991241,-27.824014117082,1.5));
#10002=CARTESIAN_POINT('',(-3.02953909991241,-27.824014117082,1.5));
#10003=CARTESIAN_POINT('',(10.0262900807772,-23.0720809116469,1.5));
#10004=CARTESIAN_POINT('',(-3.02953909991241,-27.824014117082,1.3));
#10005=CARTESIAN_POINT('',(-3.02953909991241,-27.824014117082,1.5));
#10006=CARTESIAN_POINT('',(-3.02953909991241,-27.824014117082,1.3));
#10007=CARTESIAN_POINT('Origin',(-2.83454872897667,-29.1794482626346,1.5));
#10008=CARTESIAN_POINT('',(-1.93811954955678,-35.4107852923791,1.5));
#10009=CARTESIAN_POINT('',(-2.83454872897667,-29.1794482626347,1.3));
#10010=CARTESIAN_POINT('Origin',(2.26422784695935,-21.1174146568875,1.3));
#10011=CARTESIAN_POINT('Origin',(8.39514654994356,-17.5877597034898,1.5));
#10012=CARTESIAN_POINT('',(8.39514654994356,-17.5877597034898,1.5));
#10013=CARTESIAN_POINT('',(8.1273578036843,-18.9700801542646,1.5));
#10014=CARTESIAN_POINT('',(6.95547303994202,-25.0193271726736,1.5));
#10015=CARTESIAN_POINT('',(8.39514654994356,-17.5877597034898,1.3));
#10016=CARTESIAN_POINT('',(8.39514654994356,-17.5877597034898,1.5));
#10017=CARTESIAN_POINT('',(8.1273578036843,-18.9700801542646,1.3));
#10018=CARTESIAN_POINT('',(8.39514654994356,-17.5877597034898,1.3));
#10019=CARTESIAN_POINT('',(8.1273578036843,-18.9700801542646,1.5));
#10020=CARTESIAN_POINT('Origin',(8.97154344021601,-18.662821710372,1.5));
#10021=CARTESIAN_POINT('',(8.97154344021601,-18.662821710372,1.5));
#10022=CARTESIAN_POINT('',(15.1698161805328,-30.2234800759273,1.5));
#10023=CARTESIAN_POINT('',(8.97154344021601,-18.662821710372,1.3));
#10024=CARTESIAN_POINT('',(8.97154344021601,-18.662821710372,1.5));
#10025=CARTESIAN_POINT('',(8.97154344021601,-18.662821710372,1.3));
#10026=CARTESIAN_POINT('Origin',(8.1273578036843,-18.9700801542646,1.5));
#10027=CARTESIAN_POINT('',(14.8344932775414,-16.5288824845897,1.5));
#10028=CARTESIAN_POINT('',(8.12735780368429,-18.9700801542646,1.3));
#10029=CARTESIAN_POINT('Origin',(10.0844351217907,-19.4947056815309,1.5));
#10030=CARTESIAN_POINT('',(10.0844351217907,-19.4947056815309,1.5));
#10031=CARTESIAN_POINT('',(9.53446464990406,-19.6948785630229,1.5));
#10032=CARTESIAN_POINT('',(16.0118049122118,-17.3373195103289,1.5));
#10033=CARTESIAN_POINT('',(10.0844351217907,-19.4947056815309,1.3));
#10034=CARTESIAN_POINT('',(10.0844351217907,-19.4947056815309,1.5));
#10035=CARTESIAN_POINT('',(9.53446464990406,-19.6948785630229,1.3));
#10036=CARTESIAN_POINT('',(10.0844351217907,-19.4947056815309,1.3));
#10037=CARTESIAN_POINT('',(9.53446464990406,-19.6948785630229,1.5));
#10038=CARTESIAN_POINT('Origin',(8.60070761288345,-16.8422048862474,1.5));
#10039=CARTESIAN_POINT('',(8.60070761288346,-16.8422048862474,1.5));
#10040=CARTESIAN_POINT('',(15.4778871325889,-29.1367293429388,1.5));
#10041=CARTESIAN_POINT('',(8.60070761288346,-16.8422048862474,1.3));
#10042=CARTESIAN_POINT('',(8.60070761288346,-16.8422048862474,1.5));
#10043=CARTESIAN_POINT('',(8.60070761288345,-16.8422048862474,1.3));
#10044=CARTESIAN_POINT('Origin',(7.95651144252886,-17.0766731172848,1.5));
#10045=CARTESIAN_POINT('',(7.95651144252886,-17.0766731172848,1.5));
#10046=CARTESIAN_POINT('',(14.4348128372063,-14.7187642410169,1.5));
#10047=CARTESIAN_POINT('',(7.95651144252886,-17.0766731172848,1.3));
#10048=CARTESIAN_POINT('',(7.95651144252886,-17.0766731172848,1.5));
#10049=CARTESIAN_POINT('',(7.95651144252886,-17.0766731172848,1.3));
#10050=CARTESIAN_POINT('Origin',(7.38842745888329,-20.4759722221827,1.5));
#10051=CARTESIAN_POINT('',(7.38842745888329,-20.4759722221827,1.5));
#10052=CARTESIAN_POINT('',(6.33672066127723,-26.7691719578541,1.5));
#10053=CARTESIAN_POINT('',(7.38842745888329,-20.4759722221827,1.3));
#10054=CARTESIAN_POINT('',(7.38842745888329,-20.4759722221827,1.5));
#10055=CARTESIAN_POINT('',(7.38842745888329,-20.4759722221827,1.3));
#10056=CARTESIAN_POINT('Origin',(7.98454908753366,-20.2590016933517,1.5));
#10057=CARTESIAN_POINT('',(7.98454908753366,-20.2590016933517,1.5));
#10058=CARTESIAN_POINT('',(14.9618618950832,-17.7194675162393,1.5));
#10059=CARTESIAN_POINT('',(7.98454908753366,-20.2590016933517,1.3));
#10060=CARTESIAN_POINT('',(7.98454908753366,-20.2590016933517,1.5));
#10061=CARTESIAN_POINT('',(7.98454908753366,-20.2590016933517,1.3));
#10062=CARTESIAN_POINT('Origin',(8.09622276562664,-19.5127751216668,1.5));
#10063=CARTESIAN_POINT('',(8.09622276562664,-19.5127751216668,1.5));
#10064=CARTESIAN_POINT('',(7.04225752638365,-26.5555884379836,1.5));
#10065=CARTESIAN_POINT('',(8.09622276562664,-19.5127751216668,1.3));
#10066=CARTESIAN_POINT('',(8.09622276562664,-19.5127751216668,1.5));
#10067=CARTESIAN_POINT('',(8.09622276562664,-19.5127751216668,1.3));
#10068=CARTESIAN_POINT('Origin',(9.21346969306072,-19.1061304957554,1.5));
#10069=CARTESIAN_POINT('',(9.21346969306072,-19.1061304957554,1.5));
#10070=CARTESIAN_POINT('',(15.4629375686591,-16.8315102090348,1.5));
#10071=CARTESIAN_POINT('',(9.21346969306072,-19.1061304957554,1.3));
#10072=CARTESIAN_POINT('',(9.21346969306072,-19.1061304957554,1.5));
#10073=CARTESIAN_POINT('',(9.21346969306072,-19.1061304957554,1.3));
#10074=CARTESIAN_POINT('Origin',(9.53446464990406,-19.6948785630229,1.5));
#10075=CARTESIAN_POINT('',(15.5484805491235,-30.725395278927,1.5));
#10076=CARTESIAN_POINT('',(9.53446464990406,-19.6948785630229,1.3));
#10077=CARTESIAN_POINT('Origin',(2.26422784695935,-21.1174146568875,1.3));
#10078=CARTESIAN_POINT('Origin',(5.88877134255681,-18.3540990568542,1.5));
#10079=CARTESIAN_POINT('',(5.88877134255681,-18.3540990568542,1.5));
#10080=CARTESIAN_POINT('',(5.47340981148223,-18.5052782906246,1.5));
#10081=CARTESIAN_POINT('',(13.4852813571386,-15.5891955272413,1.5));
#10082=CARTESIAN_POINT('',(5.88877134255681,-18.3540990568542,1.3));
#10083=CARTESIAN_POINT('',(5.88877134255681,-18.3540990568542,1.5));
#10084=CARTESIAN_POINT('',(5.47340981148223,-18.5052782906246,1.3));
#10085=CARTESIAN_POINT('',(5.88877134255681,-18.3540990568542,1.3));
#10086=CARTESIAN_POINT('',(5.47340981148223,-18.5052782906246,1.5));
#10087=CARTESIAN_POINT('Ctrl Pts',(6.26402333894338,-18.2512727413838,1.5));
#10088=CARTESIAN_POINT('Ctrl Pts',(6.26402333894338,-18.2512727413838,1.3));
#10089=CARTESIAN_POINT('Ctrl Pts',(6.21703315820685,-18.2586916876769,1.5));
#10090=CARTESIAN_POINT('Ctrl Pts',(6.21703315820685,-18.2586916876769,1.3));
#10091=CARTESIAN_POINT('Ctrl Pts',(6.08839588064238,-18.2790013148924,1.5));
#10092=CARTESIAN_POINT('Ctrl Pts',(6.08839588064238,-18.2790013148924,1.3));
#10093=CARTESIAN_POINT('Ctrl Pts',(5.96627954561468,-18.3249408627314,1.5));
#10094=CARTESIAN_POINT('Ctrl Pts',(5.96627954561468,-18.3249408627314,1.3));
#10095=CARTESIAN_POINT('Ctrl Pts',(5.88877134255681,-18.3540990568542,1.5));
#10096=CARTESIAN_POINT('Ctrl Pts',(5.88877134255681,-18.3540990568542,1.3));
#10097=CARTESIAN_POINT('',(6.26402333894338,-18.2512727413838,1.5));
#10098=CARTESIAN_POINT('Ctrl Pts',(6.26402333894338,-18.2512727413838,1.5));
#10099=CARTESIAN_POINT('Ctrl Pts',(6.21703315820685,-18.2586916876769,1.5));
#10100=CARTESIAN_POINT('Ctrl Pts',(6.08839588064238,-18.2790013148924,1.5));
#10101=CARTESIAN_POINT('Ctrl Pts',(5.96627954561468,-18.3249408627314,1.5));
#10102=CARTESIAN_POINT('Ctrl Pts',(5.88877134255681,-18.3540990568542,1.5));
#10103=CARTESIAN_POINT('',(6.26402333894338,-18.2512727413838,1.3));
#10104=CARTESIAN_POINT('',(6.26402333894338,-18.2512727413838,1.5));
#10105=CARTESIAN_POINT('Ctrl Pts',(6.26402333894338,-18.2512727413838,1.3));
#10106=CARTESIAN_POINT('Ctrl Pts',(6.21703315820685,-18.2586916876769,1.3));
#10107=CARTESIAN_POINT('Ctrl Pts',(6.08839588064238,-18.2790013148924,1.3));
#10108=CARTESIAN_POINT('Ctrl Pts',(5.96627954561468,-18.3249408627314,1.3));
#10109=CARTESIAN_POINT('Ctrl Pts',(5.88877134255681,-18.3540990568542,1.3));
#10110=CARTESIAN_POINT('Ctrl Pts',(6.42558523717332,-18.30026629635,1.5));
#10111=CARTESIAN_POINT('Ctrl Pts',(6.42558523717332,-18.30026629635,1.3));
#10112=CARTESIAN_POINT('Ctrl Pts',(6.40124901543417,-18.2859939544392,1.5));
#10113=CARTESIAN_POINT('Ctrl Pts',(6.40124901543417,-18.2859939544392,1.3));
#10114=CARTESIAN_POINT('Ctrl Pts',(6.35136808558384,-18.2567405356759,1.5));
#10115=CARTESIAN_POINT('Ctrl Pts',(6.35136808558384,-18.2567405356759,1.3));
#10116=CARTESIAN_POINT('Ctrl Pts',(6.29360474015227,-18.2531245415538,1.5));
#10117=CARTESIAN_POINT('Ctrl Pts',(6.29360474015227,-18.2531245415538,1.3));
#10118=CARTESIAN_POINT('Ctrl Pts',(6.26402333894338,-18.2512727413838,1.5));
#10119=CARTESIAN_POINT('Ctrl Pts',(6.26402333894338,-18.2512727413838,1.3));
#10120=CARTESIAN_POINT('',(6.42558523717332,-18.30026629635,1.5));
#10121=CARTESIAN_POINT('Ctrl Pts',(6.42558523717332,-18.30026629635,1.5));
#10122=CARTESIAN_POINT('Ctrl Pts',(6.40124901543417,-18.2859939544392,1.5));
#10123=CARTESIAN_POINT('Ctrl Pts',(6.35136808558384,-18.2567405356759,1.5));
#10124=CARTESIAN_POINT('Ctrl Pts',(6.29360474015227,-18.2531245415538,1.5));
#10125=CARTESIAN_POINT('Ctrl Pts',(6.26402333894338,-18.2512727413838,1.5));
#10126=CARTESIAN_POINT('',(6.42558523717332,-18.30026629635,1.3));
#10127=CARTESIAN_POINT('',(6.42558523717332,-18.30026629635,1.5));
#10128=CARTESIAN_POINT('Ctrl Pts',(6.42558523717332,-18.30026629635,1.3));
#10129=CARTESIAN_POINT('Ctrl Pts',(6.40124901543417,-18.2859939544392,1.3));
#10130=CARTESIAN_POINT('Ctrl Pts',(6.35136808558384,-18.2567405356759,1.3));
#10131=CARTESIAN_POINT('Ctrl Pts',(6.29360474015227,-18.2531245415538,1.3));
#10132=CARTESIAN_POINT('Ctrl Pts',(6.26402333894338,-18.2512727413838,1.3));
#10133=CARTESIAN_POINT('Ctrl Pts',(6.53166586779495,-18.4511175236988,1.5));
#10134=CARTESIAN_POINT('Ctrl Pts',(6.53166586779495,-18.4511175236988,1.3));
#10135=CARTESIAN_POINT('Ctrl Pts',(6.51882879518783,-18.4199899205056,1.5));
#10136=CARTESIAN_POINT('Ctrl Pts',(6.51882879518783,-18.4199899205056,1.3));
#10137=CARTESIAN_POINT('Ctrl Pts',(6.49474891104392,-18.3616005118366,1.5));
#10138=CARTESIAN_POINT('Ctrl Pts',(6.49474891104392,-18.3616005118366,1.3));
#10139=CARTESIAN_POINT('Ctrl Pts',(6.4475992464536,-18.3197882782425,1.5));
#10140=CARTESIAN_POINT('Ctrl Pts',(6.4475992464536,-18.3197882782425,1.3));
#10141=CARTESIAN_POINT('Ctrl Pts',(6.42558523717332,-18.30026629635,1.5));
#10142=CARTESIAN_POINT('Ctrl Pts',(6.42558523717332,-18.30026629635,1.3));
#10143=CARTESIAN_POINT('',(6.53166586779495,-18.4511175236988,1.5));
#10144=CARTESIAN_POINT('Ctrl Pts',(6.53166586779495,-18.4511175236988,1.5));
#10145=CARTESIAN_POINT('Ctrl Pts',(6.51882879518783,-18.4199899205056,1.5));
#10146=CARTESIAN_POINT('Ctrl Pts',(6.49474891104392,-18.3616005118366,1.5));
#10147=CARTESIAN_POINT('Ctrl Pts',(6.4475992464536,-18.3197882782425,1.5));
#10148=CARTESIAN_POINT('Ctrl Pts',(6.42558523717332,-18.30026629635,1.5));
#10149=CARTESIAN_POINT('',(6.53166586779495,-18.4511175236988,1.3));
#10150=CARTESIAN_POINT('',(6.53166586779495,-18.4511175236988,1.5));
#10151=CARTESIAN_POINT('Ctrl Pts',(6.53166586779495,-18.4511175236988,1.3));
#10152=CARTESIAN_POINT('Ctrl Pts',(6.51882879518783,-18.4199899205056,1.3));
#10153=CARTESIAN_POINT('Ctrl Pts',(6.49474891104392,-18.3616005118366,1.3));
#10154=CARTESIAN_POINT('Ctrl Pts',(6.4475992464536,-18.3197882782425,1.3));
#10155=CARTESIAN_POINT('Ctrl Pts',(6.42558523717332,-18.30026629635,1.3));
#10156=CARTESIAN_POINT('Ctrl Pts',(6.54469534670855,-18.7621440019851,1.5));
#10157=CARTESIAN_POINT('Ctrl Pts',(6.54469534670855,-18.7621440019851,1.3));
#10158=CARTESIAN_POINT('Ctrl Pts',(6.55476350152115,-18.7095312247783,1.5));
#10159=CARTESIAN_POINT('Ctrl Pts',(6.55476350152115,-18.7095312247783,1.3));
#10160=CARTESIAN_POINT('Ctrl Pts',(6.57480222002821,-18.6048156485933,1.5));
#10161=CARTESIAN_POINT('Ctrl Pts',(6.57480222002821,-18.6048156485933,1.3));
#10162=CARTESIAN_POINT('Ctrl Pts',(6.54599789162011,-18.5021836216377,1.5));
#10163=CARTESIAN_POINT('Ctrl Pts',(6.54599789162011,-18.5021836216377,1.3));
#10164=CARTESIAN_POINT('Ctrl Pts',(6.53166586779495,-18.4511175236988,1.5));
#10165=CARTESIAN_POINT('Ctrl Pts',(6.53166586779495,-18.4511175236988,1.3));
#10166=CARTESIAN_POINT('',(6.54469534670855,-18.7621440019851,1.5));
#10167=CARTESIAN_POINT('Ctrl Pts',(6.54469534670855,-18.7621440019851,1.5));
#10168=CARTESIAN_POINT('Ctrl Pts',(6.55476350152115,-18.7095312247783,1.5));
#10169=CARTESIAN_POINT('Ctrl Pts',(6.57480222002821,-18.6048156485933,1.5));
#10170=CARTESIAN_POINT('Ctrl Pts',(6.54599789162011,-18.5021836216377,1.5));
#10171=CARTESIAN_POINT('Ctrl Pts',(6.53166586779495,-18.4511175236988,1.5));
#10172=CARTESIAN_POINT('',(6.54469534670855,-18.7621440019851,1.3));
#10173=CARTESIAN_POINT('',(6.54469534670855,-18.7621440019851,1.5));
#10174=CARTESIAN_POINT('Ctrl Pts',(6.54469534670855,-18.7621440019851,1.3));
#10175=CARTESIAN_POINT('Ctrl Pts',(6.55476350152115,-18.7095312247783,1.3));
#10176=CARTESIAN_POINT('Ctrl Pts',(6.57480222002821,-18.6048156485933,1.3));
#10177=CARTESIAN_POINT('Ctrl Pts',(6.54599789162011,-18.5021836216377,1.3));
#10178=CARTESIAN_POINT('Ctrl Pts',(6.53166586779495,-18.4511175236988,1.3));
#10179=CARTESIAN_POINT('Ctrl Pts',(6.36959228686439,-19.0349369396,1.5));
#10180=CARTESIAN_POINT('Ctrl Pts',(6.36959228686439,-19.0349369396,1.3));
#10181=CARTESIAN_POINT('Ctrl Pts',(6.40997923596496,-18.9955904564612,1.5));
#10182=CARTESIAN_POINT('Ctrl Pts',(6.40997923596496,-18.9955904564612,1.3));
#10183=CARTESIAN_POINT('Ctrl Pts',(6.48947247037539,-18.9181451609626,1.5));
#10184=CARTESIAN_POINT('Ctrl Pts',(6.48947247037539,-18.9181451609626,1.3));
#10185=CARTESIAN_POINT('Ctrl Pts',(6.52648649086656,-18.8135828766621,1.5));
#10186=CARTESIAN_POINT('Ctrl Pts',(6.52648649086656,-18.8135828766621,1.3));
#10187=CARTESIAN_POINT('Ctrl Pts',(6.54469534670855,-18.7621440019851,1.5));
#10188=CARTESIAN_POINT('Ctrl Pts',(6.54469534670855,-18.7621440019851,1.3));
#10189=CARTESIAN_POINT('',(6.36959228686439,-19.0349369396,1.5));
#10190=CARTESIAN_POINT('Ctrl Pts',(6.36959228686439,-19.0349369396,1.5));
#10191=CARTESIAN_POINT('Ctrl Pts',(6.40997923596496,-18.9955904564612,1.5));
#10192=CARTESIAN_POINT('Ctrl Pts',(6.48947247037539,-18.9181451609626,1.5));
#10193=CARTESIAN_POINT('Ctrl Pts',(6.52648649086656,-18.8135828766621,1.5));
#10194=CARTESIAN_POINT('Ctrl Pts',(6.54469534670855,-18.7621440019851,1.5));
#10195=CARTESIAN_POINT('',(6.36959228686439,-19.0349369396,1.3));
#10196=CARTESIAN_POINT('',(6.36959228686439,-19.0349369396,1.5));
#10197=CARTESIAN_POINT('Ctrl Pts',(6.36959228686439,-19.0349369396,1.3));
#10198=CARTESIAN_POINT('Ctrl Pts',(6.40997923596496,-18.9955904564612,1.3));
#10199=CARTESIAN_POINT('Ctrl Pts',(6.48947247037539,-18.9181451609626,1.3));
#10200=CARTESIAN_POINT('Ctrl Pts',(6.52648649086656,-18.8135828766621,1.3));
#10201=CARTESIAN_POINT('Ctrl Pts',(6.54469534670855,-18.7621440019851,1.3));
#10202=CARTESIAN_POINT('Ctrl Pts',(5.77716071545593,-19.3158959650829,1.5));
#10203=CARTESIAN_POINT('Ctrl Pts',(5.77716071545593,-19.3158959650829,1.3));
#10204=CARTESIAN_POINT('Ctrl Pts',(5.9059053005546,-19.2701975188335,1.5));
#10205=CARTESIAN_POINT('Ctrl Pts',(5.9059053005546,-19.2701975188335,1.3));
#10206=CARTESIAN_POINT('Ctrl Pts',(6.11332419705327,-19.196573286129,1.5));
#10207=CARTESIAN_POINT('Ctrl Pts',(6.11332419705327,-19.196573286129,1.3));
#10208=CARTESIAN_POINT('Ctrl Pts',(6.29911974524843,-19.0793861886884,1.5));
#10209=CARTESIAN_POINT('Ctrl Pts',(6.29911974524843,-19.0793861886884,1.3));
#10210=CARTESIAN_POINT('Ctrl Pts',(6.36959228686439,-19.0349369396,1.5));
#10211=CARTESIAN_POINT('Ctrl Pts',(6.36959228686439,-19.0349369396,1.3));
#10212=CARTESIAN_POINT('',(5.77716071545593,-19.3158959650829,1.5));
#10213=CARTESIAN_POINT('Ctrl Pts',(5.77716071545593,-19.3158959650829,1.5));
#10214=CARTESIAN_POINT('Ctrl Pts',(5.9059053005546,-19.2701975188335,1.5));
#10215=CARTESIAN_POINT('Ctrl Pts',(6.11332419705327,-19.196573286129,1.5));
#10216=CARTESIAN_POINT('Ctrl Pts',(6.29911974524843,-19.0793861886884,1.5));
#10217=CARTESIAN_POINT('Ctrl Pts',(6.36959228686439,-19.0349369396,1.5));
#10218=CARTESIAN_POINT('',(5.77716071545593,-19.3158959650829,1.3));
#10219=CARTESIAN_POINT('',(5.77716071545593,-19.3158959650829,1.5));
#10220=CARTESIAN_POINT('Ctrl Pts',(5.77716071545593,-19.3158959650829,1.3));
#10221=CARTESIAN_POINT('Ctrl Pts',(5.9059053005546,-19.2701975188335,1.3));
#10222=CARTESIAN_POINT('Ctrl Pts',(6.11332419705327,-19.196573286129,1.3));
#10223=CARTESIAN_POINT('Ctrl Pts',(6.29911974524843,-19.0793861886884,1.3));
#10224=CARTESIAN_POINT('Ctrl Pts',(6.36959228686439,-19.0349369396,1.3));
#10225=CARTESIAN_POINT('Origin',(5.59832400282064,-19.3809872052762,1.5));
#10226=CARTESIAN_POINT('',(5.59832400282064,-19.3809872052762,1.5));
#10227=CARTESIAN_POINT('',(13.4880874895774,-16.5093481406965,1.5));
#10228=CARTESIAN_POINT('',(5.59832400282064,-19.3809872052762,1.3));
#10229=CARTESIAN_POINT('',(5.59832400282064,-19.3809872052762,1.5));
#10230=CARTESIAN_POINT('',(5.59832400282064,-19.3809872052762,1.3));
#10231=CARTESIAN_POINT('Origin',(5.47340981148223,-18.5052782906246,1.5));
#10232=CARTESIAN_POINT('',(7.02307208878437,-29.3691605796785,1.5));
#10233=CARTESIAN_POINT('',(5.47340981148223,-18.5052782906246,1.3));
#10234=CARTESIAN_POINT('Origin',(6.04338684457586,-19.7481834033301,1.5));
#10235=CARTESIAN_POINT('',(6.04338684457586,-19.7481834033301,1.5));
#10236=CARTESIAN_POINT('',(5.67225308532453,-19.8832650446289,1.5));
#10237=CARTESIAN_POINT('',(13.7956574333106,-16.9265876610533,1.5));
#10238=CARTESIAN_POINT('',(6.04338684457586,-19.7481834033301,1.3));
#10239=CARTESIAN_POINT('',(6.04338684457586,-19.7481834033301,1.5));
#10240=CARTESIAN_POINT('',(5.67225308532453,-19.8832650446289,1.3));
#10241=CARTESIAN_POINT('',(6.04338684457586,-19.7481834033301,1.3));
#10242=CARTESIAN_POINT('',(5.67225308532453,-19.8832650446289,1.5));
#10243=CARTESIAN_POINT('Ctrl Pts',(6.5478983374044,-19.5427788364453,1.5));
#10244=CARTESIAN_POINT('Ctrl Pts',(6.5478983374044,-19.5427788364453,1.3));
#10245=CARTESIAN_POINT('Ctrl Pts',(6.4845657587223,-19.572102342901,1.5));
#10246=CARTESIAN_POINT('Ctrl Pts',(6.4845657587223,-19.572102342901,1.3));
#10247=CARTESIAN_POINT('Ctrl Pts',(6.31966628353431,-19.6484521604174,1.5));
#10248=CARTESIAN_POINT('Ctrl Pts',(6.31966628353431,-19.6484521604174,1.3));
#10249=CARTESIAN_POINT('Ctrl Pts',(6.1486941109488,-19.7101696278472,1.5));
#10250=CARTESIAN_POINT('Ctrl Pts',(6.1486941109488,-19.7101696278472,1.3));
#10251=CARTESIAN_POINT('Ctrl Pts',(6.04338684457586,-19.7481834033301,1.5));
#10252=CARTESIAN_POINT('Ctrl Pts',(6.04338684457586,-19.7481834033301,1.3));
#10253=CARTESIAN_POINT('',(6.5478983374044,-19.5427788364453,1.5));
#10254=CARTESIAN_POINT('Ctrl Pts',(6.5478983374044,-19.5427788364453,1.5));
#10255=CARTESIAN_POINT('Ctrl Pts',(6.4845657587223,-19.572102342901,1.5));
#10256=CARTESIAN_POINT('Ctrl Pts',(6.31966628353431,-19.6484521604174,1.5));
#10257=CARTESIAN_POINT('Ctrl Pts',(6.1486941109488,-19.7101696278472,1.5));
#10258=CARTESIAN_POINT('Ctrl Pts',(6.04338684457586,-19.7481834033301,1.5));
#10259=CARTESIAN_POINT('',(6.5478983374044,-19.5427788364453,1.3));
#10260=CARTESIAN_POINT('',(6.5478983374044,-19.5427788364453,1.5));
#10261=CARTESIAN_POINT('Ctrl Pts',(6.5478983374044,-19.5427788364453,1.3));
#10262=CARTESIAN_POINT('Ctrl Pts',(6.4845657587223,-19.572102342901,1.3));
#10263=CARTESIAN_POINT('Ctrl Pts',(6.31966628353431,-19.6484521604174,1.3));
#10264=CARTESIAN_POINT('Ctrl Pts',(6.1486941109488,-19.7101696278472,1.3));
#10265=CARTESIAN_POINT('Ctrl Pts',(6.04338684457586,-19.7481834033301,1.3));
#10266=CARTESIAN_POINT('Ctrl Pts',(6.88630898441636,-19.3118101570606,1.5));
#10267=CARTESIAN_POINT('Ctrl Pts',(6.88630898441636,-19.3118101570606,1.3));
#10268=CARTESIAN_POINT('Ctrl Pts',(6.83988920421942,-19.3514075143784,1.5));
#10269=CARTESIAN_POINT('Ctrl Pts',(6.83988920421942,-19.3514075143784,1.3));
#10270=CARTESIAN_POINT('Ctrl Pts',(6.73546941566557,-19.4404804841526,1.5));
#10271=CARTESIAN_POINT('Ctrl Pts',(6.73546941566557,-19.4404804841526,1.3));
#10272=CARTESIAN_POINT('Ctrl Pts',(6.61487985267276,-19.5062481585308,1.5));
#10273=CARTESIAN_POINT('Ctrl Pts',(6.61487985267276,-19.5062481585308,1.3));
#10274=CARTESIAN_POINT('Ctrl Pts',(6.5478983374044,-19.5427788364453,1.5));
#10275=CARTESIAN_POINT('Ctrl Pts',(6.5478983374044,-19.5427788364453,1.3));
#10276=CARTESIAN_POINT('',(6.88630898441636,-19.3118101570606,1.5));
#10277=CARTESIAN_POINT('Ctrl Pts',(6.88630898441636,-19.3118101570606,1.5));
#10278=CARTESIAN_POINT('Ctrl Pts',(6.83988920421942,-19.3514075143784,1.5));
#10279=CARTESIAN_POINT('Ctrl Pts',(6.73546941566557,-19.4404804841526,1.5));
#10280=CARTESIAN_POINT('Ctrl Pts',(6.61487985267276,-19.5062481585308,1.5));
#10281=CARTESIAN_POINT('Ctrl Pts',(6.5478983374044,-19.5427788364453,1.5));
#10282=CARTESIAN_POINT('',(6.88630898441636,-19.3118101570606,1.3));
#10283=CARTESIAN_POINT('',(6.88630898441636,-19.3118101570606,1.5));
#10284=CARTESIAN_POINT('Ctrl Pts',(6.88630898441636,-19.3118101570606,1.3));
#10285=CARTESIAN_POINT('Ctrl Pts',(6.83988920421942,-19.3514075143784,1.3));
#10286=CARTESIAN_POINT('Ctrl Pts',(6.73546941566557,-19.4404804841526,1.3));
#10287=CARTESIAN_POINT('Ctrl Pts',(6.61487985267276,-19.5062481585308,1.3));
#10288=CARTESIAN_POINT('Ctrl Pts',(6.5478983374044,-19.5427788364453,1.3));
#10289=CARTESIAN_POINT('Ctrl Pts',(7.07810916338704,-19.034029057123,1.5));
#10290=CARTESIAN_POINT('Ctrl Pts',(7.07810916338704,-19.034029057123,1.3));
#10291=CARTESIAN_POINT('Ctrl Pts',(7.05170104998266,-19.0862270557286,1.5));
#10292=CARTESIAN_POINT('Ctrl Pts',(7.05170104998266,-19.0862270557286,1.3));
#10293=CARTESIAN_POINT('Ctrl Pts',(7.00041266686836,-19.1876031331972,1.5));
#10294=CARTESIAN_POINT('Ctrl Pts',(7.00041266686836,-19.1876031331972,1.3));
#10295=CARTESIAN_POINT('Ctrl Pts',(6.92358062161929,-19.2712382926649,1.5));
#10296=CARTESIAN_POINT('Ctrl Pts',(6.92358062161929,-19.2712382926649,1.3));
#10297=CARTESIAN_POINT('Ctrl Pts',(6.88630898441636,-19.3118101570606,1.5));
#10298=CARTESIAN_POINT('Ctrl Pts',(6.88630898441636,-19.3118101570606,1.3));
#10299=CARTESIAN_POINT('',(7.07810916338704,-19.034029057123,1.5));
#10300=CARTESIAN_POINT('Ctrl Pts',(7.07810916338704,-19.034029057123,1.5));
#10301=CARTESIAN_POINT('Ctrl Pts',(7.05170104998266,-19.0862270557286,1.5));
#10302=CARTESIAN_POINT('Ctrl Pts',(7.00041266686836,-19.1876031331972,1.5));
#10303=CARTESIAN_POINT('Ctrl Pts',(6.92358062161929,-19.2712382926649,1.5));
#10304=CARTESIAN_POINT('Ctrl Pts',(6.88630898441636,-19.3118101570606,1.5));
#10305=CARTESIAN_POINT('',(7.07810916338704,-19.034029057123,1.3));
#10306=CARTESIAN_POINT('',(7.07810916338704,-19.034029057123,1.5));
#10307=CARTESIAN_POINT('Ctrl Pts',(7.07810916338704,-19.034029057123,1.3));
#10308=CARTESIAN_POINT('Ctrl Pts',(7.05170104998266,-19.0862270557286,1.3));
#10309=CARTESIAN_POINT('Ctrl Pts',(7.00041266686836,-19.1876031331972,1.3));
#10310=CARTESIAN_POINT('Ctrl Pts',(6.92358062161929,-19.2712382926649,1.3));
#10311=CARTESIAN_POINT('Ctrl Pts',(6.88630898441636,-19.3118101570606,1.3));
#10312=CARTESIAN_POINT('Ctrl Pts',(7.16339788372119,-18.6371295958988,1.5));
#10313=CARTESIAN_POINT('Ctrl Pts',(7.16339788372119,-18.6371295958988,1.3));
#10314=CARTESIAN_POINT('Ctrl Pts',(7.15842572806457,-18.7096845580887,1.5));
#10315=CARTESIAN_POINT('Ctrl Pts',(7.15842572806457,-18.7096845580887,1.3));
#10316=CARTESIAN_POINT('Ctrl Pts',(7.14906993620726,-18.8462066566197,1.5));
#10317=CARTESIAN_POINT('Ctrl Pts',(7.14906993620726,-18.8462066566197,1.3));
#10318=CARTESIAN_POINT('Ctrl Pts',(7.10074956815867,-18.9741033403703,1.5));
#10319=CARTESIAN_POINT('Ctrl Pts',(7.10074956815867,-18.9741033403703,1.3));
#10320=CARTESIAN_POINT('Ctrl Pts',(7.07810916338704,-19.034029057123,1.5));
#10321=CARTESIAN_POINT('Ctrl Pts',(7.07810916338704,-19.034029057123,1.3));
#10322=CARTESIAN_POINT('',(7.16339788372119,-18.6371295958988,1.5));
#10323=CARTESIAN_POINT('Ctrl Pts',(7.16339788372119,-18.6371295958988,1.5));
#10324=CARTESIAN_POINT('Ctrl Pts',(7.15842572806457,-18.7096845580887,1.5));
#10325=CARTESIAN_POINT('Ctrl Pts',(7.14906993620726,-18.8462066566197,1.5));
#10326=CARTESIAN_POINT('Ctrl Pts',(7.10074956815867,-18.9741033403703,1.5));
#10327=CARTESIAN_POINT('Ctrl Pts',(7.07810916338704,-19.034029057123,1.5));
#10328=CARTESIAN_POINT('',(7.16339788372119,-18.6371295958988,1.3));
#10329=CARTESIAN_POINT('',(7.16339788372119,-18.6371295958988,1.5));
#10330=CARTESIAN_POINT('Ctrl Pts',(7.16339788372119,-18.6371295958988,1.3));
#10331=CARTESIAN_POINT('Ctrl Pts',(7.15842572806457,-18.7096845580887,1.3));
#10332=CARTESIAN_POINT('Ctrl Pts',(7.14906993620726,-18.8462066566197,1.3));
#10333=CARTESIAN_POINT('Ctrl Pts',(7.10074956815867,-18.9741033403703,1.3));
#10334=CARTESIAN_POINT('Ctrl Pts',(7.07810916338704,-19.034029057123,1.3));
#10335=CARTESIAN_POINT('Ctrl Pts',(7.09490607531773,-18.1916716689432,1.5));
#10336=CARTESIAN_POINT('Ctrl Pts',(7.09490607531773,-18.1916716689432,1.3));
#10337=CARTESIAN_POINT('Ctrl Pts',(7.11717329127183,-18.2638107811826,1.5));
#10338=CARTESIAN_POINT('Ctrl Pts',(7.11717329127183,-18.2638107811826,1.3));
#10339=CARTESIAN_POINT('Ctrl Pts',(7.16196061249801,-18.4089082913294,1.5));
#10340=CARTESIAN_POINT('Ctrl Pts',(7.16196061249801,-18.4089082913294,1.3));
#10341=CARTESIAN_POINT('Ctrl Pts',(7.16291699326178,-18.5607700012504,1.5));
#10342=CARTESIAN_POINT('Ctrl Pts',(7.16291699326178,-18.5607700012504,1.3));
#10343=CARTESIAN_POINT('Ctrl Pts',(7.16339788372119,-18.6371295958988,1.5));
#10344=CARTESIAN_POINT('Ctrl Pts',(7.16339788372119,-18.6371295958988,1.3));
#10345=CARTESIAN_POINT('',(7.09490607531773,-18.1916716689432,1.5));
#10346=CARTESIAN_POINT('Ctrl Pts',(7.09490607531773,-18.1916716689432,1.5));
#10347=CARTESIAN_POINT('Ctrl Pts',(7.11717329127183,-18.2638107811826,1.5));
#10348=CARTESIAN_POINT('Ctrl Pts',(7.16196061249801,-18.4089082913294,1.5));
#10349=CARTESIAN_POINT('Ctrl Pts',(7.16291699326178,-18.5607700012504,1.5));
#10350=CARTESIAN_POINT('Ctrl Pts',(7.16339788372119,-18.6371295958988,1.5));
#10351=CARTESIAN_POINT('',(7.09490607531773,-18.1916716689432,1.3));
#10352=CARTESIAN_POINT('',(7.09490607531773,-18.1916716689432,1.5));
#10353=CARTESIAN_POINT('Ctrl Pts',(7.09490607531773,-18.1916716689432,1.3));
#10354=CARTESIAN_POINT('Ctrl Pts',(7.11717329127183,-18.2638107811826,1.3));
#10355=CARTESIAN_POINT('Ctrl Pts',(7.16196061249801,-18.4089082913294,1.3));
#10356=CARTESIAN_POINT('Ctrl Pts',(7.16291699326178,-18.5607700012504,1.3));
#10357=CARTESIAN_POINT('Ctrl Pts',(7.16339788372119,-18.6371295958988,1.3));
#10358=CARTESIAN_POINT('Ctrl Pts',(6.84653534913963,-17.8323726224423,1.5));
#10359=CARTESIAN_POINT('Ctrl Pts',(6.84653534913963,-17.8323726224423,1.3));
#10360=CARTESIAN_POINT('Ctrl Pts',(6.89852086964957,-17.8810129238471,1.5));
#10361=CARTESIAN_POINT('Ctrl Pts',(6.89852086964957,-17.8810129238471,1.3));
#10362=CARTESIAN_POINT('Ctrl Pts',(7.00716873333571,-17.9826694002054,1.5));
#10363=CARTESIAN_POINT('Ctrl Pts',(7.00716873333571,-17.9826694002054,1.3));
#10364=CARTESIAN_POINT('Ctrl Pts',(7.06483289668519,-18.12003327165,1.5));
#10365=CARTESIAN_POINT('Ctrl Pts',(7.06483289668519,-18.12003327165,1.3));
#10366=CARTESIAN_POINT('Ctrl Pts',(7.09490607531773,-18.1916716689432,1.5));
#10367=CARTESIAN_POINT('Ctrl Pts',(7.09490607531773,-18.1916716689432,1.3));
#10368=CARTESIAN_POINT('',(6.84653534913963,-17.8323726224423,1.5));
#10369=CARTESIAN_POINT('Ctrl Pts',(6.84653534913963,-17.8323726224423,1.5));
#10370=CARTESIAN_POINT('Ctrl Pts',(6.89852086964957,-17.8810129238471,1.5));
#10371=CARTESIAN_POINT('Ctrl Pts',(7.00716873333571,-17.9826694002054,1.5));
#10372=CARTESIAN_POINT('Ctrl Pts',(7.06483289668519,-18.12003327165,1.5));
#10373=CARTESIAN_POINT('Ctrl Pts',(7.09490607531773,-18.1916716689432,1.5));
#10374=CARTESIAN_POINT('',(6.84653534913963,-17.8323726224423,1.3));
#10375=CARTESIAN_POINT('',(6.84653534913963,-17.8323726224423,1.5));
#10376=CARTESIAN_POINT('Ctrl Pts',(6.84653534913963,-17.8323726224423,1.3));
#10377=CARTESIAN_POINT('Ctrl Pts',(6.89852086964957,-17.8810129238471,1.3));
#10378=CARTESIAN_POINT('Ctrl Pts',(7.00716873333571,-17.9826694002054,1.3));
#10379=CARTESIAN_POINT('Ctrl Pts',(7.06483289668519,-18.12003327165,1.3));
#10380=CARTESIAN_POINT('Ctrl Pts',(7.09490607531773,-18.1916716689432,1.3));
#10381=CARTESIAN_POINT('Ctrl Pts',(6.478032254002,-17.6964596763043,1.5));
#10382=CARTESIAN_POINT('Ctrl Pts',(6.478032254002,-17.6964596763043,1.3));
#10383=CARTESIAN_POINT('Ctrl Pts',(6.544572538403,-17.7040878864751,1.5));
#10384=CARTESIAN_POINT('Ctrl Pts',(6.544572538403,-17.7040878864751,1.3));
#10385=CARTESIAN_POINT('Ctrl Pts',(6.67842484633262,-17.7194327793612,1.5));
#10386=CARTESIAN_POINT('Ctrl Pts',(6.67842484633262,-17.7194327793612,1.3));
#10387=CARTESIAN_POINT('Ctrl Pts',(6.79028353730835,-17.7945815820541,1.5));
#10388=CARTESIAN_POINT('Ctrl Pts',(6.79028353730835,-17.7945815820541,1.3));
#10389=CARTESIAN_POINT('Ctrl Pts',(6.84653534913963,-17.8323726224423,1.5));
#10390=CARTESIAN_POINT('Ctrl Pts',(6.84653534913963,-17.8323726224423,1.3));
#10391=CARTESIAN_POINT('',(6.478032254002,-17.6964596763043,1.5));
#10392=CARTESIAN_POINT('Ctrl Pts',(6.478032254002,-17.6964596763043,1.5));
#10393=CARTESIAN_POINT('Ctrl Pts',(6.544572538403,-17.7040878864751,1.5));
#10394=CARTESIAN_POINT('Ctrl Pts',(6.67842484633262,-17.7194327793612,1.5));
#10395=CARTESIAN_POINT('Ctrl Pts',(6.79028353730835,-17.7945815820541,1.5));
#10396=CARTESIAN_POINT('Ctrl Pts',(6.84653534913963,-17.8323726224423,1.5));
#10397=CARTESIAN_POINT('',(6.478032254002,-17.6964596763043,1.3));
#10398=CARTESIAN_POINT('',(6.478032254002,-17.6964596763043,1.5));
#10399=CARTESIAN_POINT('Ctrl Pts',(6.478032254002,-17.6964596763043,1.3));
#10400=CARTESIAN_POINT('Ctrl Pts',(6.544572538403,-17.7040878864751,1.3));
#10401=CARTESIAN_POINT('Ctrl Pts',(6.67842484633262,-17.7194327793612,1.3));
#10402=CARTESIAN_POINT('Ctrl Pts',(6.79028353730835,-17.7945815820541,1.3));
#10403=CARTESIAN_POINT('Ctrl Pts',(6.84653534913963,-17.8323726224423,1.3));
#10404=CARTESIAN_POINT('Ctrl Pts',(5.96815821060155,-17.8003745089133,1.5));
#10405=CARTESIAN_POINT('Ctrl Pts',(5.96815821060155,-17.8003745089133,1.3));
#10406=CARTESIAN_POINT('Ctrl Pts',(6.06065011123266,-17.7681953520214,1.5));
#10407=CARTESIAN_POINT('Ctrl Pts',(6.06065011123266,-17.7681953520214,1.3));
#10408=CARTESIAN_POINT('Ctrl Pts',(6.22619163116104,-17.710601265344,1.5));
#10409=CARTESIAN_POINT('Ctrl Pts',(6.22619163116104,-17.710601265344,1.3));
#10410=CARTESIAN_POINT('Ctrl Pts',(6.40092603085463,-17.7007894167086,1.5));
#10411=CARTESIAN_POINT('Ctrl Pts',(6.40092603085463,-17.7007894167086,1.3));
#10412=CARTESIAN_POINT('Ctrl Pts',(6.478032254002,-17.6964596763043,1.5));
#10413=CARTESIAN_POINT('Ctrl Pts',(6.478032254002,-17.6964596763043,1.3));
#10414=CARTESIAN_POINT('',(5.96815821060155,-17.8003745089133,1.5));
#10415=CARTESIAN_POINT('Ctrl Pts',(5.96815821060155,-17.8003745089133,1.5));
#10416=CARTESIAN_POINT('Ctrl Pts',(6.06065011123266,-17.7681953520214,1.5));
#10417=CARTESIAN_POINT('Ctrl Pts',(6.22619163116104,-17.710601265344,1.5));
#10418=CARTESIAN_POINT('Ctrl Pts',(6.40092603085463,-17.7007894167086,1.5));
#10419=CARTESIAN_POINT('Ctrl Pts',(6.478032254002,-17.6964596763043,1.5));
#10420=CARTESIAN_POINT('',(5.96815821060155,-17.8003745089133,1.3));
#10421=CARTESIAN_POINT('',(5.96815821060155,-17.8003745089133,1.5));
#10422=CARTESIAN_POINT('Ctrl Pts',(5.96815821060155,-17.8003745089133,1.3));
#10423=CARTESIAN_POINT('Ctrl Pts',(6.06065011123266,-17.7681953520214,1.3));
#10424=CARTESIAN_POINT('Ctrl Pts',(6.22619163116104,-17.710601265344,1.3));
#10425=CARTESIAN_POINT('Ctrl Pts',(6.40092603085463,-17.7007894167086,1.3));
#10426=CARTESIAN_POINT('Ctrl Pts',(6.478032254002,-17.6964596763043,1.3));
#10427=CARTESIAN_POINT('Origin',(4.82206611006457,-18.2175179192364,1.5));
#10428=CARTESIAN_POINT('',(4.82206611006457,-18.2175179192364,1.5));
#10429=CARTESIAN_POINT('',(12.8675901709742,-15.2891866419927,1.5));
#10430=CARTESIAN_POINT('',(4.82206611006457,-18.2175179192364,1.3));
#10431=CARTESIAN_POINT('',(4.82206611006457,-18.2175179192364,1.5));
#10432=CARTESIAN_POINT('',(4.82206611006457,-18.2175179192364,1.3));
#10433=CARTESIAN_POINT('Origin',(5.25777398678378,-21.2514666655629,1.5));
#10434=CARTESIAN_POINT('',(5.25777398678378,-21.2514666655629,1.5));
#10435=CARTESIAN_POINT('',(6.62815962901344,-30.793822962936,1.5));
#10436=CARTESIAN_POINT('',(5.25777398678378,-21.2514666655629,1.3));
#10437=CARTESIAN_POINT('',(5.25777398678378,-21.2514666655629,1.5));
#10438=CARTESIAN_POINT('',(5.25777398678378,-21.2514666655629,1.3));
#10439=CARTESIAN_POINT('Origin',(5.83851189651289,-21.0400953525115,1.5));
#10440=CARTESIAN_POINT('',(5.83851189651289,-21.0400953525115,1.5));
#10441=CARTESIAN_POINT('',(13.8888432995729,-18.1100143458192,1.5));
#10442=CARTESIAN_POINT('',(5.83851189651289,-21.0400953525115,1.3));
#10443=CARTESIAN_POINT('',(5.83851189651289,-21.0400953525115,1.5));
#10444=CARTESIAN_POINT('',(5.83851189651289,-21.0400953525115,1.3));
#10445=CARTESIAN_POINT('Origin',(5.67225308532453,-19.8832650446289,1.5));
#10446=CARTESIAN_POINT('',(7.13595507466175,-30.0677166888493,1.5));
#10447=CARTESIAN_POINT('',(5.67225308532453,-19.8832650446289,1.3));
#10448=CARTESIAN_POINT('Origin',(2.26422784695935,-21.1174146568875,1.3));
#10449=CARTESIAN_POINT('Ctrl Pts',(0.762592302425827,-22.393237139357,1.5));
#10450=CARTESIAN_POINT('Ctrl Pts',(0.762592302425827,-22.393237139357,1.3));
#10451=CARTESIAN_POINT('Ctrl Pts',(0.834132441675496,-22.3598994755879,
1.5));
#10452=CARTESIAN_POINT('Ctrl Pts',(0.834132441675496,-22.3598994755879,
1.3));
#10453=CARTESIAN_POINT('Ctrl Pts',(0.979383140161746,-22.2922127335834,
1.5));
#10454=CARTESIAN_POINT('Ctrl Pts',(0.979383140161746,-22.2922127335834,
1.3));
#10455=CARTESIAN_POINT('Ctrl Pts',(1.07390868334886,-22.162690368209,1.5));
#10456=CARTESIAN_POINT('Ctrl Pts',(1.07390868334886,-22.162690368209,1.3));
#10457=CARTESIAN_POINT('Ctrl Pts',(1.12187768262443,-22.0969614864557,1.5));
#10458=CARTESIAN_POINT('Ctrl Pts',(1.12187768262443,-22.0969614864557,1.3));
#10459=CARTESIAN_POINT('',(0.762592302425827,-22.393237139357,1.5));
#10460=CARTESIAN_POINT('',(1.12187768262443,-22.0969614864557,1.5));
#10461=CARTESIAN_POINT('Ctrl Pts',(0.762592302425827,-22.393237139357,1.5));
#10462=CARTESIAN_POINT('Ctrl Pts',(0.834132441675496,-22.3598994755879,
1.5));
#10463=CARTESIAN_POINT('Ctrl Pts',(0.979383140161746,-22.2922127335834,
1.5));
#10464=CARTESIAN_POINT('Ctrl Pts',(1.07390868334886,-22.162690368209,1.5));
#10465=CARTESIAN_POINT('Ctrl Pts',(1.12187768262443,-22.0969614864557,1.5));
#10466=CARTESIAN_POINT('',(0.762592302425827,-22.393237139357,1.3));
#10467=CARTESIAN_POINT('',(0.762592302425827,-22.393237139357,1.5));
#10468=CARTESIAN_POINT('',(1.12187768262443,-22.0969614864557,1.3));
#10469=CARTESIAN_POINT('Ctrl Pts',(0.762592302425827,-22.393237139357,1.3));
#10470=CARTESIAN_POINT('Ctrl Pts',(0.834132441675496,-22.3598994755879,
1.3));
#10471=CARTESIAN_POINT('Ctrl Pts',(0.979383140161746,-22.2922127335834,
1.3));
#10472=CARTESIAN_POINT('Ctrl Pts',(1.07390868334886,-22.162690368209,1.3));
#10473=CARTESIAN_POINT('Ctrl Pts',(1.12187768262443,-22.0969614864557,1.3));
#10474=CARTESIAN_POINT('',(1.12187768262443,-22.0969614864557,1.5));
#10475=CARTESIAN_POINT('Ctrl Pts',(0.290615794805996,-22.3559619035009,
1.5));
#10476=CARTESIAN_POINT('Ctrl Pts',(0.290615794805996,-22.3559619035009,
1.3));
#10477=CARTESIAN_POINT('Ctrl Pts',(0.367528201646213,-22.3889438563009,
1.5));
#10478=CARTESIAN_POINT('Ctrl Pts',(0.367528201646213,-22.3889438563009,
1.3));
#10479=CARTESIAN_POINT('Ctrl Pts',(0.520699207702496,-22.4546273929321,
1.5));
#10480=CARTESIAN_POINT('Ctrl Pts',(0.520699207702496,-22.4546273929321,
1.3));
#10481=CARTESIAN_POINT('Ctrl Pts',(0.682191045832358,-22.4136422424282,
1.5));
#10482=CARTESIAN_POINT('Ctrl Pts',(0.682191045832358,-22.4136422424282,
1.3));
#10483=CARTESIAN_POINT('Ctrl Pts',(0.762592302425827,-22.393237139357,1.5));
#10484=CARTESIAN_POINT('Ctrl Pts',(0.762592302425827,-22.393237139357,1.3));
#10485=CARTESIAN_POINT('',(0.290615794805996,-22.3559619035009,1.5));
#10486=CARTESIAN_POINT('Ctrl Pts',(0.290615794805996,-22.3559619035009,
1.5));
#10487=CARTESIAN_POINT('Ctrl Pts',(0.367528201646213,-22.3889438563009,
1.5));
#10488=CARTESIAN_POINT('Ctrl Pts',(0.520699207702496,-22.4546273929321,
1.5));
#10489=CARTESIAN_POINT('Ctrl Pts',(0.682191045832358,-22.4136422424282,
1.5));
#10490=CARTESIAN_POINT('Ctrl Pts',(0.762592302425827,-22.393237139357,1.5));
#10491=CARTESIAN_POINT('',(0.290615794805996,-22.3559619035009,1.3));
#10492=CARTESIAN_POINT('',(0.290615794805996,-22.3559619035009,1.5));
#10493=CARTESIAN_POINT('Ctrl Pts',(0.290615794805996,-22.3559619035009,
1.3));
#10494=CARTESIAN_POINT('Ctrl Pts',(0.367528201646213,-22.3889438563009,
1.3));
#10495=CARTESIAN_POINT('Ctrl Pts',(0.520699207702496,-22.4546273929321,
1.3));
#10496=CARTESIAN_POINT('Ctrl Pts',(0.682191045832358,-22.4136422424282,
1.3));
#10497=CARTESIAN_POINT('Ctrl Pts',(0.762592302425827,-22.393237139357,1.3));
#10498=CARTESIAN_POINT('Ctrl Pts',(-0.0622496583855281,-21.8920552167566,
1.5));
#10499=CARTESIAN_POINT('Ctrl Pts',(-0.0622496583855281,-21.8920552167566,
1.3));
#10500=CARTESIAN_POINT('Ctrl Pts',(-0.0206508607779254,-21.9936773591106,
1.5));
#10501=CARTESIAN_POINT('Ctrl Pts',(-0.0206508607779254,-21.9936773591106,
1.3));
#10502=CARTESIAN_POINT('Ctrl Pts',(0.0558770361730254,-22.1806281674335,
1.5));
#10503=CARTESIAN_POINT('Ctrl Pts',(0.0558770361730254,-22.1806281674335,
1.3));
#10504=CARTESIAN_POINT('Ctrl Pts',(0.2170518760514,-22.3010147069232,1.5));
#10505=CARTESIAN_POINT('Ctrl Pts',(0.2170518760514,-22.3010147069232,1.3));
#10506=CARTESIAN_POINT('Ctrl Pts',(0.290615794805996,-22.3559619035009,
1.5));
#10507=CARTESIAN_POINT('Ctrl Pts',(0.290615794805996,-22.3559619035009,
1.3));
#10508=CARTESIAN_POINT('',(-0.0622496583855281,-21.8920552167566,1.5));
#10509=CARTESIAN_POINT('Ctrl Pts',(-0.0622496583855281,-21.8920552167566,
1.5));
#10510=CARTESIAN_POINT('Ctrl Pts',(-0.0206508607779254,-21.9936773591106,
1.5));
#10511=CARTESIAN_POINT('Ctrl Pts',(0.0558770361730254,-22.1806281674335,
1.5));
#10512=CARTESIAN_POINT('Ctrl Pts',(0.2170518760514,-22.3010147069232,1.5));
#10513=CARTESIAN_POINT('Ctrl Pts',(0.290615794805996,-22.3559619035009,
1.5));
#10514=CARTESIAN_POINT('',(-0.0622496583855281,-21.8920552167566,1.3));
#10515=CARTESIAN_POINT('',(-0.0622496583855281,-21.8920552167566,1.5));
#10516=CARTESIAN_POINT('Ctrl Pts',(-0.0622496583855281,-21.8920552167566,
1.3));
#10517=CARTESIAN_POINT('Ctrl Pts',(-0.0206508607779254,-21.9936773591106,
1.3));
#10518=CARTESIAN_POINT('Ctrl Pts',(0.0558770361730254,-22.1806281674335,
1.3));
#10519=CARTESIAN_POINT('Ctrl Pts',(0.2170518760514,-22.3010147069232,1.3));
#10520=CARTESIAN_POINT('Ctrl Pts',(0.290615794805996,-22.3559619035009,
1.3));
#10521=CARTESIAN_POINT('Ctrl Pts',(-0.162975341908794,-21.2264023322896,
1.5));
#10522=CARTESIAN_POINT('Ctrl Pts',(-0.162975341908794,-21.2264023322896,
1.3));
#10523=CARTESIAN_POINT('Ctrl Pts',(-0.162156348016169,-21.3420714247318,
1.5));
#10524=CARTESIAN_POINT('Ctrl Pts',(-0.162156348016169,-21.3420714247318,
1.3));
#10525=CARTESIAN_POINT('Ctrl Pts',(-0.160550596225003,-21.5688568184253,
1.5));
#10526=CARTESIAN_POINT('Ctrl Pts',(-0.160550596225003,-21.5688568184253,
1.3));
#10527=CARTESIAN_POINT('Ctrl Pts',(-0.0945751447197873,-21.7857739783662,
1.5));
#10528=CARTESIAN_POINT('Ctrl Pts',(-0.0945751447197873,-21.7857739783662,
1.3));
#10529=CARTESIAN_POINT('Ctrl Pts',(-0.0622496583855281,-21.8920552167566,
1.5));
#10530=CARTESIAN_POINT('Ctrl Pts',(-0.0622496583855281,-21.8920552167566,
1.3));
#10531=CARTESIAN_POINT('',(-0.162975341908794,-21.2264023322896,1.5));
#10532=CARTESIAN_POINT('Ctrl Pts',(-0.162975341908794,-21.2264023322896,
1.5));
#10533=CARTESIAN_POINT('Ctrl Pts',(-0.162156348016169,-21.3420714247318,
1.5));
#10534=CARTESIAN_POINT('Ctrl Pts',(-0.160550596225003,-21.5688568184253,
1.5));
#10535=CARTESIAN_POINT('Ctrl Pts',(-0.0945751447197873,-21.7857739783662,
1.5));
#10536=CARTESIAN_POINT('Ctrl Pts',(-0.0622496583855281,-21.8920552167566,
1.5));
#10537=CARTESIAN_POINT('',(-0.162975341908794,-21.2264023322896,1.3));
#10538=CARTESIAN_POINT('',(-0.162975341908794,-21.2264023322896,1.5));
#10539=CARTESIAN_POINT('Ctrl Pts',(-0.162975341908794,-21.2264023322896,
1.3));
#10540=CARTESIAN_POINT('Ctrl Pts',(-0.162156348016169,-21.3420714247318,
1.3));
#10541=CARTESIAN_POINT('Ctrl Pts',(-0.160550596225003,-21.5688568184253,
1.3));
#10542=CARTESIAN_POINT('Ctrl Pts',(-0.0945751447197873,-21.7857739783662,
1.3));
#10543=CARTESIAN_POINT('Ctrl Pts',(-0.0622496583855281,-21.8920552167566,
1.3));
#10544=CARTESIAN_POINT('Ctrl Pts',(0.00443289688863979,-20.6482630010777,
1.5));
#10545=CARTESIAN_POINT('Ctrl Pts',(0.00443289688863979,-20.6482630010777,
1.3));
#10546=CARTESIAN_POINT('Ctrl Pts',(-0.0414714577630504,-20.7316357055118,
1.5));
#10547=CARTESIAN_POINT('Ctrl Pts',(-0.0414714577630504,-20.7316357055118,
1.3));
#10548=CARTESIAN_POINT('Ctrl Pts',(-0.140425383267834,-20.9113584452453,
1.5));
#10549=CARTESIAN_POINT('Ctrl Pts',(-0.140425383267834,-20.9113584452453,
1.3));
#10550=CARTESIAN_POINT('Ctrl Pts',(-0.155105354327445,-21.1164512890041,
1.5));
#10551=CARTESIAN_POINT('Ctrl Pts',(-0.155105354327445,-21.1164512890041,
1.3));
#10552=CARTESIAN_POINT('Ctrl Pts',(-0.162975341908794,-21.2264023322896,
1.5));
#10553=CARTESIAN_POINT('Ctrl Pts',(-0.162975341908794,-21.2264023322896,
1.3));
#10554=CARTESIAN_POINT('',(0.00443289688863979,-20.6482630010777,1.5));
#10555=CARTESIAN_POINT('Ctrl Pts',(0.00443289688863979,-20.6482630010777,
1.5));
#10556=CARTESIAN_POINT('Ctrl Pts',(-0.0414714577630504,-20.7316357055118,
1.5));
#10557=CARTESIAN_POINT('Ctrl Pts',(-0.140425383267834,-20.9113584452453,
1.5));
#10558=CARTESIAN_POINT('Ctrl Pts',(-0.155105354327445,-21.1164512890041,
1.5));
#10559=CARTESIAN_POINT('Ctrl Pts',(-0.162975341908794,-21.2264023322896,
1.5));
#10560=CARTESIAN_POINT('',(0.00443289688863979,-20.6482630010777,1.3));
#10561=CARTESIAN_POINT('',(0.00443289688863979,-20.6482630010777,1.5));
#10562=CARTESIAN_POINT('Ctrl Pts',(0.00443289688863979,-20.6482630010777,
1.3));
#10563=CARTESIAN_POINT('Ctrl Pts',(-0.0414714577630504,-20.7316357055118,
1.3));
#10564=CARTESIAN_POINT('Ctrl Pts',(-0.140425383267834,-20.9113584452453,
1.3));
#10565=CARTESIAN_POINT('Ctrl Pts',(-0.155105354327445,-21.1164512890041,
1.3));
#10566=CARTESIAN_POINT('Ctrl Pts',(-0.162975341908794,-21.2264023322896,
1.3));
#10567=CARTESIAN_POINT('Ctrl Pts',(0.40025418944987,-20.3386893635947,1.5));
#10568=CARTESIAN_POINT('Ctrl Pts',(0.40025418944987,-20.3386893635947,1.3));
#10569=CARTESIAN_POINT('Ctrl Pts',(0.323279557338814,-20.3740213116139,
1.5));
#10570=CARTESIAN_POINT('Ctrl Pts',(0.323279557338814,-20.3740213116139,
1.3));
#10571=CARTESIAN_POINT('Ctrl Pts',(0.166896852438596,-20.4458021756351,
1.5));
#10572=CARTESIAN_POINT('Ctrl Pts',(0.166896852438596,-20.4458021756351,
1.3));
#10573=CARTESIAN_POINT('Ctrl Pts',(0.0591464430856048,-20.580079571169,
1.5));
#10574=CARTESIAN_POINT('Ctrl Pts',(0.0591464430856048,-20.580079571169,
1.3));
#10575=CARTESIAN_POINT('Ctrl Pts',(0.00443289688863979,-20.6482630010777,
1.5));
#10576=CARTESIAN_POINT('Ctrl Pts',(0.00443289688863979,-20.6482630010777,
1.3));
#10577=CARTESIAN_POINT('',(0.40025418944987,-20.3386893635947,1.5));
#10578=CARTESIAN_POINT('Ctrl Pts',(0.40025418944987,-20.3386893635947,1.5));
#10579=CARTESIAN_POINT('Ctrl Pts',(0.323279557338814,-20.3740213116139,
1.5));
#10580=CARTESIAN_POINT('Ctrl Pts',(0.166896852438596,-20.4458021756351,
1.5));
#10581=CARTESIAN_POINT('Ctrl Pts',(0.0591464430856048,-20.580079571169,
1.5));
#10582=CARTESIAN_POINT('Ctrl Pts',(0.00443289688863979,-20.6482630010777,
1.5));
#10583=CARTESIAN_POINT('',(0.40025418944987,-20.3386893635947,1.3));
#10584=CARTESIAN_POINT('',(0.40025418944987,-20.3386893635947,1.5));
#10585=CARTESIAN_POINT('Ctrl Pts',(0.40025418944987,-20.3386893635947,1.3));
#10586=CARTESIAN_POINT('Ctrl Pts',(0.323279557338814,-20.3740213116139,
1.3));
#10587=CARTESIAN_POINT('Ctrl Pts',(0.166896852438596,-20.4458021756351,
1.3));
#10588=CARTESIAN_POINT('Ctrl Pts',(0.0591464430856048,-20.580079571169,
1.3));
#10589=CARTESIAN_POINT('Ctrl Pts',(0.00443289688863979,-20.6482630010777,
1.3));
#10590=CARTESIAN_POINT('Ctrl Pts',(0.791441480388246,-20.3215277773837,
1.5));
#10591=CARTESIAN_POINT('Ctrl Pts',(0.791441480388246,-20.3215277773837,
1.3));
#10592=CARTESIAN_POINT('Ctrl Pts',(0.73001766697088,-20.3074047391378,1.5));
#10593=CARTESIAN_POINT('Ctrl Pts',(0.73001766697088,-20.3074047391378,1.3));
#10594=CARTESIAN_POINT('Ctrl Pts',(0.598472334093679,-20.2771588188029,
1.5));
#10595=CARTESIAN_POINT('Ctrl Pts',(0.598472334093679,-20.2771588188029,
1.3));
#10596=CARTESIAN_POINT('Ctrl Pts',(0.469176559813961,-20.3172945967106,
1.5));
#10597=CARTESIAN_POINT('Ctrl Pts',(0.469176559813961,-20.3172945967106,
1.3));
#10598=CARTESIAN_POINT('Ctrl Pts',(0.40025418944987,-20.3386893635947,1.5));
#10599=CARTESIAN_POINT('Ctrl Pts',(0.40025418944987,-20.3386893635947,1.3));
#10600=CARTESIAN_POINT('',(0.791441480388246,-20.3215277773837,1.5));
#10601=CARTESIAN_POINT('Ctrl Pts',(0.791441480388246,-20.3215277773837,
1.5));
#10602=CARTESIAN_POINT('Ctrl Pts',(0.73001766697088,-20.3074047391378,1.5));
#10603=CARTESIAN_POINT('Ctrl Pts',(0.598472334093679,-20.2771588188029,
1.5));
#10604=CARTESIAN_POINT('Ctrl Pts',(0.469176559813961,-20.3172945967106,
1.5));
#10605=CARTESIAN_POINT('Ctrl Pts',(0.40025418944987,-20.3386893635947,1.5));
#10606=CARTESIAN_POINT('',(0.791441480388246,-20.3215277773837,1.3));
#10607=CARTESIAN_POINT('',(0.791441480388246,-20.3215277773837,1.5));
#10608=CARTESIAN_POINT('Ctrl Pts',(0.791441480388246,-20.3215277773837,
1.3));
#10609=CARTESIAN_POINT('Ctrl Pts',(0.73001766697088,-20.3074047391378,1.3));
#10610=CARTESIAN_POINT('Ctrl Pts',(0.598472334093679,-20.2771588188029,
1.3));
#10611=CARTESIAN_POINT('Ctrl Pts',(0.469176559813961,-20.3172945967106,
1.3));
#10612=CARTESIAN_POINT('Ctrl Pts',(0.40025418944987,-20.3386893635947,1.3));
#10613=CARTESIAN_POINT('Ctrl Pts',(1.09914874964624,-20.613497737324,1.5));
#10614=CARTESIAN_POINT('Ctrl Pts',(1.09914874964624,-20.613497737324,1.3));
#10615=CARTESIAN_POINT('Ctrl Pts',(1.05591467655969,-20.5454500073671,1.5));
#10616=CARTESIAN_POINT('Ctrl Pts',(1.05591467655969,-20.5454500073671,1.3));
#10617=CARTESIAN_POINT('Ctrl Pts',(0.977397215971104,-20.4218684298383,
1.5));
#10618=CARTESIAN_POINT('Ctrl Pts',(0.977397215971104,-20.4218684298383,
1.3));
#10619=CARTESIAN_POINT('Ctrl Pts',(0.849096132237334,-20.3526378981092,
1.5));
#10620=CARTESIAN_POINT('Ctrl Pts',(0.849096132237334,-20.3526378981092,
1.3));
#10621=CARTESIAN_POINT('Ctrl Pts',(0.791441480388246,-20.3215277773837,
1.5));
#10622=CARTESIAN_POINT('Ctrl Pts',(0.791441480388246,-20.3215277773837,
1.3));
#10623=CARTESIAN_POINT('',(1.09914874964624,-20.613497737324,1.5));
#10624=CARTESIAN_POINT('Ctrl Pts',(1.09914874964624,-20.613497737324,1.5));
#10625=CARTESIAN_POINT('Ctrl Pts',(1.05591467655969,-20.5454500073671,1.5));
#10626=CARTESIAN_POINT('Ctrl Pts',(0.977397215971104,-20.4218684298383,
1.5));
#10627=CARTESIAN_POINT('Ctrl Pts',(0.849096132237334,-20.3526378981092,
1.5));
#10628=CARTESIAN_POINT('Ctrl Pts',(0.791441480388246,-20.3215277773837,
1.5));
#10629=CARTESIAN_POINT('',(1.09914874964624,-20.613497737324,1.3));
#10630=CARTESIAN_POINT('',(1.09914874964624,-20.613497737324,1.5));
#10631=CARTESIAN_POINT('Ctrl Pts',(1.09914874964624,-20.613497737324,1.3));
#10632=CARTESIAN_POINT('Ctrl Pts',(1.05591467655969,-20.5454500073671,1.3));
#10633=CARTESIAN_POINT('Ctrl Pts',(0.977397215971104,-20.4218684298383,
1.3));
#10634=CARTESIAN_POINT('Ctrl Pts',(0.849096132237334,-20.3526378981092,
1.3));
#10635=CARTESIAN_POINT('Ctrl Pts',(0.791441480388246,-20.3215277773837,
1.3));
#10636=CARTESIAN_POINT('Origin',(1.63529044082421,-20.3573822865851,1.5));
#10637=CARTESIAN_POINT('',(1.63529044082421,-20.3573822865851,1.5));
#10638=CARTESIAN_POINT('',(9.88909465381672,-16.4145313180724,1.5));
#10639=CARTESIAN_POINT('',(1.63529044082421,-20.3573822865851,1.3));
#10640=CARTESIAN_POINT('',(1.63529044082421,-20.3573822865851,1.5));
#10641=CARTESIAN_POINT('',(1.63529044082421,-20.3573822865851,1.3));
#10642=CARTESIAN_POINT('Ctrl Pts',(1.05939910059537,-19.8102330073285,1.5));
#10643=CARTESIAN_POINT('Ctrl Pts',(1.05939910059537,-19.8102330073285,1.3));
#10644=CARTESIAN_POINT('Ctrl Pts',(1.17749060635334,-19.870883890156,1.5));
#10645=CARTESIAN_POINT('Ctrl Pts',(1.17749060635334,-19.870883890156,1.3));
#10646=CARTESIAN_POINT('Ctrl Pts',(1.42246005649958,-19.9966983026471,1.5));
#10647=CARTESIAN_POINT('Ctrl Pts',(1.42246005649958,-19.9966983026471,1.3));
#10648=CARTESIAN_POINT('Ctrl Pts',(1.56267064554427,-20.2343134063712,1.5));
#10649=CARTESIAN_POINT('Ctrl Pts',(1.56267064554427,-20.2343134063712,1.3));
#10650=CARTESIAN_POINT('Ctrl Pts',(1.63529044082421,-20.3573822865851,1.5));
#10651=CARTESIAN_POINT('Ctrl Pts',(1.63529044082421,-20.3573822865851,1.3));
#10652=CARTESIAN_POINT('',(1.05939910059537,-19.8102330073285,1.5));
#10653=CARTESIAN_POINT('Ctrl Pts',(1.05939910059537,-19.8102330073285,1.5));
#10654=CARTESIAN_POINT('Ctrl Pts',(1.17749060635334,-19.870883890156,1.5));
#10655=CARTESIAN_POINT('Ctrl Pts',(1.42246005649958,-19.9966983026471,1.5));
#10656=CARTESIAN_POINT('Ctrl Pts',(1.56267064554427,-20.2343134063712,1.5));
#10657=CARTESIAN_POINT('Ctrl Pts',(1.63529044082421,-20.3573822865851,1.5));
#10658=CARTESIAN_POINT('',(1.05939910059537,-19.8102330073285,1.3));
#10659=CARTESIAN_POINT('',(1.05939910059537,-19.8102330073285,1.5));
#10660=CARTESIAN_POINT('Ctrl Pts',(1.05939910059537,-19.8102330073285,1.3));
#10661=CARTESIAN_POINT('Ctrl Pts',(1.17749060635334,-19.870883890156,1.3));
#10662=CARTESIAN_POINT('Ctrl Pts',(1.42246005649958,-19.9966983026471,1.3));
#10663=CARTESIAN_POINT('Ctrl Pts',(1.56267064554427,-20.2343134063712,1.3));
#10664=CARTESIAN_POINT('Ctrl Pts',(1.63529044082421,-20.3573822865851,1.3));
#10665=CARTESIAN_POINT('Ctrl Pts',(0.22981713427267,-19.8345173045881,1.5));
#10666=CARTESIAN_POINT('Ctrl Pts',(0.22981713427267,-19.8345173045881,1.3));
#10667=CARTESIAN_POINT('Ctrl Pts',(0.374955426677982,-19.790481979282,1.5));
#10668=CARTESIAN_POINT('Ctrl Pts',(0.374955426677982,-19.790481979282,1.3));
#10669=CARTESIAN_POINT('Ctrl Pts',(0.650046887464363,-19.7070185337372,
1.5));
#10670=CARTESIAN_POINT('Ctrl Pts',(0.650046887464363,-19.7070185337372,
1.3));
#10671=CARTESIAN_POINT('Ctrl Pts',(0.928063901337149,-19.7771180197442,
1.5));
#10672=CARTESIAN_POINT('Ctrl Pts',(0.928063901337149,-19.7771180197442,
1.3));
#10673=CARTESIAN_POINT('Ctrl Pts',(1.05939910059537,-19.8102330073285,1.5));
#10674=CARTESIAN_POINT('Ctrl Pts',(1.05939910059537,-19.8102330073285,1.3));
#10675=CARTESIAN_POINT('',(0.22981713427267,-19.8345173045881,1.5));
#10676=CARTESIAN_POINT('Ctrl Pts',(0.22981713427267,-19.8345173045881,1.5));
#10677=CARTESIAN_POINT('Ctrl Pts',(0.374955426677982,-19.790481979282,1.5));
#10678=CARTESIAN_POINT('Ctrl Pts',(0.650046887464363,-19.7070185337372,
1.5));
#10679=CARTESIAN_POINT('Ctrl Pts',(0.928063901337149,-19.7771180197442,
1.5));
#10680=CARTESIAN_POINT('Ctrl Pts',(1.05939910059537,-19.8102330073285,1.5));
#10681=CARTESIAN_POINT('',(0.22981713427267,-19.8345173045881,1.3));
#10682=CARTESIAN_POINT('',(0.22981713427267,-19.8345173045881,1.5));
#10683=CARTESIAN_POINT('Ctrl Pts',(0.22981713427267,-19.8345173045881,1.3));
#10684=CARTESIAN_POINT('Ctrl Pts',(0.374955426677982,-19.790481979282,1.3));
#10685=CARTESIAN_POINT('Ctrl Pts',(0.650046887464363,-19.7070185337372,
1.3));
#10686=CARTESIAN_POINT('Ctrl Pts',(0.928063901337149,-19.7771180197442,
1.3));
#10687=CARTESIAN_POINT('Ctrl Pts',(1.05939910059537,-19.8102330073285,1.3));
#10688=CARTESIAN_POINT('Ctrl Pts',(-0.446999134570994,-20.3204065161678,
1.5));
#10689=CARTESIAN_POINT('Ctrl Pts',(-0.446999134570994,-20.3204065161678,
1.3));
#10690=CARTESIAN_POINT('Ctrl Pts',(-0.351422991670461,-20.2157512855871,
1.5));
#10691=CARTESIAN_POINT('Ctrl Pts',(-0.351422991670461,-20.2157512855871,
1.3));
#10692=CARTESIAN_POINT('Ctrl Pts',(-0.160019367654427,-20.006165610779,
1.5));
#10693=CARTESIAN_POINT('Ctrl Pts',(-0.160019367654427,-20.006165610779,
1.3));
#10694=CARTESIAN_POINT('Ctrl Pts',(0.0997579263416759,-19.8917834729318,
1.5));
#10695=CARTESIAN_POINT('Ctrl Pts',(0.0997579263416759,-19.8917834729318,
1.3));
#10696=CARTESIAN_POINT('Ctrl Pts',(0.22981713427267,-19.8345173045881,1.5));
#10697=CARTESIAN_POINT('Ctrl Pts',(0.22981713427267,-19.8345173045881,1.3));
#10698=CARTESIAN_POINT('',(-0.446999134570994,-20.3204065161678,1.5));
#10699=CARTESIAN_POINT('Ctrl Pts',(-0.446999134570994,-20.3204065161678,
1.5));
#10700=CARTESIAN_POINT('Ctrl Pts',(-0.351422991670461,-20.2157512855871,
1.5));
#10701=CARTESIAN_POINT('Ctrl Pts',(-0.160019367654427,-20.006165610779,
1.5));
#10702=CARTESIAN_POINT('Ctrl Pts',(0.0997579263416759,-19.8917834729318,
1.5));
#10703=CARTESIAN_POINT('Ctrl Pts',(0.22981713427267,-19.8345173045881,1.5));
#10704=CARTESIAN_POINT('',(-0.446999134570994,-20.3204065161678,1.3));
#10705=CARTESIAN_POINT('',(-0.446999134570994,-20.3204065161678,1.5));
#10706=CARTESIAN_POINT('Ctrl Pts',(-0.446999134570994,-20.3204065161678,
1.3));
#10707=CARTESIAN_POINT('Ctrl Pts',(-0.351422991670461,-20.2157512855871,
1.3));
#10708=CARTESIAN_POINT('Ctrl Pts',(-0.160019367654427,-20.006165610779,
1.3));
#10709=CARTESIAN_POINT('Ctrl Pts',(0.0997579263416759,-19.8917834729318,
1.3));
#10710=CARTESIAN_POINT('Ctrl Pts',(0.22981713427267,-19.8345173045881,1.3));
#10711=CARTESIAN_POINT('Ctrl Pts',(-0.766096133489865,-21.1279739775381,
1.5));
#10712=CARTESIAN_POINT('Ctrl Pts',(-0.766096133489865,-21.1279739775381,
1.3));
#10713=CARTESIAN_POINT('Ctrl Pts',(-0.741435373662606,-20.9782397317551,
1.5));
#10714=CARTESIAN_POINT('Ctrl Pts',(-0.741435373662606,-20.9782397317551,
1.3));
#10715=CARTESIAN_POINT('Ctrl Pts',(-0.693274079671501,-20.6858158534073,
1.5));
#10716=CARTESIAN_POINT('Ctrl Pts',(-0.693274079671501,-20.6858158534073,
1.3));
#10717=CARTESIAN_POINT('Ctrl Pts',(-0.527761695477469,-20.4402376010658,
1.5));
#10718=CARTESIAN_POINT('Ctrl Pts',(-0.527761695477469,-20.4402376010658,
1.3));
#10719=CARTESIAN_POINT('Ctrl Pts',(-0.446999134570994,-20.3204065161678,
1.5));
#10720=CARTESIAN_POINT('Ctrl Pts',(-0.446999134570994,-20.3204065161678,
1.3));
#10721=CARTESIAN_POINT('',(-0.766096133489865,-21.1279739775381,1.5));
#10722=CARTESIAN_POINT('Ctrl Pts',(-0.766096133489865,-21.1279739775381,
1.5));
#10723=CARTESIAN_POINT('Ctrl Pts',(-0.741435373662606,-20.9782397317551,
1.5));
#10724=CARTESIAN_POINT('Ctrl Pts',(-0.693274079671501,-20.6858158534073,
1.5));
#10725=CARTESIAN_POINT('Ctrl Pts',(-0.527761695477469,-20.4402376010658,
1.5));
#10726=CARTESIAN_POINT('Ctrl Pts',(-0.446999134570994,-20.3204065161678,
1.5));
#10727=CARTESIAN_POINT('',(-0.766096133489865,-21.1279739775381,1.3));
#10728=CARTESIAN_POINT('',(-0.766096133489865,-21.1279739775381,1.5));
#10729=CARTESIAN_POINT('Ctrl Pts',(-0.766096133489865,-21.1279739775381,
1.3));
#10730=CARTESIAN_POINT('Ctrl Pts',(-0.741435373662606,-20.9782397317551,
1.3));
#10731=CARTESIAN_POINT('Ctrl Pts',(-0.693274079671501,-20.6858158534073,
1.3));
#10732=CARTESIAN_POINT('Ctrl Pts',(-0.527761695477469,-20.4402376010658,
1.3));
#10733=CARTESIAN_POINT('Ctrl Pts',(-0.446999134570994,-20.3204065161678,
1.3));
#10734=CARTESIAN_POINT('Ctrl Pts',(-0.641071296375521,-22.0787741135089,
1.5));
#10735=CARTESIAN_POINT('Ctrl Pts',(-0.641071296375521,-22.0787741135089,
1.3));
#10736=CARTESIAN_POINT('Ctrl Pts',(-0.690194862774683,-21.9206485039355,
1.5));
#10737=CARTESIAN_POINT('Ctrl Pts',(-0.690194862774683,-21.9206485039355,
1.3));
#10738=CARTESIAN_POINT('Ctrl Pts',(-0.786464655867262,-21.6107622144796,
1.5));
#10739=CARTESIAN_POINT('Ctrl Pts',(-0.786464655867262,-21.6107622144796,
1.3));
#10740=CARTESIAN_POINT('Ctrl Pts',(-0.772792031025215,-21.2866845853051,
1.5));
#10741=CARTESIAN_POINT('Ctrl Pts',(-0.772792031025215,-21.2866845853051,
1.3));
#10742=CARTESIAN_POINT('Ctrl Pts',(-0.766096133489865,-21.1279739775381,
1.5));
#10743=CARTESIAN_POINT('Ctrl Pts',(-0.766096133489865,-21.1279739775381,
1.3));
#10744=CARTESIAN_POINT('',(-0.641071296375521,-22.0787741135089,1.5));
#10745=CARTESIAN_POINT('Ctrl Pts',(-0.641071296375521,-22.0787741135089,
1.5));
#10746=CARTESIAN_POINT('Ctrl Pts',(-0.690194862774683,-21.9206485039355,
1.5));
#10747=CARTESIAN_POINT('Ctrl Pts',(-0.786464655867262,-21.6107622144796,
1.5));
#10748=CARTESIAN_POINT('Ctrl Pts',(-0.772792031025215,-21.2866845853051,
1.5));
#10749=CARTESIAN_POINT('Ctrl Pts',(-0.766096133489865,-21.1279739775381,
1.5));
#10750=CARTESIAN_POINT('',(-0.641071296375521,-22.0787741135089,1.3));
#10751=CARTESIAN_POINT('',(-0.641071296375521,-22.0787741135089,1.5));
#10752=CARTESIAN_POINT('Ctrl Pts',(-0.641071296375521,-22.0787741135089,
1.3));
#10753=CARTESIAN_POINT('Ctrl Pts',(-0.690194862774683,-21.9206485039355,
1.3));
#10754=CARTESIAN_POINT('Ctrl Pts',(-0.786464655867262,-21.6107622144796,
1.3));
#10755=CARTESIAN_POINT('Ctrl Pts',(-0.772792031025215,-21.2866845853051,
1.3));
#10756=CARTESIAN_POINT('Ctrl Pts',(-0.766096133489865,-21.1279739775381,
1.3));
#10757=CARTESIAN_POINT('Ctrl Pts',(-0.020785396896873,-22.8765355568258,
1.5));
#10758=CARTESIAN_POINT('Ctrl Pts',(-0.020785396896873,-22.8765355568258,
1.3));
#10759=CARTESIAN_POINT('Ctrl Pts',(-0.150398515267395,-22.7842456413149,
1.5));
#10760=CARTESIAN_POINT('Ctrl Pts',(-0.150398515267395,-22.7842456413149,
1.3));
#10761=CARTESIAN_POINT('Ctrl Pts',(-0.435357771845145,-22.5813428329865,
1.5));
#10762=CARTESIAN_POINT('Ctrl Pts',(-0.435357771845145,-22.5813428329865,
1.3));
#10763=CARTESIAN_POINT('Ctrl Pts',(-0.568492577169963,-22.2560876569705,
1.5));
#10764=CARTESIAN_POINT('Ctrl Pts',(-0.568492577169963,-22.2560876569705,
1.3));
#10765=CARTESIAN_POINT('Ctrl Pts',(-0.641071296375521,-22.0787741135089,
1.5));
#10766=CARTESIAN_POINT('Ctrl Pts',(-0.641071296375521,-22.0787741135089,
1.3));
#10767=CARTESIAN_POINT('',(-0.020785396896873,-22.8765355568258,1.5));
#10768=CARTESIAN_POINT('Ctrl Pts',(-0.020785396896873,-22.8765355568258,
1.5));
#10769=CARTESIAN_POINT('Ctrl Pts',(-0.150398515267395,-22.7842456413149,
1.5));
#10770=CARTESIAN_POINT('Ctrl Pts',(-0.435357771845145,-22.5813428329865,
1.5));
#10771=CARTESIAN_POINT('Ctrl Pts',(-0.568492577169963,-22.2560876569705,
1.5));
#10772=CARTESIAN_POINT('Ctrl Pts',(-0.641071296375521,-22.0787741135089,
1.5));
#10773=CARTESIAN_POINT('',(-0.020785396896873,-22.8765355568258,1.3));
#10774=CARTESIAN_POINT('',(-0.020785396896873,-22.8765355568258,1.5));
#10775=CARTESIAN_POINT('Ctrl Pts',(-0.020785396896873,-22.8765355568258,
1.3));
#10776=CARTESIAN_POINT('Ctrl Pts',(-0.150398515267395,-22.7842456413149,
1.3));
#10777=CARTESIAN_POINT('Ctrl Pts',(-0.435357771845145,-22.5813428329865,
1.3));
#10778=CARTESIAN_POINT('Ctrl Pts',(-0.568492577169963,-22.2560876569705,
1.3));
#10779=CARTESIAN_POINT('Ctrl Pts',(-0.641071296375521,-22.0787741135089,
1.3));
#10780=CARTESIAN_POINT('Ctrl Pts',(0.901208968628794,-22.8937473900673,
1.5));
#10781=CARTESIAN_POINT('Ctrl Pts',(0.901208968628794,-22.8937473900673,
1.3));
#10782=CARTESIAN_POINT('Ctrl Pts',(0.737603656874868,-22.9420782742024,
1.5));
#10783=CARTESIAN_POINT('Ctrl Pts',(0.737603656874868,-22.9420782742024,
1.3));
#10784=CARTESIAN_POINT('Ctrl Pts',(0.427310099166791,-23.0337425473526,
1.5));
#10785=CARTESIAN_POINT('Ctrl Pts',(0.427310099166791,-23.0337425473526,
1.3));
#10786=CARTESIAN_POINT('Ctrl Pts',(0.12305040096373,-22.9269979986721,1.5));
#10787=CARTESIAN_POINT('Ctrl Pts',(0.12305040096373,-22.9269979986721,1.3));
#10788=CARTESIAN_POINT('Ctrl Pts',(-0.020785396896873,-22.8765355568258,
1.5));
#10789=CARTESIAN_POINT('Ctrl Pts',(-0.020785396896873,-22.8765355568258,
1.3));
#10790=CARTESIAN_POINT('',(0.901208968628794,-22.8937473900673,1.5));
#10791=CARTESIAN_POINT('Ctrl Pts',(0.901208968628794,-22.8937473900673,
1.5));
#10792=CARTESIAN_POINT('Ctrl Pts',(0.737603656874868,-22.9420782742024,
1.5));
#10793=CARTESIAN_POINT('Ctrl Pts',(0.427310099166791,-23.0337425473526,
1.5));
#10794=CARTESIAN_POINT('Ctrl Pts',(0.12305040096373,-22.9269979986721,1.5));
#10795=CARTESIAN_POINT('Ctrl Pts',(-0.020785396896873,-22.8765355568258,
1.5));
#10796=CARTESIAN_POINT('',(0.901208968628794,-22.8937473900673,1.3));
#10797=CARTESIAN_POINT('',(0.901208968628794,-22.8937473900673,1.5));
#10798=CARTESIAN_POINT('Ctrl Pts',(0.901208968628794,-22.8937473900673,
1.3));
#10799=CARTESIAN_POINT('Ctrl Pts',(0.737603656874868,-22.9420782742024,
1.3));
#10800=CARTESIAN_POINT('Ctrl Pts',(0.427310099166791,-23.0337425473526,
1.3));
#10801=CARTESIAN_POINT('Ctrl Pts',(0.12305040096373,-22.9269979986721,1.3));
#10802=CARTESIAN_POINT('Ctrl Pts',(-0.020785396896873,-22.8765355568258,
1.3));
#10803=CARTESIAN_POINT('Ctrl Pts',(1.61175094833353,-22.3509391302674,1.5));
#10804=CARTESIAN_POINT('Ctrl Pts',(1.61175094833353,-22.3509391302674,1.3));
#10805=CARTESIAN_POINT('Ctrl Pts',(1.51782579444551,-22.4680038778273,1.5));
#10806=CARTESIAN_POINT('Ctrl Pts',(1.51782579444551,-22.4680038778273,1.3));
#10807=CARTESIAN_POINT('Ctrl Pts',(1.32585892897088,-22.7072640942488,1.5));
#10808=CARTESIAN_POINT('Ctrl Pts',(1.32585892897088,-22.7072640942488,1.3));
#10809=CARTESIAN_POINT('Ctrl Pts',(1.04476820180392,-22.8307039391128,1.5));
#10810=CARTESIAN_POINT('Ctrl Pts',(1.04476820180392,-22.8307039391128,1.3));
#10811=CARTESIAN_POINT('Ctrl Pts',(0.901208968628794,-22.8937473900673,
1.5));
#10812=CARTESIAN_POINT('Ctrl Pts',(0.901208968628794,-22.8937473900673,
1.3));
#10813=CARTESIAN_POINT('',(1.61175094833353,-22.3509391302674,1.5));
#10814=CARTESIAN_POINT('Ctrl Pts',(1.61175094833353,-22.3509391302674,1.5));
#10815=CARTESIAN_POINT('Ctrl Pts',(1.51782579444551,-22.4680038778273,1.5));
#10816=CARTESIAN_POINT('Ctrl Pts',(1.32585892897088,-22.7072640942488,1.5));
#10817=CARTESIAN_POINT('Ctrl Pts',(1.04476820180392,-22.8307039391128,1.5));
#10818=CARTESIAN_POINT('Ctrl Pts',(0.901208968628794,-22.8937473900673,
1.5));
#10819=CARTESIAN_POINT('',(1.61175094833353,-22.3509391302674,1.3));
#10820=CARTESIAN_POINT('',(1.61175094833353,-22.3509391302674,1.5));
#10821=CARTESIAN_POINT('Ctrl Pts',(1.61175094833353,-22.3509391302674,1.3));
#10822=CARTESIAN_POINT('Ctrl Pts',(1.51782579444551,-22.4680038778273,1.3));
#10823=CARTESIAN_POINT('Ctrl Pts',(1.32585892897088,-22.7072640942488,1.3));
#10824=CARTESIAN_POINT('Ctrl Pts',(1.04476820180392,-22.8307039391128,1.3));
#10825=CARTESIAN_POINT('Ctrl Pts',(0.901208968628794,-22.8937473900673,
1.3));
#10826=CARTESIAN_POINT('Ctrl Pts',(1.86097090837281,-21.4381423301058,1.5));
#10827=CARTESIAN_POINT('Ctrl Pts',(1.86097090837281,-21.4381423301058,1.3));
#10828=CARTESIAN_POINT('Ctrl Pts',(1.85309259949531,-21.6072887464546,1.5));
#10829=CARTESIAN_POINT('Ctrl Pts',(1.85309259949531,-21.6072887464546,1.3));
#10830=CARTESIAN_POINT('Ctrl Pts',(1.83803205232454,-21.9306370210399,1.5));
#10831=CARTESIAN_POINT('Ctrl Pts',(1.83803205232454,-21.9306370210399,1.3));
#10832=CARTESIAN_POINT('Ctrl Pts',(1.68481755290765,-22.2152227691796,1.5));
#10833=CARTESIAN_POINT('Ctrl Pts',(1.68481755290765,-22.2152227691796,1.3));
#10834=CARTESIAN_POINT('Ctrl Pts',(1.61175094833353,-22.3509391302674,1.5));
#10835=CARTESIAN_POINT('Ctrl Pts',(1.61175094833353,-22.3509391302674,1.3));
#10836=CARTESIAN_POINT('',(1.86097090837281,-21.4381423301058,1.5));
#10837=CARTESIAN_POINT('Ctrl Pts',(1.86097090837281,-21.4381423301058,1.5));
#10838=CARTESIAN_POINT('Ctrl Pts',(1.85309259949531,-21.6072887464546,1.5));
#10839=CARTESIAN_POINT('Ctrl Pts',(1.83803205232454,-21.9306370210399,1.5));
#10840=CARTESIAN_POINT('Ctrl Pts',(1.68481755290765,-22.2152227691796,1.5));
#10841=CARTESIAN_POINT('Ctrl Pts',(1.61175094833353,-22.3509391302674,1.5));
#10842=CARTESIAN_POINT('',(1.86097090837281,-21.4381423301058,1.3));
#10843=CARTESIAN_POINT('',(1.86097090837281,-21.4381423301058,1.5));
#10844=CARTESIAN_POINT('Ctrl Pts',(1.86097090837281,-21.4381423301058,1.3));
#10845=CARTESIAN_POINT('Ctrl Pts',(1.85309259949531,-21.6072887464546,1.3));
#10846=CARTESIAN_POINT('Ctrl Pts',(1.83803205232454,-21.9306370210399,1.3));
#10847=CARTESIAN_POINT('Ctrl Pts',(1.68481755290765,-22.2152227691796,1.3));
#10848=CARTESIAN_POINT('Ctrl Pts',(1.61175094833353,-22.3509391302674,1.3));
#10849=CARTESIAN_POINT('Origin',(1.24419175630066,-21.5624566813247,1.5));
#10850=CARTESIAN_POINT('',(1.24419175630066,-21.5624566813247,1.5));
#10851=CARTESIAN_POINT('',(13.5229886281203,-19.0876151408136,1.5));
#10852=CARTESIAN_POINT('',(1.24419175630066,-21.5624566813247,1.3));
#10853=CARTESIAN_POINT('',(1.24419175630066,-21.5624566813247,1.5));
#10854=CARTESIAN_POINT('',(1.24419175630066,-21.5624566813247,1.3));
#10855=CARTESIAN_POINT('Ctrl Pts',(1.12187768262443,-22.0969614864557,1.5));
#10856=CARTESIAN_POINT('Ctrl Pts',(1.12187768262443,-22.0969614864557,1.3));
#10857=CARTESIAN_POINT('Ctrl Pts',(1.16039269562405,-22.0181072429657,1.5));
#10858=CARTESIAN_POINT('Ctrl Pts',(1.16039269562405,-22.0181072429657,1.3));
#10859=CARTESIAN_POINT('Ctrl Pts',(1.24258273216373,-21.8498343371818,1.5));
#10860=CARTESIAN_POINT('Ctrl Pts',(1.24258273216373,-21.8498343371818,1.3));
#10861=CARTESIAN_POINT('Ctrl Pts',(1.2436334268722,-21.6621763801553,1.5));
#10862=CARTESIAN_POINT('Ctrl Pts',(1.2436334268722,-21.6621763801553,1.3));
#10863=CARTESIAN_POINT('Ctrl Pts',(1.24419175630066,-21.5624566813247,1.5));
#10864=CARTESIAN_POINT('Ctrl Pts',(1.24419175630066,-21.5624566813247,1.3));
#10865=CARTESIAN_POINT('Ctrl Pts',(1.12187768262443,-22.0969614864557,1.5));
#10866=CARTESIAN_POINT('Ctrl Pts',(1.16039269562405,-22.0181072429657,1.5));
#10867=CARTESIAN_POINT('Ctrl Pts',(1.24258273216373,-21.8498343371818,1.5));
#10868=CARTESIAN_POINT('Ctrl Pts',(1.2436334268722,-21.6621763801553,1.5));
#10869=CARTESIAN_POINT('Ctrl Pts',(1.24419175630066,-21.5624566813247,1.5));
#10870=CARTESIAN_POINT('Ctrl Pts',(1.12187768262443,-22.0969614864557,1.3));
#10871=CARTESIAN_POINT('Ctrl Pts',(1.16039269562405,-22.0181072429657,1.3));
#10872=CARTESIAN_POINT('Ctrl Pts',(1.24258273216373,-21.8498343371818,1.3));
#10873=CARTESIAN_POINT('Ctrl Pts',(1.2436334268722,-21.6621763801553,1.3));
#10874=CARTESIAN_POINT('Ctrl Pts',(1.24419175630066,-21.5624566813247,1.3));
#10875=CARTESIAN_POINT('Origin',(2.26422784695935,-21.1174146568875,1.3));
#10876=CARTESIAN_POINT('Origin',(-3.85519305574453,-24.5683154148921,1.5));
#10877=CARTESIAN_POINT('',(-3.85519305574453,-24.5683154148921,1.5));
#10878=CARTESIAN_POINT('',(-4.43593096547364,-24.7796867279435,1.5));
#10879=CARTESIAN_POINT('',(9.0419908234442,-19.8741243770095,1.5));
#10880=CARTESIAN_POINT('',(-3.85519305574453,-24.5683154148921,1.3));
#10881=CARTESIAN_POINT('',(-3.85519305574453,-24.5683154148921,1.5));
#10882=CARTESIAN_POINT('',(-4.43593096547364,-24.7796867279435,1.3));
#10883=CARTESIAN_POINT('',(-3.85519305574453,-24.5683154148921,1.3));
#10884=CARTESIAN_POINT('',(-4.43593096547364,-24.7796867279435,1.5));
#10885=CARTESIAN_POINT('Origin',(-4.292824037354,-21.535066621503,1.5));
#10886=CARTESIAN_POINT('',(-4.292824037354,-21.535066621503,1.5));
#10887=CARTESIAN_POINT('',(-2.83783238606584,-31.6197083770525,1.5));
#10888=CARTESIAN_POINT('',(-4.292824037354,-21.535066621503,1.3));
#10889=CARTESIAN_POINT('',(-4.292824037354,-21.535066621503,1.5));
#10890=CARTESIAN_POINT('',(-4.292824037354,-21.535066621503,1.3));
#10891=CARTESIAN_POINT('Origin',(-4.87163884219284,-21.745737981617,1.5));
#10892=CARTESIAN_POINT('',(-4.87163884219284,-21.745737981617,1.5));
#10893=CARTESIAN_POINT('',(8.02073769484553,-17.053296673183,1.5));
#10894=CARTESIAN_POINT('',(-4.87163884219284,-21.745737981617,1.3));
#10895=CARTESIAN_POINT('',(-4.87163884219284,-21.745737981617,1.5));
#10896=CARTESIAN_POINT('',(-4.87163884219284,-21.745737981617,1.3));
#10897=CARTESIAN_POINT('Origin',(-4.70432645593752,-22.9174289365608,1.5));
#10898=CARTESIAN_POINT('',(-4.70432645593752,-22.9174289365608,1.5));
#10899=CARTESIAN_POINT('',(-3.35984805928689,-32.3328297429833,1.5));
#10900=CARTESIAN_POINT('',(-4.70432645593752,-22.9174289365608,1.3));
#10901=CARTESIAN_POINT('',(-4.70432645593752,-22.9174289365608,1.5));
#10902=CARTESIAN_POINT('',(-4.70432645593752,-22.9174289365608,1.3));
#10903=CARTESIAN_POINT('Origin',(-5.79465201528453,-23.3142749858227,1.5));
#10904=CARTESIAN_POINT('',(-5.79465201528453,-23.3142749858227,1.5));
#10905=CARTESIAN_POINT('',(7.75730413097945,-18.3817663325017,1.5));
#10906=CARTESIAN_POINT('',(-5.79465201528453,-23.3142749858227,1.3));
#10907=CARTESIAN_POINT('',(-5.79465201528453,-23.3142749858227,1.5));
#10908=CARTESIAN_POINT('',(-5.79465201528453,-23.3142749858227,1.3));
#10909=CARTESIAN_POINT('Origin',(-5.96388736640501,-22.1432839328514,1.5));
#10910=CARTESIAN_POINT('',(-5.96388736640501,-22.1432839328514,1.5));
#10911=CARTESIAN_POINT('',(-4.53188654351082,-32.0517347402887,1.5));
#10912=CARTESIAN_POINT('',(-5.96388736640501,-22.1432839328514,1.3));
#10913=CARTESIAN_POINT('',(-5.96388736640501,-22.1432839328514,1.5));
#10914=CARTESIAN_POINT('',(-5.96388736640501,-22.1432839328514,1.3));
#10915=CARTESIAN_POINT('Origin',(-6.5427021012313,-22.3539552674829,1.5));
#10916=CARTESIAN_POINT('',(-6.5427021012313,-22.3539552674829,1.5));
#10917=CARTESIAN_POINT('',(7.18520606532633,-17.357405316116,1.5));
#10918=CARTESIAN_POINT('',(-6.5427021012313,-22.3539552674829,1.3));
#10919=CARTESIAN_POINT('',(-6.5427021012313,-22.3539552674829,1.5));
#10920=CARTESIAN_POINT('',(-6.5427021012313,-22.3539552674829,1.3));
#10921=CARTESIAN_POINT('Origin',(-6.10699429452465,-25.3879040392918,1.5));
#10922=CARTESIAN_POINT('',(-6.10699429452465,-25.3879040392918,1.5));
#10923=CARTESIAN_POINT('',(-4.91279984190103,-33.7033960664473,1.5));
#10924=CARTESIAN_POINT('',(-6.10699429452465,-25.3879040392918,1.3));
#10925=CARTESIAN_POINT('',(-6.10699429452465,-25.3879040392918,1.5));
#10926=CARTESIAN_POINT('',(-6.10699429452465,-25.3879040392918,1.3));
#10927=CARTESIAN_POINT('Origin',(-5.52625652482065,-25.1765327772054,1.5));
#10928=CARTESIAN_POINT('',(-5.52625652482065,-25.1765327772054,1.5));
#10929=CARTESIAN_POINT('',(8.20645908890608,-20.1782330581662,1.5));
#10930=CARTESIAN_POINT('',(-5.52625652482065,-25.1765327772054,1.3));
#10931=CARTESIAN_POINT('',(-5.52625652482065,-25.1765327772054,1.5));
#10932=CARTESIAN_POINT('',(-5.52625652482065,-25.1765327772054,1.3));
#10933=CARTESIAN_POINT('Origin',(-5.72124689575638,-23.8210986316528,1.5));
#10934=CARTESIAN_POINT('',(-5.72124689575638,-23.8210986316528,1.5));
#10935=CARTESIAN_POINT('',(-4.41794623772842,-32.8807163211567,1.5));
#10936=CARTESIAN_POINT('',(-5.72124689575638,-23.8210986316528,1.3));
#10937=CARTESIAN_POINT('',(-5.72124689575638,-23.8210986316528,1.5));
#10938=CARTESIAN_POINT('',(-5.72124689575638,-23.8210986316528,1.3));
#10939=CARTESIAN_POINT('Origin',(-4.63092133640937,-23.4242525823909,1.5));
#10940=CARTESIAN_POINT('',(-4.63092133640937,-23.4242525823909,1.5));
#10941=CARTESIAN_POINT('',(8.42490784428024,-18.6723193769557,1.5));
#10942=CARTESIAN_POINT('',(-4.63092133640937,-23.4242525823909,1.3));
#10943=CARTESIAN_POINT('',(-4.63092133640937,-23.4242525823909,1.5));
#10944=CARTESIAN_POINT('',(-4.63092133640937,-23.4242525823909,1.3));
#10945=CARTESIAN_POINT('Origin',(-4.43593096547364,-24.7796867279435,1.5));
#10946=CARTESIAN_POINT('',(-3.21321296294099,-33.2791512043759,1.5));
#10947=CARTESIAN_POINT('',(-4.43593096547364,-24.7796867279435,1.3));
#10948=CARTESIAN_POINT('Origin',(2.26422784695935,-21.1174146568875,1.3));
#10949=CARTESIAN_POINT('Origin',(4.01891467099248,-14.1979608432161,1.5));
#10950=CARTESIAN_POINT('',(4.01891467099248,-14.1979608432161,1.5));
#10951=CARTESIAN_POINT('',(3.75112582280327,-15.5802810139407,1.5));
#10952=CARTESIAN_POINT('',(2.34192188161694,-22.8545609017651,1.5));
#10953=CARTESIAN_POINT('',(4.01891467099248,-14.1979608432161,1.3));
#10954=CARTESIAN_POINT('',(4.01891467099248,-14.1979608432161,1.5));
#10955=CARTESIAN_POINT('',(3.75112582280327,-15.5802810139407,1.3));
#10956=CARTESIAN_POINT('',(4.01891467099248,-14.1979608432161,1.3));
#10957=CARTESIAN_POINT('',(3.75112582280327,-15.5802810139407,1.5));
#10958=CARTESIAN_POINT('Origin',(4.59531145933498,-15.2730225700481,1.5));
#10959=CARTESIAN_POINT('',(4.59531145933498,-15.2730225700481,1.5));
#10960=CARTESIAN_POINT('',(11.9879669109933,-29.0613730544217,1.5));
#10961=CARTESIAN_POINT('',(4.59531145933498,-15.2730225700481,1.3));
#10962=CARTESIAN_POINT('',(4.59531145933498,-15.2730225700481,1.5));
#10963=CARTESIAN_POINT('',(4.59531145933498,-15.2730225700481,1.3));
#10964=CARTESIAN_POINT('Origin',(3.75112582280327,-15.5802810139407,1.5));
#10965=CARTESIAN_POINT('',(11.8456861178874,-12.634102007057,1.5));
#10966=CARTESIAN_POINT('',(3.75112582280326,-15.5802810139407,1.3));
#10967=CARTESIAN_POINT('Origin',(5.70820314090965,-16.104906541207,1.5));
#10968=CARTESIAN_POINT('',(5.70820314090965,-16.104906541207,1.5));
#10969=CARTESIAN_POINT('',(5.15823266902303,-16.3050794226991,1.5));
#10970=CARTESIAN_POINT('',(13.0229977525578,-13.4425390327963,1.5));
#10971=CARTESIAN_POINT('',(5.70820314090965,-16.104906541207,1.3));
#10972=CARTESIAN_POINT('',(5.70820314090965,-16.104906541207,1.5));
#10973=CARTESIAN_POINT('',(5.15823266902303,-16.3050794226991,1.3));
#10974=CARTESIAN_POINT('',(5.70820314090965,-16.104906541207,1.3));
#10975=CARTESIAN_POINT('',(5.15823266902303,-16.3050794226991,1.5));
#10976=CARTESIAN_POINT('Origin',(4.22447563200243,-13.4524057459235,1.5));
#10977=CARTESIAN_POINT('',(4.22447563200243,-13.4524057459235,1.5));
#10978=CARTESIAN_POINT('',(12.3452613830606,-27.9701595340655,1.5));
#10979=CARTESIAN_POINT('',(4.22447563200243,-13.4524057459235,1.3));
#10980=CARTESIAN_POINT('',(4.22447563200243,-13.4524057459235,1.5));
#10981=CARTESIAN_POINT('',(4.22447563200243,-13.4524057459235,1.3));
#10982=CARTESIAN_POINT('Origin',(3.58027946164783,-13.6868739769609,1.5));
#10983=CARTESIAN_POINT('',(3.58027946164783,-13.6868739769609,1.5));
#10984=CARTESIAN_POINT('',(11.4460056775524,-10.8239837634843,1.5));
#10985=CARTESIAN_POINT('',(3.58027946164783,-13.6868739769609,1.3));
#10986=CARTESIAN_POINT('',(3.58027946164783,-13.6868739769609,1.5));
#10987=CARTESIAN_POINT('',(3.58027946164783,-13.6868739769609,1.3));
#10988=CARTESIAN_POINT('Origin',(3.01219547800226,-17.0861730818589,1.5));
#10989=CARTESIAN_POINT('',(3.01219547800226,-17.0861730818589,1.5));
#10990=CARTESIAN_POINT('',(1.74438650504745,-24.6724843157903,1.5));
#10991=CARTESIAN_POINT('',(3.01219547800226,-17.0861730818589,1.3));
#10992=CARTESIAN_POINT('',(3.01219547800226,-17.0861730818589,1.5));
#10993=CARTESIAN_POINT('',(3.01219547800226,-17.0861730818589,1.3));
#10994=CARTESIAN_POINT('Origin',(3.60831710665262,-16.8692025530278,1.5));
#10995=CARTESIAN_POINT('',(3.60831710665263,-16.8692025530278,1.5));
#10996=CARTESIAN_POINT('',(11.9730547354293,-13.8246870387067,1.5));
#10997=CARTESIAN_POINT('',(3.60831710665263,-16.8692025530278,1.3));
#10998=CARTESIAN_POINT('',(3.60831710665263,-16.8692025530278,1.5));
#10999=CARTESIAN_POINT('',(3.60831710665263,-16.8692025530278,1.3));
#11000=CARTESIAN_POINT('Origin',(3.71999088667556,-16.1229762613932,1.5));
#11001=CARTESIAN_POINT('',(3.71999088667556,-16.1229762613932,1.5));
#11002=CARTESIAN_POINT('',(2.46586729729895,-24.503278201203,1.5));
#11003=CARTESIAN_POINT('',(3.71999088667556,-16.1229762613932,1.3));
#11004=CARTESIAN_POINT('',(3.71999088667556,-16.1229762613932,1.5));
#11005=CARTESIAN_POINT('',(3.71999088667556,-16.1229762613932,1.3));
#11006=CARTESIAN_POINT('Origin',(4.83723781410964,-15.7163316354818,1.5));
#11007=CARTESIAN_POINT('',(4.83723781410964,-15.7163316354818,1.5));
#11008=CARTESIAN_POINT('',(12.4741305109351,-12.9367300115524,1.5));
#11009=CARTESIAN_POINT('',(4.83723781410964,-15.7163316354818,1.3));
#11010=CARTESIAN_POINT('',(4.83723781410964,-15.7163316354818,1.5));
#11011=CARTESIAN_POINT('',(4.83723781410964,-15.7163316354818,1.3));
#11012=CARTESIAN_POINT('Origin',(5.15823266902303,-16.3050794226991,1.5));
#11013=CARTESIAN_POINT('',(12.3859821356544,-29.5617451913391,1.5));
#11014=CARTESIAN_POINT('',(5.15823266902303,-16.3050794226991,1.3));
#11015=CARTESIAN_POINT('Origin',(2.26422784695935,-21.1174146568875,1.3));
#11016=CARTESIAN_POINT('Origin',(-2.10575236882339,-16.4271573405004,1.5));
#11017=CARTESIAN_POINT('',(-2.10575236882339,-16.4271573405004,1.5));
#11018=CARTESIAN_POINT('',(-2.3735412170126,-17.809477511225,1.5));
#11019=CARTESIAN_POINT('',(-3.46386142990492,-23.4376865760209,1.5));
#11020=CARTESIAN_POINT('',(-2.10575236882339,-16.4271573405004,1.3));
#11021=CARTESIAN_POINT('',(-2.10575236882339,-16.4271573405004,1.5));
#11022=CARTESIAN_POINT('',(-2.3735412170126,-17.809477511225,1.3));
#11023=CARTESIAN_POINT('',(-2.10575236882339,-16.4271573405004,1.3));
#11024=CARTESIAN_POINT('',(-2.3735412170126,-17.809477511225,1.5));
#11025=CARTESIAN_POINT('Origin',(-1.52935614058134,-17.5022192711923,1.5));
#11026=CARTESIAN_POINT('',(-1.52935614058134,-17.5022192711923,1.5));
#11027=CARTESIAN_POINT('',(6.082871474295,-31.7001194577951,1.5));
#11028=CARTESIAN_POINT('',(-1.52935614058134,-17.5022192711923,1.3));
#11029=CARTESIAN_POINT('',(-1.52935614058134,-17.5022192711923,1.5));
#11030=CARTESIAN_POINT('',(-1.52935614058134,-17.5022192711923,1.3));
#11031=CARTESIAN_POINT('Origin',(-2.3735412170126,-17.809477511225,1.5));
#11032=CARTESIAN_POINT('',(8.78335259797947,-13.7487002556992,1.5));
#11033=CARTESIAN_POINT('',(-2.3735412170126,-17.809477511225,1.3));
#11034=CARTESIAN_POINT('Origin',(-0.416464459006668,-18.3341032423512,1.5));
#11035=CARTESIAN_POINT('',(-0.416464459006668,-18.3341032423512,1.5));
#11036=CARTESIAN_POINT('',(-0.966434370792839,-18.5342759199833,1.5));
#11037=CARTESIAN_POINT('',(9.96066395259964,-14.5571373833683,1.5));
#11038=CARTESIAN_POINT('',(-0.416464459006668,-18.3341032423512,1.3));
#11039=CARTESIAN_POINT('',(-0.416464459006668,-18.3341032423512,1.5));
#11040=CARTESIAN_POINT('',(-0.966434370792839,-18.5342759199833,1.3));
#11041=CARTESIAN_POINT('',(-0.416464459006668,-18.3341032423512,1.3));
#11042=CARTESIAN_POINT('',(-0.966434370792839,-18.5342759199833,1.5));
#11043=CARTESIAN_POINT('Origin',(-1.90019252801434,-15.6816026509276,1.5));
#11044=CARTESIAN_POINT('',(-1.90019252801434,-15.6816026509276,1.5));
#11045=CARTESIAN_POINT('',(6.47554047513325,-30.6551259053022,1.5));
#11046=CARTESIAN_POINT('',(-1.90019252801434,-15.6816026509276,1.3));
#11047=CARTESIAN_POINT('',(-1.90019252801434,-15.6816026509276,1.5));
#11048=CARTESIAN_POINT('',(-1.90019252801434,-15.6816026509276,1.3));
#11049=CARTESIAN_POINT('Origin',(-2.54438813826849,-15.9160706781051,1.5));
#11050=CARTESIAN_POINT('',(-2.54438813826849,-15.9160706781051,1.5));
#11051=CARTESIAN_POINT('',(8.38367187759426,-11.9385821140564,1.5));
#11052=CARTESIAN_POINT('',(-2.54438813826849,-15.9160706781051,1.3));
#11053=CARTESIAN_POINT('',(-2.54438813826849,-15.9160706781051,1.5));
#11054=CARTESIAN_POINT('',(-2.54438813826849,-15.9160706781051,1.3));
#11055=CARTESIAN_POINT('Origin',(-3.11247212191405,-19.315369783003,1.5));
#11056=CARTESIAN_POINT('',(-3.11247212191405,-19.315369783003,1.5));
#11057=CARTESIAN_POINT('',(-4.11587011816002,-25.3194994692633,1.5));
#11058=CARTESIAN_POINT('',(-3.11247212191405,-19.315369783003,1.3));
#11059=CARTESIAN_POINT('',(-3.11247212191405,-19.315369783003,1.5));
#11060=CARTESIAN_POINT('',(-3.11247212191405,-19.315369783003,1.3));
#11061=CARTESIAN_POINT('Origin',(-2.51635049326369,-19.098399254172,1.5));
#11062=CARTESIAN_POINT('',(-2.51635049326369,-19.098399254172,1.5));
#11063=CARTESIAN_POINT('',(8.91072093547115,-14.9392853892788,1.5));
#11064=CARTESIAN_POINT('',(-2.51635049326369,-19.098399254172,1.3));
#11065=CARTESIAN_POINT('',(-2.51635049326369,-19.098399254172,1.5));
#11066=CARTESIAN_POINT('',(-2.51635049326369,-19.098399254172,1.3));
#11067=CARTESIAN_POINT('Origin',(-2.40467671324076,-18.3521729625373,1.5));
#11068=CARTESIAN_POINT('',(-2.40467671324076,-18.3521729625373,1.5));
#11069=CARTESIAN_POINT('',(-3.42857262562587,-25.194048016486,1.5));
#11070=CARTESIAN_POINT('',(-2.40467671324076,-18.3521729625373,1.3));
#11071=CARTESIAN_POINT('',(-2.40467671324076,-18.3521729625373,1.5));
#11072=CARTESIAN_POINT('',(-2.40467671324076,-18.3521729625373,1.3));
#11073=CARTESIAN_POINT('Origin',(-1.28742922570623,-17.9455281327661,1.5));
#11074=CARTESIAN_POINT('',(-1.28742922570623,-17.9455281327661,1.5));
#11075=CARTESIAN_POINT('',(9.41179699102715,-14.0513282601945,1.5));
#11076=CARTESIAN_POINT('',(-1.28742922570623,-17.9455281327661,1.3));
#11077=CARTESIAN_POINT('',(-1.28742922570623,-17.9455281327661,1.5));
#11078=CARTESIAN_POINT('',(-1.28742922570623,-17.9455281327661,1.3));
#11079=CARTESIAN_POINT('Origin',(-0.966434370792839,-18.5342759199833,1.5));
#11080=CARTESIAN_POINT('',(6.49458700219812,-32.2187937759293,1.5));
#11081=CARTESIAN_POINT('',(-0.966434370792839,-18.5342759199833,1.3));
#11082=CARTESIAN_POINT('Origin',(2.26422784695935,-21.1174146568875,1.3));
#11083=CARTESIAN_POINT('Origin',(-5.76073745581436,-19.7457189297504,1.5));
#11084=CARTESIAN_POINT('',(-5.76073745581436,-19.7457189297504,1.5));
#11085=CARTESIAN_POINT('',(-5.68733243821616,-20.2525422955303,1.5));
#11086=CARTESIAN_POINT('',(-4.15702751213364,-30.8184997557148,1.5));
#11087=CARTESIAN_POINT('',(-5.76073745581436,-19.7457189297504,1.3));
#11088=CARTESIAN_POINT('',(-5.76073745581436,-19.7457189297504,1.5));
#11089=CARTESIAN_POINT('',(-5.68733243821616,-20.2525422955303,1.3));
#11090=CARTESIAN_POINT('',(-5.76073745581436,-19.7457189297504,1.3));
#11091=CARTESIAN_POINT('',(-5.68733243821616,-20.2525422955303,1.5));
#11092=CARTESIAN_POINT('Origin',(-7.19527505626285,-20.2678479162493,1.5));
#11093=CARTESIAN_POINT('',(-7.19527505626285,-20.2678479162493,1.5));
#11094=CARTESIAN_POINT('',(6.48552033107331,-15.2884456141726,1.5));
#11095=CARTESIAN_POINT('',(-7.19527505626285,-20.2678479162493,1.3));
#11096=CARTESIAN_POINT('',(-7.19527505626285,-20.2678479162493,1.5));
#11097=CARTESIAN_POINT('',(-7.19527505626285,-20.2678479162493,1.3));
#11098=CARTESIAN_POINT('Origin',(-7.55950081023646,-17.7414224121927,1.5));
#11099=CARTESIAN_POINT('',(-7.55950081023646,-17.7414224121927,1.5));
#11100=CARTESIAN_POINT('',(-5.80471154079578,-29.9133908032064,1.5));
#11101=CARTESIAN_POINT('',(-7.55950081023646,-17.7414224121927,1.3));
#11102=CARTESIAN_POINT('',(-7.55950081023646,-17.7414224121927,1.5));
#11103=CARTESIAN_POINT('',(-7.55950081023646,-17.7414224121927,1.3));
#11104=CARTESIAN_POINT('Origin',(-8.1383156150753,-17.9520937723066,1.5));
#11105=CARTESIAN_POINT('',(-8.1383156150753,-17.9520937723066,1.5));
#11106=CARTESIAN_POINT('',(5.58670813919084,-12.9565936611572,1.5));
#11107=CARTESIAN_POINT('',(-8.1383156150753,-17.9520937723066,1.3));
#11108=CARTESIAN_POINT('',(-8.1383156150753,-17.9520937723066,1.5));
#11109=CARTESIAN_POINT('',(-8.1383156150753,-17.9520937723066,1.3));
#11110=CARTESIAN_POINT('Origin',(-7.70260772085296,-20.9860425122625,1.5));
#11111=CARTESIAN_POINT('',(-7.70260772085296,-20.9860425122625,1.5));
#11112=CARTESIAN_POINT('',(-6.18260100387,-31.5702493280371,1.5));
#11113=CARTESIAN_POINT('',(-7.70260772085296,-20.9860425122625,1.3));
#11114=CARTESIAN_POINT('',(-7.70260772085296,-20.9860425122625,1.5));
#11115=CARTESIAN_POINT('',(-7.70260772085296,-20.9860425122625,1.3));
#11116=CARTESIAN_POINT('Origin',(-5.68733243821616,-20.2525422955303,1.5));
#11117=CARTESIAN_POINT('',(7.32522996299488,-15.5163569099579,1.5));
#11118=CARTESIAN_POINT('',(-5.68733243821616,-20.2525422955303,1.3));
#11119=CARTESIAN_POINT('Origin',(2.26422784695935,-21.1174146568875,1.3));
#11120=CARTESIAN_POINT('Origin',(29.948,-37.184,1.5));
#11121=CARTESIAN_POINT('Origin',(29.948,-37.184,1.5));
#11122=CARTESIAN_POINT('Origin',(29.948,-37.184,1.5));
#11123=CARTESIAN_POINT('Origin',(29.948,-37.184,1.5));
#11124=CARTESIAN_POINT('Origin',(29.948,-37.184,1.5));
#11125=CARTESIAN_POINT('Origin',(29.948,-37.184,1.5));
#11126=CARTESIAN_POINT('Origin',(29.948,-37.184,1.5));
#11127=CARTESIAN_POINT('Origin',(29.948,-37.184,1.5));
#11128=CARTESIAN_POINT('Origin',(-8.302,-9.434,0.));
#11129=CARTESIAN_POINT('',(-13.802,-9.434,1.5));
#11130=CARTESIAN_POINT('',(-8.302,-3.934,1.5));
#11131=CARTESIAN_POINT('Origin',(-8.302,-9.434,1.5));
#11132=CARTESIAN_POINT('',(-8.302,-3.934,0.));
#11133=CARTESIAN_POINT('',(-8.302,-3.934,0.));
#11134=CARTESIAN_POINT('',(-13.802,-9.434,0.));
#11135=CARTESIAN_POINT('Origin',(-8.302,-9.434,0.));
#11136=CARTESIAN_POINT('',(-13.802,-9.434,0.));
#11137=CARTESIAN_POINT('Origin',(-13.802,-3.934,0.));
#11138=CARTESIAN_POINT('',(-13.802,-67.434,0.));
#11139=CARTESIAN_POINT('',(-13.802,-70.434,0.));
#11140=CARTESIAN_POINT('',(-13.802,-67.434,1.5));
#11141=CARTESIAN_POINT('',(-13.802,-67.434,0.));
#11142=CARTESIAN_POINT('',(-13.802,-70.434,1.5));
#11143=CARTESIAN_POINT('Origin',(29.948,-37.184,0.));
#11144=CARTESIAN_POINT('',(38.121,-3.934,0.));
#11145=CARTESIAN_POINT('',(-13.802,-3.934,0.));
#11146=CARTESIAN_POINT('',(38.121,-34.934,0.));
#11147=CARTESIAN_POINT('',(38.121,-34.934,0.));
#11148=CARTESIAN_POINT('',(56.621,-34.934,0.));
#11149=CARTESIAN_POINT('',(56.621,-34.934,0.));
#11150=CARTESIAN_POINT('',(56.621,-3.934,0.));
#11151=CARTESIAN_POINT('',(56.621,-3.934,0.));
#11152=CARTESIAN_POINT('',(70.698,-3.934,0.));
#11153=CARTESIAN_POINT('',(-13.802,-3.934,0.));
#11154=CARTESIAN_POINT('',(73.698,-6.934,0.));
#11155=CARTESIAN_POINT('Origin',(70.698,-6.934,0.));
#11156=CARTESIAN_POINT('',(73.698,-64.934,0.));
#11157=CARTESIAN_POINT('',(73.698,-3.934,0.));
#11158=CARTESIAN_POINT('',(68.198,-70.434,0.));
#11159=CARTESIAN_POINT('Origin',(68.198,-64.934,0.));
#11160=CARTESIAN_POINT('',(-10.802,-70.434,0.));
#11161=CARTESIAN_POINT('',(73.698,-70.434,0.));
#11162=CARTESIAN_POINT('Origin',(-10.802,-67.434,0.));
#11163=CARTESIAN_POINT('',(2.525,-41.125,0.));
#11164=CARTESIAN_POINT('',(3.025,-40.625,0.));
#11165=CARTESIAN_POINT('Origin',(3.025,-41.125,0.));
#11166=CARTESIAN_POINT('',(2.525,-54.125,0.));
#11167=CARTESIAN_POINT('',(2.525,-41.125,0.));
#11168=CARTESIAN_POINT('',(3.025,-54.625,0.));
#11169=CARTESIAN_POINT('Origin',(3.025,-54.125,0.));
#11170=CARTESIAN_POINT('',(16.025,-54.625,0.));
#11171=CARTESIAN_POINT('',(3.025,-54.625,0.));
#11172=CARTESIAN_POINT('',(16.525,-54.125,0.));
#11173=CARTESIAN_POINT('Origin',(16.025,-54.125,0.));
#11174=CARTESIAN_POINT('',(16.525,-41.125,0.));
#11175=CARTESIAN_POINT('',(16.525,-41.125,0.));
#11176=CARTESIAN_POINT('',(16.025,-40.625,0.));
#11177=CARTESIAN_POINT('Origin',(16.025,-41.125,0.));
#11178=CARTESIAN_POINT('',(3.025,-40.625,0.));
#11179=CARTESIAN_POINT('',(-10.502,-8.934,0.));
#11180=CARTESIAN_POINT('Origin',(-8.802,-8.934,0.));
#11181=CARTESIAN_POINT('',(-10.502,-65.434,0.));
#11182=CARTESIAN_POINT('Origin',(-8.802,-65.434,0.));
#11183=CARTESIAN_POINT('',(40.625,-41.125,0.));
#11184=CARTESIAN_POINT('',(41.125,-40.625,0.));
#11185=CARTESIAN_POINT('Origin',(41.125,-41.125,0.));
#11186=CARTESIAN_POINT('',(40.625,-54.125,0.));
#11187=CARTESIAN_POINT('',(40.625,-41.125,0.));
#11188=CARTESIAN_POINT('',(41.125,-54.625,0.));
#11189=CARTESIAN_POINT('Origin',(41.125,-54.125,0.));
#11190=CARTESIAN_POINT('',(54.125,-54.625,0.));
#11191=CARTESIAN_POINT('',(41.125,-54.625,0.));
#11192=CARTESIAN_POINT('',(54.625,-54.125,0.));
#11193=CARTESIAN_POINT('Origin',(54.125,-54.125,0.));
#11194=CARTESIAN_POINT('',(54.625,-41.125,0.));
#11195=CARTESIAN_POINT('',(54.625,-41.125,0.));
#11196=CARTESIAN_POINT('',(54.125,-40.625,0.));
#11197=CARTESIAN_POINT('Origin',(54.125,-41.125,0.));
#11198=CARTESIAN_POINT('',(41.125,-40.625,0.));
#11199=CARTESIAN_POINT('',(66.998,-8.934,0.));
#11200=CARTESIAN_POINT('Origin',(68.698,-8.934,0.));
#11201=CARTESIAN_POINT('',(21.575,-41.125,0.));
#11202=CARTESIAN_POINT('',(22.075,-40.625,0.));
#11203=CARTESIAN_POINT('Origin',(22.075,-41.125,0.));
#11204=CARTESIAN_POINT('',(21.575,-54.125,0.));
#11205=CARTESIAN_POINT('',(21.575,-41.125,0.));
#11206=CARTESIAN_POINT('',(22.075,-54.625,0.));
#11207=CARTESIAN_POINT('Origin',(22.075,-54.125,0.));
#11208=CARTESIAN_POINT('',(35.075,-54.625,0.));
#11209=CARTESIAN_POINT('',(22.075,-54.625,0.));
#11210=CARTESIAN_POINT('',(35.575,-54.125,0.));
#11211=CARTESIAN_POINT('Origin',(35.075,-54.125,0.));
#11212=CARTESIAN_POINT('',(35.575,-41.125,0.));
#11213=CARTESIAN_POINT('',(35.575,-41.125,0.));
#11214=CARTESIAN_POINT('',(35.075,-40.625,0.));
#11215=CARTESIAN_POINT('Origin',(35.075,-41.125,0.));
#11216=CARTESIAN_POINT('',(22.075,-40.625,0.));
#11217=CARTESIAN_POINT('',(21.575,-22.075,0.));
#11218=CARTESIAN_POINT('',(22.075,-21.575,0.));
#11219=CARTESIAN_POINT('Origin',(22.075,-22.075,0.));
#11220=CARTESIAN_POINT('',(21.575,-35.075,0.));
#11221=CARTESIAN_POINT('',(21.575,-22.075,0.));
#11222=CARTESIAN_POINT('',(22.075,-35.575,0.));
#11223=CARTESIAN_POINT('Origin',(22.075,-35.075,0.));
#11224=CARTESIAN_POINT('',(35.075,-35.575,0.));
#11225=CARTESIAN_POINT('',(22.075,-35.575,0.));
#11226=CARTESIAN_POINT('',(35.575,-35.075,0.));
#11227=CARTESIAN_POINT('Origin',(35.075,-35.075,0.));
#11228=CARTESIAN_POINT('',(35.575,-22.075,0.));
#11229=CARTESIAN_POINT('',(35.575,-22.075,0.));
#11230=CARTESIAN_POINT('',(35.075,-21.575,0.));
#11231=CARTESIAN_POINT('Origin',(35.075,-22.075,0.));
#11232=CARTESIAN_POINT('',(22.075,-21.575,0.));
#11233=CARTESIAN_POINT('',(66.998,-65.434,0.));
#11234=CARTESIAN_POINT('Origin',(68.698,-65.434,0.));
#11235=CARTESIAN_POINT('Origin',(68.198,-64.934,0.));
#11236=CARTESIAN_POINT('',(73.698,-64.934,1.5));
#11237=CARTESIAN_POINT('',(68.198,-70.434,1.5));
#11238=CARTESIAN_POINT('Origin',(68.198,-64.934,1.5));
#11239=CARTESIAN_POINT('',(68.198,-70.434,0.));
#11240=CARTESIAN_POINT('',(73.698,-64.934,0.));
#11241=CARTESIAN_POINT('Origin',(-13.802,-70.434,0.));
#11242=CARTESIAN_POINT('',(-10.802,-70.434,1.5));
#11243=CARTESIAN_POINT('',(73.698,-70.434,1.5));
#11244=CARTESIAN_POINT('',(-10.802,-70.434,0.));
#11245=CARTESIAN_POINT('Origin',(-10.802,-67.434,0.));
#11246=CARTESIAN_POINT('Origin',(-10.802,-67.434,1.5));
#11247=CARTESIAN_POINT('Origin',(70.698,-6.934,0.));
#11248=CARTESIAN_POINT('',(70.698,-3.934,1.5));
#11249=CARTESIAN_POINT('',(73.698,-6.934,1.5));
#11250=CARTESIAN_POINT('Origin',(70.698,-6.934,1.5));
#11251=CARTESIAN_POINT('',(73.698,-6.934,0.));
#11252=CARTESIAN_POINT('',(70.698,-3.934,0.));
#11253=CARTESIAN_POINT('Origin',(73.698,-70.434,0.));
#11254=CARTESIAN_POINT('',(73.698,-3.934,1.5));
#11255=CARTESIAN_POINT('Origin',(68.698,-65.434,0.));
#11256=CARTESIAN_POINT('',(66.998,-65.434,1.5));
#11257=CARTESIAN_POINT('Origin',(68.698,-65.434,1.5));
#11258=CARTESIAN_POINT('',(66.998,-65.434,0.));
#11259=CARTESIAN_POINT('Origin',(21.575,-35.075,0.));
#11260=CARTESIAN_POINT('',(21.575,-22.075,1.5));
#11261=CARTESIAN_POINT('',(21.575,-22.075,0.));
#11262=CARTESIAN_POINT('',(21.575,-35.075,1.5));
#11263=CARTESIAN_POINT('',(21.575,-22.075,1.5));
#11264=CARTESIAN_POINT('',(21.575,-35.075,0.));
#11265=CARTESIAN_POINT('Origin',(22.075,-35.075,0.));
#11266=CARTESIAN_POINT('',(22.075,-35.575,1.5));
#11267=CARTESIAN_POINT('Origin',(22.075,-35.075,1.5));
#11268=CARTESIAN_POINT('',(22.075,-35.575,0.));
#11269=CARTESIAN_POINT('Origin',(35.075,-35.575,0.));
#11270=CARTESIAN_POINT('',(35.075,-35.575,1.5));
#11271=CARTESIAN_POINT('',(22.075,-35.575,1.5));
#11272=CARTESIAN_POINT('',(35.075,-35.575,0.));
#11273=CARTESIAN_POINT('Origin',(35.075,-35.075,0.));
#11274=CARTESIAN_POINT('',(35.575,-35.075,1.5));
#11275=CARTESIAN_POINT('Origin',(35.075,-35.075,1.5));
#11276=CARTESIAN_POINT('',(35.575,-35.075,0.));
#11277=CARTESIAN_POINT('Origin',(35.575,-22.075,0.));
#11278=CARTESIAN_POINT('',(35.575,-22.075,1.5));
#11279=CARTESIAN_POINT('',(35.575,-22.075,1.5));
#11280=CARTESIAN_POINT('',(35.575,-22.075,0.));
#11281=CARTESIAN_POINT('Origin',(35.075,-22.075,0.));
#11282=CARTESIAN_POINT('',(35.075,-21.575,1.5));
#11283=CARTESIAN_POINT('Origin',(35.075,-22.075,1.5));
#11284=CARTESIAN_POINT('',(35.075,-21.575,0.));
#11285=CARTESIAN_POINT('Origin',(22.075,-21.575,0.));
#11286=CARTESIAN_POINT('',(22.075,-21.575,1.5));
#11287=CARTESIAN_POINT('',(22.075,-21.575,1.5));
#11288=CARTESIAN_POINT('',(22.075,-21.575,0.));
#11289=CARTESIAN_POINT('Origin',(22.075,-22.075,0.));
#11290=CARTESIAN_POINT('Origin',(22.075,-22.075,1.5));
#11291=CARTESIAN_POINT('Origin',(21.575,-54.125,0.));
#11292=CARTESIAN_POINT('',(21.575,-41.125,1.5));
#11293=CARTESIAN_POINT('',(21.575,-41.125,0.));
#11294=CARTESIAN_POINT('',(21.575,-54.125,1.5));
#11295=CARTESIAN_POINT('',(21.575,-41.125,1.5));
#11296=CARTESIAN_POINT('',(21.575,-54.125,0.));
#11297=CARTESIAN_POINT('Origin',(22.075,-54.125,0.));
#11298=CARTESIAN_POINT('',(22.075,-54.625,1.5));
#11299=CARTESIAN_POINT('Origin',(22.075,-54.125,1.5));
#11300=CARTESIAN_POINT('',(22.075,-54.625,0.));
#11301=CARTESIAN_POINT('Origin',(35.075,-54.625,0.));
#11302=CARTESIAN_POINT('',(35.075,-54.625,1.5));
#11303=CARTESIAN_POINT('',(22.075,-54.625,1.5));
#11304=CARTESIAN_POINT('',(35.075,-54.625,0.));
#11305=CARTESIAN_POINT('Origin',(35.075,-54.125,0.));
#11306=CARTESIAN_POINT('',(35.575,-54.125,1.5));
#11307=CARTESIAN_POINT('Origin',(35.075,-54.125,1.5));
#11308=CARTESIAN_POINT('',(35.575,-54.125,0.));
#11309=CARTESIAN_POINT('Origin',(35.575,-41.125,0.));
#11310=CARTESIAN_POINT('',(35.575,-41.125,1.5));
#11311=CARTESIAN_POINT('',(35.575,-41.125,1.5));
#11312=CARTESIAN_POINT('',(35.575,-41.125,0.));
#11313=CARTESIAN_POINT('Origin',(35.075,-41.125,0.));
#11314=CARTESIAN_POINT('',(35.075,-40.625,1.5));
#11315=CARTESIAN_POINT('Origin',(35.075,-41.125,1.5));
#11316=CARTESIAN_POINT('',(35.075,-40.625,0.));
#11317=CARTESIAN_POINT('Origin',(22.075,-40.625,0.));
#11318=CARTESIAN_POINT('',(22.075,-40.625,1.5));
#11319=CARTESIAN_POINT('',(22.075,-40.625,1.5));
#11320=CARTESIAN_POINT('',(22.075,-40.625,0.));
#11321=CARTESIAN_POINT('Origin',(22.075,-41.125,0.));
#11322=CARTESIAN_POINT('Origin',(22.075,-41.125,1.5));
#11323=CARTESIAN_POINT('Origin',(68.698,-8.934,0.));
#11324=CARTESIAN_POINT('',(66.998,-8.934,1.5));
#11325=CARTESIAN_POINT('Origin',(68.698,-8.934,1.5));
#11326=CARTESIAN_POINT('',(66.998,-8.934,0.));
#11327=CARTESIAN_POINT('Origin',(40.625,-54.125,0.));
#11328=CARTESIAN_POINT('',(40.625,-41.125,1.5));
#11329=CARTESIAN_POINT('',(40.625,-41.125,0.));
#11330=CARTESIAN_POINT('',(40.625,-54.125,1.5));
#11331=CARTESIAN_POINT('',(40.625,-41.125,1.5));
#11332=CARTESIAN_POINT('',(40.625,-54.125,0.));
#11333=CARTESIAN_POINT('Origin',(41.125,-54.125,0.));
#11334=CARTESIAN_POINT('',(41.125,-54.625,1.5));
#11335=CARTESIAN_POINT('Origin',(41.125,-54.125,1.5));
#11336=CARTESIAN_POINT('',(41.125,-54.625,0.));
#11337=CARTESIAN_POINT('Origin',(54.125,-54.625,0.));
#11338=CARTESIAN_POINT('',(54.125,-54.625,1.5));
#11339=CARTESIAN_POINT('',(41.125,-54.625,1.5));
#11340=CARTESIAN_POINT('',(54.125,-54.625,0.));
#11341=CARTESIAN_POINT('Origin',(54.125,-54.125,0.));
#11342=CARTESIAN_POINT('',(54.625,-54.125,1.5));
#11343=CARTESIAN_POINT('Origin',(54.125,-54.125,1.5));
#11344=CARTESIAN_POINT('',(54.625,-54.125,0.));
#11345=CARTESIAN_POINT('Origin',(54.625,-41.125,0.));
#11346=CARTESIAN_POINT('',(54.625,-41.125,1.5));
#11347=CARTESIAN_POINT('',(54.625,-41.125,1.5));
#11348=CARTESIAN_POINT('',(54.625,-41.125,0.));
#11349=CARTESIAN_POINT('Origin',(54.125,-41.125,0.));
#11350=CARTESIAN_POINT('',(54.125,-40.625,1.5));
#11351=CARTESIAN_POINT('Origin',(54.125,-41.125,1.5));
#11352=CARTESIAN_POINT('',(54.125,-40.625,0.));
#11353=CARTESIAN_POINT('Origin',(41.125,-40.625,0.));
#11354=CARTESIAN_POINT('',(41.125,-40.625,1.5));
#11355=CARTESIAN_POINT('',(41.125,-40.625,1.5));
#11356=CARTESIAN_POINT('',(41.125,-40.625,0.));
#11357=CARTESIAN_POINT('Origin',(41.125,-41.125,0.));
#11358=CARTESIAN_POINT('Origin',(41.125,-41.125,1.5));
#11359=CARTESIAN_POINT('Origin',(-8.802,-65.434,0.));
#11360=CARTESIAN_POINT('',(-10.502,-65.434,1.5));
#11361=CARTESIAN_POINT('Origin',(-8.802,-65.434,1.5));
#11362=CARTESIAN_POINT('',(-10.502,-65.434,0.));
#11363=CARTESIAN_POINT('Origin',(-8.802,-8.934,0.));
#11364=CARTESIAN_POINT('',(-10.502,-8.934,1.5));
#11365=CARTESIAN_POINT('Origin',(-8.802,-8.934,1.5));
#11366=CARTESIAN_POINT('',(-10.502,-8.934,0.));
#11367=CARTESIAN_POINT('Origin',(2.525,-54.125,0.));
#11368=CARTESIAN_POINT('',(2.525,-41.125,1.5));
#11369=CARTESIAN_POINT('',(2.525,-41.125,0.));
#11370=CARTESIAN_POINT('',(2.525,-54.125,1.5));
#11371=CARTESIAN_POINT('',(2.525,-41.125,1.5));
#11372=CARTESIAN_POINT('',(2.525,-54.125,0.));
#11373=CARTESIAN_POINT('Origin',(3.025,-54.125,0.));
#11374=CARTESIAN_POINT('',(3.025,-54.625,1.5));
#11375=CARTESIAN_POINT('Origin',(3.025,-54.125,1.5));
#11376=CARTESIAN_POINT('',(3.025,-54.625,0.));
#11377=CARTESIAN_POINT('Origin',(16.025,-54.625,0.));
#11378=CARTESIAN_POINT('',(16.025,-54.625,1.5));
#11379=CARTESIAN_POINT('',(3.025,-54.625,1.5));
#11380=CARTESIAN_POINT('',(16.025,-54.625,0.));
#11381=CARTESIAN_POINT('Origin',(16.025,-54.125,0.));
#11382=CARTESIAN_POINT('',(16.525,-54.125,1.5));
#11383=CARTESIAN_POINT('Origin',(16.025,-54.125,1.5));
#11384=CARTESIAN_POINT('',(16.525,-54.125,0.));
#11385=CARTESIAN_POINT('Origin',(16.525,-41.125,0.));
#11386=CARTESIAN_POINT('',(16.525,-41.125,1.5));
#11387=CARTESIAN_POINT('',(16.525,-41.125,1.5));
#11388=CARTESIAN_POINT('',(16.525,-41.125,0.));
#11389=CARTESIAN_POINT('Origin',(16.025,-41.125,0.));
#11390=CARTESIAN_POINT('',(16.025,-40.625,1.5));
#11391=CARTESIAN_POINT('Origin',(16.025,-41.125,1.5));
#11392=CARTESIAN_POINT('',(16.025,-40.625,0.));
#11393=CARTESIAN_POINT('Origin',(3.025,-40.625,0.));
#11394=CARTESIAN_POINT('',(3.025,-40.625,1.5));
#11395=CARTESIAN_POINT('',(3.025,-40.625,1.5));
#11396=CARTESIAN_POINT('',(3.025,-40.625,0.));
#11397=CARTESIAN_POINT('Origin',(3.025,-41.125,0.));
#11398=CARTESIAN_POINT('Origin',(3.025,-41.125,1.5));
#11399=CARTESIAN_POINT('Origin',(73.698,-3.934,0.));
#11400=CARTESIAN_POINT('',(56.621,-3.934,1.5));
#11401=CARTESIAN_POINT('',(56.621,-3.934,0.));
#11402=CARTESIAN_POINT('',(-13.802,-3.934,1.5));
#11403=CARTESIAN_POINT('Origin',(38.121,-3.934,0.));
#11404=CARTESIAN_POINT('',(38.121,-3.934,1.5));
#11405=CARTESIAN_POINT('',(-13.802,-3.934,1.5));
#11406=CARTESIAN_POINT('',(38.121,-3.934,0.));
#11407=CARTESIAN_POINT('Origin',(38.121,-34.934,0.));
#11408=CARTESIAN_POINT('',(38.121,-34.934,1.5));
#11409=CARTESIAN_POINT('',(38.121,-34.934,1.5));
#11410=CARTESIAN_POINT('',(38.121,-34.934,0.));
#11411=CARTESIAN_POINT('Origin',(56.621,-34.934,0.));
#11412=CARTESIAN_POINT('',(56.621,-34.934,1.5));
#11413=CARTESIAN_POINT('',(56.621,-34.934,1.5));
#11414=CARTESIAN_POINT('',(56.621,-34.934,0.));
#11415=CARTESIAN_POINT('Origin',(56.621,-3.934,0.));
#11416=CARTESIAN_POINT('',(56.621,-3.934,1.5));
#11417=CARTESIAN_POINT('Origin',(29.948,-37.184,1.5));
#11418=UNCERTAINTY_MEASURE_WITH_UNIT(LENGTH_MEASURE(0.01),#11422,
'DISTANCE_ACCURACY_VALUE',
'Maximum model space distance between geometric entities at asserted c
onnectivities');
#11419=UNCERTAINTY_MEASURE_WITH_UNIT(LENGTH_MEASURE(0.01),#11422,
'DISTANCE_ACCURACY_VALUE',
'Maximum model space distance between geometric entities at asserted c
onnectivities');
#11420=(
GEOMETRIC_REPRESENTATION_CONTEXT(3)
GLOBAL_UNCERTAINTY_ASSIGNED_CONTEXT((#11418))
GLOBAL_UNIT_ASSIGNED_CONTEXT((#11422,#11424,#11425))
REPRESENTATION_CONTEXT('','3D')
);
#11421=(
GEOMETRIC_REPRESENTATION_CONTEXT(3)
GLOBAL_UNCERTAINTY_ASSIGNED_CONTEXT((#11419))
GLOBAL_UNIT_ASSIGNED_CONTEXT((#11422,#11424,#11425))
REPRESENTATION_CONTEXT('','3D')
);
#11422=(
LENGTH_UNIT()
NAMED_UNIT(*)
SI_UNIT(.MILLI.,.METRE.)
);
#11423=(
LENGTH_UNIT()
NAMED_UNIT(*)
SI_UNIT($,.METRE.)
);
#11424=(
NAMED_UNIT(*)
PLANE_ANGLE_UNIT()
SI_UNIT($,.RADIAN.)
);
#11425=(
NAMED_UNIT(*)
SI_UNIT($,.STERADIAN.)
SOLID_ANGLE_UNIT()
);
#11426=SHAPE_DEFINITION_REPRESENTATION(#11427,#11428);
#11427=PRODUCT_DEFINITION_SHAPE('',$,#11430);
#11428=SHAPE_REPRESENTATION('',(#6566),#11420);
#11429=PRODUCT_DEFINITION_CONTEXT('part definition',#11434,'design');
#11430=PRODUCT_DEFINITION('2026-08-29-12-55-33-077','hackpad top',#11431,
#11429);
#11431=PRODUCT_DEFINITION_FORMATION('',$,#11436);
#11432=PRODUCT_RELATED_PRODUCT_CATEGORY('hackpad top','hackpad top',(#11436));
#11433=APPLICATION_PROTOCOL_DEFINITION('international standard',
'automotive_design',2009,#11434);
#11434=APPLICATION_CONTEXT(
'Core Data for Automotive Mechanical Design Process');
#11435=PRODUCT_CONTEXT('part definition',#11434,'mechanical');
#11436=PRODUCT('2026-08-29-12-55-33-077','hackpad top',$,(#11435));
#11437=PRESENTATION_STYLE_ASSIGNMENT((#11438));
#11438=SURFACE_STYLE_USAGE(.BOTH.,#11439);
#11439=SURFACE_SIDE_STYLE('',(#11440));
#11440=SURFACE_STYLE_FILL_AREA(#11441);
#11441=FILL_AREA_STYLE('Steel - Satin',(#11442));
#11442=FILL_AREA_STYLE_COLOUR('Steel - Satin',#11443);
#11443=COLOUR_RGB('Steel - Satin',0.627450980392157,0.627450980392157,0.627450980392157);
ENDSEC;
END-ISO-10303-21;
